MPC,a,sigma_a,e,sigma_e,i,sigma_i,aop,sigma_aop,lan,sigma_lan,T_p,sigma_T,q,sigma_q,d,sigma_d,delta,sigma_delta,m_r,sigma_m_r,NUNIQUE,NDETECT,CHI2,x,y,z,vx,vy,vz,Sigma_x_x,Sigma_x_y,Sigma_x_z,Sigma_x_vx,Sigma_x_vy,Sigma_x_vz,Sigma_y_y,Sigma_y_z,Sigma_y_vx,Sigma_y_vy,Sigma_y_vz,Sigma_z_z,Sigma_z_vx,Sigma_z_vy,Sigma_z_vz,Sigma_vx_vx,Sigma_vx_vy,Sigma_vx_vz,Sigma_vy_vy,Sigma_vy_vz,Sigma_vz_vz,Class,Notes,H_g,sig_g,H_r,sig_r,H_i,sig_i,H_z,sig_z,g-r,r-i,r-z
b'1997 RT5',41.30493934,0.00193741,0.02570883,4.397e-05,12.7336892,0.00010052,18.62136958,0.27656068,163.75249874,0.0002,104395.31292273,80.60194276,40.243037707640035,0.0003840579075426996,42.42337978,0.00052528,42.36243329,0.0005131,23.43453625,0.06511927,11,14,24.92336,41.886293924,6.173221055,-1.4161488491,-0.1320766857,0.924752488,0.1914001302,2.6914772545452064e-07,4.1794072409403694e-08,-9.77327387718305e-09,4.090171865318033e-08,1.20019461215846e-08,-4.5368500111692303e-10,6.610523655856721e-09,-1.4983359911071307e-09,7.295717622731743e-09,2.005774535184629e-09,-1.0573094817057913e-10,3.7398487625926005e-10,-1.3107803215434558e-09,-4.0947389072398135e-10,9.398520827929059e-12,1.4717766567232193e-08,3.1073471706237703e-09,-3.86640541322822e-10,7.31948399157148e-10,-6.820354380854278e-11,1.5589103418241052e-11,b'Classical',b'',7.691142813323536,0.10747087054386814,7.041844097858489,0.0755849279614205,6.7114883641448895,0.06947907555575722,6.721296183006482,0.1113155638799088,0.6492987154650472,0.33035573371360183,0.32054791485201
b'1999 RB216',47.54693131,0.00102254,0.29236585,1.278e-05,12.68793084,5.036e-05,208.67885604,0.00770772,175.72386303,0.00013499,56776.39067755,1.34016249,33.645832429571826,0.0013304629165758744,33.38326075,0.00010554,33.66016217,8.53e-05,22.41803573,0.02364225,18,30,29.91334,29.7100105434,15.625777331,2.4813048017,-0.5635070399,1.0742552597,0.2140398547,8.666936322466563e-09,4.580950872673932e-09,7.012413693476835e-10,-3.735756918505895e-10,2.2503048919251674e-10,5.0117576587005614e-11,2.426790398839157e-09,3.7113715945010655e-10,-1.562348979158427e-10,1.3990862351469483e-10,2.945155169210452e-11,5.993660340614423e-11,-2.1236682207012314e-11,2.2470320260784054e-11,6.024985714223725e-12,1.149519861591511e-09,5.185477314427252e-10,7.725620542109935e-11,2.540229302567915e-10,3.839322150395631e-11,7.440391596909825e-12,b'Resonant 2:1',b'',7.885743005295664,0.0464798083272893,7.084024978221171,0.03191642022415265,6.7667709362291735,0.033188260806347146,6.652716124349299,0.04755483996126325,0.8017180270744917,0.31725404199199775,0.4313088538718727
b'1999 RG215',46.39353702,0.00407033,0.07109221,0.00017478,0.24203434,0.0001111,114.15700339,0.11789296,292.38916861,0.05999675,71219.18380948,26.01129649,43.09531807268823,0.01117115465670002,44.28522997,0.0006896,44.10663725,0.00068817,23.75095743,0.09119263,8,9,20.08863,44.0619949874,-1.8808191669,-0.6313214634,-0.00628987,0.8890967165,0.3871442706,4.745329800060349e-07,-2.778330161928806e-08,-1.0031127559460105e-08,-3.765397944979831e-08,1.369348082397816e-08,5.800840172107498e-09,1.9610475049475277e-09,6.998546703049812e-10,5.12662179915259e-09,-9.858973647049813e-10,-3.9665840191599515e-10,3.367330696758132e-10,2.0697901776456237e-09,-3.594382198663003e-10,-1.7088487200923876e-10,3.608769606926016e-08,-2.9027964296364744e-09,-1.1054112489459e-09,5.169197702453862e-10,2.0281086846771713e-10,1.0535494398802582e-10,b'Classical',b'',8.168538506884877,0.15859775486747038,7.264396704058855,0.12310637953647648,7.0322455596363,0.12831694992111492,6.464820470015303,0.21456327672015912,0.9041418028260239,0.23215114442255907,0.7995762340435496
b'1999 RK215',39.38363198,0.00292529,0.13894426,0.00018285,11.46171308,0.00017887,95.04110157,0.17443361,137.51867204,0.0028185,20383.21251697,55.5193837,33.91150256829676,0.00867409320573254,43.82514857,0.00109434,44.19126279,0.00086833,24.00547572,0.07796634,8,9,11.40454,38.5925800101,21.5260296876,0.3324473706,-0.3623432502,0.7673166952,0.2554513453,8.936868656696888e-07,5.213693013554341e-07,1.0102018058164372e-08,-3.192317357173256e-07,-1.8453399532394816e-07,-3.1870106402378455e-09,3.051681473155707e-07,6.0637259190755145e-09,-1.9120563434616825e-07,-1.1125728420385494e-07,-2.059939316416701e-09,4.917476222466334e-10,-5.086783315418086e-09,-3.0974934296566365e-09,-2.474777265095216e-10,1.580021026120308e-07,9.595375207993963e-08,2.8989048965773672e-09,5.873226142850304e-08,1.8617362046279525e-09,1.6174582254397963e-10,b'Resonant 3:2',"b'3,2,-4,0,1,0'",8.38275160520426,0.18832690350216985,7.6062689119386615,0.1351415925531904,7.379575083820216,0.1462256609449633,7.004428722448894,0.18833668608502954,0.7764826932655988,0.22669382811844901,0.6018401894897704
b'1999 RN215',43.1653078,0.00124325,0.07348575,8.621e-05,12.41009409,8.312e-05,102.5917587,0.09118942,140.65267938,0.00092212,17364.36146877,30.50115585,39.99327263452845,0.004060009100107399,45.37733078,0.00035128,45.6579436,0.00028101,23.27211858,0.0476267,15,23,36.56187,39.8493994257,22.2854634064,-0.1769173381,-0.3870159853,0.7782280711,0.2456979788,9.467961503774862e-08,5.2129390782802156e-08,-1.035141226412663e-09,-9.758389181039034e-09,-3.462519184159901e-09,5.263099358305838e-10,2.8728354106980296e-08,-5.684711479369437e-10,-5.065731506876994e-09,-1.7332465532452468e-09,2.8835209296918156e-10,2.6702390164665166e-11,1.7382496405388024e-10,7.67281294428953e-11,-9.703961144219982e-12,1.4467987766652338e-08,8.144257738150451e-09,-1.1843670941881156e-10,4.646089892881107e-09,-5.6389540088792014e-11,1.4353312928514724e-11,b'Classical',b'',7.705368482518841,0.10404847974778017,6.576231352545731,0.05197609985395054,6.174369941204274,0.04723748174161743,6.008817792090058,0.07054223419594967,1.129137129973112,0.40186141134145625,0.5674135604556713
b'2000 OL67',45.08684501,0.00192265,0.10949366,6.651e-05,1.9825321,8.021e-05,312.93876497,0.02133849,322.66383751,0.00153111,36501.43964221,3.95298056,40.15012121254555,0.0034513377525600317,43.9729748,0.00048014,43.73256919,0.00047701,23.34495687,0.0532304,16,25,50.57637,43.6074685852,-3.2653097922,-0.5138516826,0.1710293901,0.8590238276,0.4048186903,2.2883191385623635e-07,-1.963195381155012e-08,-3.7117279226835164e-09,-1.2841777005027032e-08,5.7661402435373415e-09,2.3818990788654823e-09,1.7171262838756896e-09,3.290703001548503e-10,1.3897070138872448e-09,-5.183019199352197e-10,-2.0831968422994647e-10,7.507048580183877e-11,3.419013855034248e-10,-1.0425655726635591e-10,-4.093594394014058e-11,4.346966291313716e-09,-6.144975355587972e-10,-1.8355499992300227e-10,1.7122847473936257e-10,6.403008910693446e-11,2.8069131872326126e-11,b'Classical',b'',7.941503032287832,0.120850370306817,6.922351127309286,0.06724573906380832,6.474230477863186,0.05633939719616344,6.336306642591792,0.09595847924413503,1.0191519049785436,0.44812064944610147,0.5860444847174953
b'2000 QC226',44.09590185,0.0024219,0.05253503,0.0003316,2.66047055,4.914e-05,206.02048521,0.29781714,99.72665855,0.00654436,43163.0548748,73.90290753,41.77932221951293,0.014769691063590717,42.75687287,0.00124043,42.61389541,0.00123735,23.20021709,0.05252221,12,16,22.59707,42.5513977359,-0.3756882145,-2.2762888412,0.0678243156,0.9004595287,0.3786531664,1.5355323054380437e-06,7.2400660279518864e-09,-7.512009553171743e-08,-4.5271900110681247e-07,3.6872296472340795e-09,2.462154626475546e-08,2.229536072407136e-10,-3.1432571985551817e-10,-3.835947266723698e-09,-1.3874234018954426e-10,1.5597447462004672e-10,3.788266770361945e-09,2.141117425244804e-08,-2.2736063173270892e-10,-1.2340099727751908e-09,1.645779381995581e-07,9.140926122840894e-10,-7.980906375372087e-09,1.6481465259224562e-10,1.2307082221288559e-11,4.386082450376768e-10,b'Classical',b'',7.937989420685232,0.16219281545835676,6.8816358613129065,0.07447292368970818,6.4818216347158195,0.08376339081549644,6.251289823887655,0.09004102527136532,1.0563535593723248,0.399814226597089,0.6303460374252519
b'2001 QE298',43.71324874,0.00473502,0.15532684,6.773e-05,3.65798881,0.00018386,10.67596966,0.05452957,7.75574511,0.00010688,58937.26044189,11.50345482,36.92340790764204,0.006909236720400674,36.94656774,0.00088701,36.96382628,0.00085745,23.28196193,0.05311604,12,16,30.94724,36.2705322239,6.4812607242,2.9607777175,-0.2326156821,0.9665944272,0.4961121933,7.629109020864345e-07,1.253478343738789e-07,5.77184762759943e-08,6.64961782217098e-08,2.876411764393049e-08,1.421043670878485e-08,2.063666618020995e-08,9.487427859169903e-09,1.122576798243989e-08,4.779961444794209e-09,2.3516496510982458e-09,4.402996312618735e-09,5.185329208304169e-09,2.1956740265487916e-09,1.1000725575174657e-09,1.8520768122291857e-08,4.090520427792883e-09,1.940531643601006e-09,1.2943888227686385e-09,6.232923814486174e-10,3.161645890410569e-10,b'Resonant 7:4',b'',8.557146818446027,0.10894687177511848,7.590179452616441,0.06234172828672641,7.337404676126338,0.09171466028383227,6.978360796066509,0.09389317367098214,0.9669673658295854,0.25277477649010227,0.6118186565499292
b'2001 QF298',39.37795977,0.0005322,0.11110883,9.49e-06,22.35193671,2.897e-05,42.19875387,0.01336022,164.1843418,2.876e-05,18990.2712684,3.65999282,35.0027206466574,0.0004975525223119435,43.48945026,0.00015674,43.37065705,0.00015332,21.63838405,0.00999236,18,28,34.92438,42.9112497478,4.5743653086,-4.3259357318,-0.0509923378,0.9029033203,0.0345493966,2.4006291788907187e-08,2.686643852636591e-09,-2.5040048668168527e-09,1.9350562521740347e-09,7.054758543642415e-10,-1.8885401826935242e-10,3.0411794267701057e-10,-2.8015056609622963e-10,2.528739480456792e-10,8.249591668200684e-11,-2.4966442457369764e-11,2.6197171093370875e-10,-2.0087221073515346e-10,-7.350205895615409e-11,1.955878354274947e-11,6.479478792694737e-10,1.0546889361435441e-10,-6.696353679941302e-11,2.575969078968892e-11,-1.0656220278087436e-11,7.156141053290344e-12,b'Resonant 3:2',"b'3,2,-7,0,1,0'",5.6809870971021486,0.024895027630100257,5.232070625092517,0.01873705309910867,5.117759278234955,0.022021256895459175,5.032190173091552,0.03950798790550137,0.44891647200963264,0.11431134685756396,0.19988045200096916
b'2001 QF331',42.25869881,0.00536889,0.25253941,0.00017112,2.67256091,0.0002709,249.48396574,0.05928315,156.77752851,0.00447733,62208.01313686,8.76846066,31.586711778202176,0.010928707480190054,32.31793448,0.00072895,32.43098905,0.00067576,22.83538359,0.056471,10,15,25.41187,31.0341403605,8.9792976229,2.8325601923,-0.4720378487,1.0530167287,0.4131528431,4.958977227687552e-07,1.2761598971200767e-07,3.836710799204558e-08,1.0720307512471724e-07,3.434741970952091e-08,1.0792815588955516e-08,3.2954942420357194e-08,9.886089873705257e-09,2.6197987270518755e-08,8.607767851810506e-09,2.694584772607494e-09,3.0521435114562782e-09,7.791555115846455e-09,2.552482043276988e-09,8.640991399340578e-10,8.827087465560428e-08,2.119038036584098e-08,6.277301631443422e-09,5.345108983470466e-09,1.5826965213515876e-09,5.265534723731418e-10,b'Resonant 5:3',b'',8.656460190858587,0.18561830583351957,7.511246488427242,0.22957842679801277,7.219816977160489,0.2318926945445327,7.24753644211482,0.3967517831414915,1.1452137024313433,0.2914295112667558,0.26371004631242567
b'2001 QG298',39.34073092,0.00376608,0.19248706,0.00020252,6.48959422,0.00021822,209.97857776,0.38900559,162.53652179,0.00152093,55659.76002374,64.2502371,31.768149422577995,0.010901725548277588,31.64653478,0.0012247,31.8522926,0.0010605,21.73185055,0.01723831,10,14,19.78909,29.3032665957,12.1810693838,2.7401932614,-0.4418435724,1.0768233429,0.3499897693,1.2946368908325079e-06,5.056623007816638e-07,1.0596088485588478e-07,1.394448567423984e-06,5.349912212122281e-07,1.112630462298181e-07,1.9752356697776804e-07,4.1387744090397504e-08,5.443895433823648e-07,2.0888472153695094e-07,4.3440149668304577e-08,8.690555761009461e-09,1.1406109278125551e-07,4.3763517511533086e-08,9.117259750682307e-09,1.575950853096297e-06,6.023168858975492e-07,1.2505952824982527e-07,2.3028611283733133e-07,4.781809766966136e-08,9.94496026531089e-09,b'Resonant 3:2',b'',7.518022712368959,0.10982131829352951,6.483812684777918,0.13456978346182108,6.116472579973459,0.13997559600048032,6.130231429109669,0.07465571570685935,1.0342100275910457,0.3673401048044519,0.3535812556682452
b'2001 QH298',39.38059507,0.00302215,0.10894925,0.00022466,6.71172717,0.0001354,169.35338347,0.04348194,129.45192743,0.002646,41090.20711674,5.69938063,35.090108760170764,0.01045127911355218,37.88363351,0.0005611,37.97987724,0.00051681,23.97277924,0.08200486,7,7,9.40037,36.3661906561,10.9485767443,0.3161000831,-0.1804210901,0.960248577,0.3510026732,2.889681280347118e-07,8.643152714404803e-08,1.5707847172321976e-09,-3.6347194584693566e-08,-9.658050721500572e-10,3.4083242125145476e-09,2.5996041249318242e-08,5.040094029040448e-10,-8.784916228472301e-09,3.526182657879323e-10,1.0376672834821565e-09,6.7362319168271e-11,5.652552835042557e-10,2.2953819183380233e-10,2.3854209586146276e-11,5.125955950002128e-08,1.4481781436041455e-08,-2.4404154719320085e-11,4.460328109774217e-09,1.1302874835834242e-10,8.020433681861246e-11,b'Resonant 3:2',"b'3,2,-2,0,1,0'",8.677819267011268,0.1355648336838105,8.162936943737305,0.10166007666981056,7.912988577009104,0.11688474654998136,7.952163933115271,0.1821199523266294,0.5148823232739619,0.2499483667282047,0.21077301062203804
b'2001 QO297',42.93266994,0.00104415,0.03656399,4.345e-05,1.1361109,6.037e-05,316.5340097,0.02944198,143.31083023,0.00280634,82976.41976742,8.06681507,41.36288016505223,0.002383780517910511,43.05596599,0.00024338,42.98212831,0.00024092,22.82030252,0.03411367,20,31,53.88378,42.7474500339,4.3106728667,1.239745727,-0.1341421162,0.8759861224,0.3650711175,5.8673933357924216e-08,5.520587784000073e-09,1.5145190230388046e-09,-2.069872966822503e-09,1.08400942076065e-09,4.769675067325903e-10,5.339204398759842e-10,1.4599559776096367e-10,-7.673391171605838e-11,1.1321798282911103e-10,4.798859266129986e-11,4.6650773929637105e-11,-4.559051339751627e-12,3.264534277195691e-11,1.3562272568132804e-11,1.7486029361046508e-09,1.216217407538839e-10,2.7316770563825378e-11,3.71941141819835e-11,1.3045210663138663e-11,6.933198152099833e-12,b'Classical',b'',7.375223509873072,0.06130717511287727,6.469099419878168,0.05337964733691585,6.122433562093091,0.06081643329178865,5.950448840564944,0.08092467153500406,0.906124089994909,0.34666585778507847,0.5186505793132219
b'2001 QP297',45.20285162,0.00158751,0.12055697,6.189e-05,1.43081516,2.277e-05,164.09123356,0.01190367,111.80984275,0.00431662,32778.76440349,3.27396904,39.75333288207484,0.003732896363939403,44.90366536,0.00032826,44.89492961,0.00031951,23.47983882,0.04739537,14,25,36.38453,44.2536835751,7.2995334383,1.9705345208,-0.0442032015,0.865927733,0.3670302989,1.0499513258021136e-07,1.6489593782821183e-08,4.270925883076216e-09,2.037570890007625e-09,2.4655600344947165e-09,9.90024887245922e-10,2.6194648295474823e-09,6.782436030550244e-10,5.584950712864475e-10,4.2453966228123075e-10,1.6567266501915824e-10,1.8890537075647412e-10,1.8389855930726374e-10,1.166376526474969e-10,4.3311256966903934e-11,3.2890638390716936e-09,5.730270339876582e-10,1.5776831501958216e-10,1.460729154528153e-10,4.566443665483184e-11,1.8467817242043117e-11,b'Classical',b'',7.82989155326854,0.10072268590076516,6.843225849709549,0.07049931914317167,6.488553559765942,0.07238363697995505,6.357296962782941,0.11222657076649506,0.9866657035589942,0.35467228994360395,0.48592888692660147
b'2001 QQ322',43.99033739,0.00085736,0.05176928,3.902e-05,3.95830524,2.15e-05,350.59114562,0.0294407,76.47808609,0.00105936,74960.60976555,7.09965956,41.71298910812057,0.001950229441570845,43.05312646,0.00020752,42.92185358,0.00020622,22.905098,0.02974858,22,35,61.3771,42.7885568118,2.8017052937,-1.8908644357,-0.0842452148,0.879058273,0.4043545062,4.279071019696306e-08,2.823157581796165e-09,-1.9389225671252908e-09,2.6911016949795407e-09,1.0723222707508898e-09,2.819394314737957e-10,1.9821219189121366e-10,-1.2488312558930764e-10,2.8219016973344453e-10,7.706514367825976e-11,1.3787801640082457e-11,9.441513782471722e-11,-7.482415624607079e-11,-4.5556718458725934e-11,-1.5368261943489372e-11,1.788654061003183e-09,1.715943226117298e-10,-5.678840320215635e-11,3.524252287952333e-11,2.2732352499365617e-12,6.955979691379214e-12,b'Classical',b'',7.539499103004276,0.08966400384258426,6.655531645387578,0.059656311591702905,6.224655608919123,0.05611126871015669,6.0902545591359445,0.0696698838101407,0.8839674576166922,0.43087603646845923,0.5652770862516356
b'2001 QS322',44.02389754,0.00181305,0.03874614,3.642e-05,0.24701538,9.772e-05,359.02803395,0.09624983,348.45798067,0.00780086,51910.83907442,26.14837673,42.31814126939941,0.0031709427807971678,42.4664091,0.0004031,42.41327809,0.00039692,23.45418037,0.04754466,16,23,44.3448,42.054531622,5.0265567593,2.2441603776,-0.1151145455,0.8939894918,0.3919775753,1.6021706569362033e-07,1.74170163346812e-08,7.799470502064845e-09,-1.8309016954618742e-09,3.3763546400351368e-09,1.478740567736711e-09,1.9431525130727655e-09,8.640267530481401e-10,1.8477922808391838e-10,4.1504381524247666e-10,1.8200811384133754e-10,3.998430448647682e-10,7.965223964726469e-11,1.8529494074163442e-10,8.174457350003774e-11,4.0518012582664816e-09,4.6054772693312024e-10,2.0599812825402584e-10,1.3615121898130052e-10,5.878734350598957e-11,2.912003724727977e-11,b'Classical',b'',8.025231847404966,0.12220284846569313,6.991493712790033,0.06859897283234608,6.64007818266146,0.08964394144072944,6.367711237606406,0.08644642299713147,1.0337381346149297,0.35141553012857274,0.6237824751836285
b'2002 PA149',43.59058928,0.00137936,0.17412072,5.366e-05,4.04951042,1.995e-05,153.11756489,0.00770057,105.57693829,0.00127764,32647.02742506,2.7132508,36.00056430717766,0.0031906006985498113,44.33881097,0.00027912,44.21644934,0.00027696,22.95716081,0.04005627,20,30,73.23279,44.0371280269,3.5553916328,-1.784639386,0.1078123962,0.865213019,0.3477871275,7.733104549486077e-08,5.713894551470059e-09,-3.463819160432547e-09,1.045233296827561e-09,1.4504392929845193e-09,5.191711346648367e-10,4.4228946079126474e-10,-2.5103827525429053e-10,2.612593069212889e-10,1.2264403514937286e-10,3.0823506083002377e-11,1.6528980674901694e-10,2.8986093485754145e-11,-5.864556747190835e-11,-2.6262615512384192e-11,2.8588947815692522e-09,2.569107430860297e-10,-1.0948582664967213e-10,4.9251147302630594e-11,2.0922611034227735e-14,1.0478311511355904e-11,b'Resonant 7:4',"b'7,4,-2,0,1,0'",7.234716945856514,0.0663632341743474,6.432270344683419,0.049586143523472716,6.092283540894085,0.05187220699369169,5.853371747320518,0.05722789066261918,0.8024466011730949,0.339986803789336,0.5788985973629054
b'2002 PD149',42.96150699,0.00179897,0.0615158,7.358e-05,4.90735576,2.508e-05,38.78038263,0.07016129,103.55157347,0.00146953,96050.68562946,22.9771268,40.3186954440567,0.002988489031140417,45.05413624,0.00052228,44.91875617,0.00051776,23.34259099,0.04601873,16,22,35.84268,44.7277016884,3.0694549523,-2.7759329118,-0.0740727544,0.8428802111,0.3521427848,2.703647399399634e-07,1.8972422393681586e-08,-1.714023569968582e-08,1.3075813164983387e-08,5.860958160885658e-09,1.1984592561737394e-09,1.3834505766087401e-09,-1.1874152415640198e-09,1.4843605712749919e-09,4.447021699279462e-10,4.594302762490971e-11,1.1074538373024944e-09,-5.964869823746323e-10,-3.5749452567690073e-10,-9.257477457664844e-11,9.176176781853784e-09,8.007523688039445e-10,-5.171499567110071e-10,1.6255611171700645e-10,-8.853109811583344e-12,4.8208912889026154e-11,b'Classical',b'',7.604756437064536,0.1130125449076853,6.768661845377936,0.08880347388200235,6.43237673943913,0.10594114299434738,6.423576180420733,0.11233599916945129,0.8360945916865961,0.33628510593880845,0.34508566495720777
b'2002 PG150',43.63454172,0.00264871,0.13622551,4.615e-05,5.54182209,5.612e-05,273.20804472,0.02489618,76.80711654,0.00131031,53276.40621902,5.38952345,37.690403888548424,0.004233435026014575,37.91180934,0.00043188,37.92803021,0.00041903,23.88577812,0.06934578,11,15,32.69932,37.3393953122,6.6024928939,-0.8438727939,-0.1196423616,0.9754343721,0.4612493621,1.809940586857848e-07,3.1716676858644487e-08,-4.63682864526676e-09,-3.1176536777444906e-10,5.440775811765957e-09,2.5017690255934084e-09,5.618036331738073e-09,-7.976605992461165e-10,2.7940079388879655e-10,1.0083532249981621e-09,4.3214442901296405e-10,1.5189430572696874e-10,1.5894463830868429e-10,-1.1067770784985869e-10,-7.534912937525258e-11,3.3640320695928517e-09,6.290948289311892e-10,-6.783173509822449e-11,2.9176242612581404e-10,6.312902390329676e-11,4.2603268181660423e-11,b'Resonant 7:4',b'',8.871602243005503,0.14150987638558427,7.97513364369753,0.07767507111485845,7.55307268892914,0.08757171611546621,7.257367140084726,0.1127736591286883,0.8964685993079713,0.4220609547683918,0.7177665036128061
b'2003 QB91',39.24012169,0.00120253,0.19423887,4.901e-05,6.49525962,8.436e-05,80.63318662,0.01996019,136.78368066,0.00113612,21098.63407767,7.66366589,31.61816487979339,0.0016539138107275425,45.84946328,0.00045123,45.90662446,0.00042527,23.34759983,0.04309469,16,30,48.91319,44.4821361487,11.3455403855,0.1909103893,-0.1192689749,0.7898186079,0.2770629349,1.9185078308531686e-07,4.753607017004971e-08,-9.284052418954864e-11,-1.5306873030190056e-08,4.092295832793834e-10,1.4643582825079195e-09,1.1806345483957485e-08,-1.7886055079366125e-11,-3.5155724656420963e-09,1.6987472432436806e-10,3.627409083412361e-10,1.4106506600492276e-11,1.0303638841050792e-10,2.3484814610841274e-11,-1.0237107339082104e-12,6.379711169797447e-09,1.2446100136188188e-09,-1.18641185410619e-10,3.2249682755326816e-10,2.673758300461574e-12,1.6223239814241387e-11,b'Resonant 3:2',"b'3,2,-11,0,1,0'",7.7738550226946455,0.09387438141516326,6.7043205341647845,0.046721962561664235,6.34463625538792,0.05057706742073433,6.325321632616545,0.10487813346327508,1.0695344885298577,0.35968427877686454,0.3789989015482405
b'2003 QM91',43.12406582,0.00095824,0.04377952,1.965e-05,3.04314169,6.582e-05,8.57058337,0.07097363,8.06421535,5.288e-05,59363.7892937,18.63662834,41.23611492456807,0.0017341522424755486,41.27693436,0.00019699,41.25097488,0.00019225,22.59915229,0.02657872,17,25,33.86509,40.7296372341,5.981919571,2.6374642845,-0.1637146397,0.8826362806,0.440512605,3.789358705146884e-08,5.3865569474460335e-09,2.3721352335584207e-09,-1.3767906607288977e-09,7.533549129207275e-10,3.8188504609040516e-10,7.809791049291639e-10,3.4289270748803965e-10,-1.9566925493514738e-11,1.2959360333858532e-10,6.39200851462537e-11,1.5502125502107142e-10,2.7210941964805925e-13,5.808470339099912e-11,2.8902049071750304e-11,2.7518829131977112e-09,3.1381816191810485e-10,1.3381775203417743e-10,5.941391248365125e-11,2.6265829613492382e-11,1.3256150066024859e-11,b'Classical',b'',7.259812252958797,0.04617259489090936,6.43443245007669,0.037011399512867874,6.082118693432056,0.03332694789831378,5.928569341820166,0.05079461796386957,0.825379802882101,0.35231375664464076,0.5058631082565253
b'2003 QO91',45.32835043,0.00888433,0.13241578,0.00032748,7.11624789,0.00021435,185.74451581,0.17550659,141.0489235,0.00137309,50052.6045178,39.21507434,39.32616133350404,0.02187865610195442,40.14730993,0.0012509,39.98859561,0.00124219,23.22297651,0.0620177,7,13,20.87972,39.8398557187,-0.4514282661,-3.4161216812,0.1024671817,0.9979981846,0.3138148699,1.5545026996645448e-06,-1.0229875701524566e-08,-1.3385383856311258e-07,-7.02940381769383e-08,2.8247234498327472e-08,1.4504223568453107e-08,5.327717708945481e-10,1.0057336633751121e-09,-9.125713234016393e-09,-8.099621891868042e-10,5.305828838805863e-10,1.1619153620188791e-08,3.142867641914088e-09,-2.612621334588008e-09,-1.0893837876491295e-09,2.272761499679049e-07,1.2600063346791432e-08,-1.5290534294918576e-08,1.3955014822366885e-09,-6.42674457189608e-10,1.1140191898281956e-09,b'Classical',b'',8.021357323793348,0.14490659616350846,7.220136306297496,0.10958557277171137,6.955443434239784,0.11335346762809674,7.0013613714867,0.1966193885709248,0.8012210174958498,0.26469287205771147,0.2187749348107942
b'2003 QQ91',38.76065309,0.00248575,0.07126309,0.00010461,5.40561453,0.00013124,45.93130925,0.03276659,58.25617574,0.00122826,76764.91090302,7.79897111,35.99844904083529,0.005928575939822963,38.32183881,0.00044141,38.43584086,0.00040513,23.66788572,0.06989792,11,18,37.20695,36.686576525,11.2378304655,2.2627708564,-0.3606217519,0.8406445419,0.447606616,1.7868091085452363e-07,5.283165380992159e-08,9.882859175680316e-09,-2.2164832936378833e-08,-5.225961818081297e-10,1.6536442867849115e-09,1.566207731640452e-08,2.933516370119527e-09,-6.1341061112593795e-09,-3.449918583848751e-11,5.102018575095298e-10,5.682304711768391e-10,-1.025888196787805e-09,2.8307752489989737e-11,1.0148352673916728e-10,1.0328653261515054e-08,2.229137445779601e-09,1.7740138472951462e-10,6.299551709274998e-10,1.0456123600419672e-10,4.423139256618922e-11,b'Classical',b'',8.512345652045157,0.10657066586924598,7.785377053738449,0.074429817653563,7.446930955184991,0.07872775812615374,7.524970224245797,0.1735124443374529,0.7269685983067097,0.33844609855345476,0.2604068294926525
b'2003 QT91',44.16529513,0.00190972,0.08256693,4.035e-05,0.18945907,7.748e-05,173.36419705,0.04269076,145.51240338,0.0198381,45658.26404847,8.99330341,40.5187022009283,0.0028983337950056,41.56488849,0.00040546,41.48191222,0.00040313,23.62180973,0.06384927,15,23,41.31543,41.3360296791,3.2226084216,1.3024924,-0.0279751565,0.9231505491,0.3973060558,1.6365590640888416e-07,1.0693085039612718e-08,4.255772852994333e-09,-9.288997646643445e-09,3.333726269290486e-09,1.4551592071584838e-09,7.409554743754562e-10,2.902745959699623e-10,-3.344853596088276e-10,2.385109322072816e-10,1.043044506740187e-10,1.2997060718390452e-10,-1.2421762901971038e-10,9.650767685367159e-11,3.9705266823917836e-11,3.1655931563474703e-09,3.151451867112464e-11,6.757626305627472e-12,8.956279038604007e-11,3.7142486089137404e-11,1.912903100440456e-11,b'Classical',b'',8.143510420362217,0.126420629006476,7.362154390011328,0.08521117493775839,6.823135447930097,0.09977340384259607,6.6145580466500515,0.10125810399981451,0.7813560303508821,0.5390189420812346,0.7475963433612837
b'2003 QV90',43.84035106,0.00311571,0.05398742,0.00010751,2.408842,0.00013015,307.99113809,0.05231363,138.06696186,0.00356788,78700.1770472,12.98429192,41.47352351325288,0.0066534581820682235,43.28172568,0.00068202,43.24390523,0.00067024,23.54174173,0.06626805,11,12,23.19807,42.840721445,5.8043772846,1.0085287748,-0.177969774,0.8774082401,0.353599944,4.575798892213681e-07,5.844030635342475e-08,8.96409154927551e-09,-1.657608659445199e-08,8.21633659580148e-09,3.798033053515593e-09,7.558738103372104e-09,1.167632551968041e-09,-1.3868228451145438e-09,1.1495999465680856e-09,5.003884071448792e-10,2.2242028932917471e-10,-3.303935240471751e-11,1.9918783454395817e-10,8.494768582466047e-11,1.0078570760892579e-08,9.442615520383793e-10,6.113839012732186e-11,3.216862059854614e-10,9.435351516716082e-11,4.679666493785578e-11,b'Classical',b'',8.300136097094532,0.18154719045355994,7.1721708159913735,0.08717133538844274,6.895746216484435,0.09098566194610788,6.91041807769926,0.10735802857184461,1.1279652811031526,0.27642459950694215,0.2617527382921177
b'2003 QW90',43.76441627,0.00076277,0.07622892,0.00012434,10.35921999,9.528e-05,87.23920551,0.0065862,17.76796571,4.968e-05,81573.55345034,4.41137495,40.428301923703025,0.006007475015257316,43.51623328,0.00025236,43.5751621,0.00023897,21.40459107,0.01283698,11,19,37.32582,42.2871925589,9.847101562,3.6908926077,-0.2941669695,0.7498306147,0.5121607171,6.048211107682712e-08,1.3120456987599803e-08,4.7615447297824935e-09,2.5539419979453382e-08,5.709296342387784e-09,2.1338595879109896e-09,2.851591647373352e-09,1.033771154746909e-09,5.4928290297508974e-09,1.2329368777374005e-09,4.605563551329993e-10,3.798535138067408e-10,1.979945078322573e-09,4.441930153844627e-10,1.6928280064129834e-10,1.3427409103984423e-08,2.878461723953343e-09,1.0400451836515644e-09,6.24188944250894e-10,2.2609360920836432e-10,8.514342061169303e-11,b'Classical',b'',5.965429967472597,0.039354542840096485,5.009034402363591,0.03940232258534312,4.641798413898735,0.039386094088175436,4.488976868332633,0.034222721526535035,0.9563955651090053,0.3672359884648584,0.5200575340309543
b'2003 QX111',39.30621806,0.00153683,0.13352223,6.647e-05,9.53134345,8.386e-05,100.78289348,0.01275884,157.49537494,0.00036295,32309.58539116,3.61972387,34.057964320101405,0.0024703842924269025,40.85830732,0.00045729,40.89850555,0.00043264,23.15411408,0.04409468,17,25,42.95381,39.7072100179,9.7991206755,-0.0496301237,-0.101654302,0.9249609466,0.2479837164,1.978873837328267e-07,4.7121780797123575e-08,-1.2406591641771334e-09,-1.648281157184736e-08,1.4123423263667365e-09,1.5771829837391866e-09,1.1254814316354136e-08,-2.8873666813634557e-10,-3.661105397356659e-09,4.016744868361644e-10,3.745822748202998e-10,1.9091445010217648e-11,1.7710621832741967e-10,9.262491146487564e-12,-9.750727795651714e-12,4.28431746240338e-09,5.974720865535511e-10,-1.4219910728995598e-10,1.8879357900802523e-10,8.598802925059383e-12,1.5474657295136252e-11,b'Resonant 3:2',b'',7.9288972726606755,0.08288274927826579,6.964438907180545,0.05453205753880515,6.517377710532118,0.05175130486342817,6.331371366941793,0.07228151883085593,0.9644583654801318,0.4470611966484257,0.633067540238753
b'2003 QY111',43.30295453,0.00251772,0.03636626,6.767e-05,2.94903979,1.888e-05,219.05226163,0.08714872,95.91745504,0.00296041,41837.14133306,22.50454822,41.72818783750537,0.004532626871925752,42.35101224,0.00053499,42.41198184,0.00051096,23.63341892,0.06979674,14,19,38.35808,41.3908491255,9.1133954266,1.5873991797,-0.1781488917,0.8781587433,0.3851270741,2.735139599475562e-07,5.85488537046857e-08,9.480842986882011e-09,-2.4023037188266157e-09,6.850427418540134e-09,3.0334398186723555e-09,1.2587688246197911e-08,2.0434711780641596e-09,-1.1457649438545536e-10,1.5538547720429693e-09,6.647772766085318e-10,3.556571606943286e-10,8.602229837007215e-11,2.7524930512699307e-10,1.0983078183209054e-10,4.915331065147703e-09,1.030810334976145e-09,1.6169109456065194e-10,4.2187421306473297e-10,1.1801411201174605e-10,4.770144743613601e-11,b'Classical',b'',8.167542359041667,0.1338962391725588,7.287728460338988,0.07243586546598438,7.056161749814935,0.0747571592948157,6.745283026765742,0.09351480320964294,0.8798138987026819,0.2315667105240538,0.5424454335732437
b'2003 QZ111',43.0063951,0.00142376,0.0607554,2.857e-05,2.65957895,7.804e-05,16.62726969,0.05474892,326.04577434,0.00111249,53113.58565099,13.76008264,40.39352441172535,0.0024596877918221923,40.67546296,0.00029838,40.49352969,0.00029814,23.38527331,0.04440478,20,31,60.80529,40.478883221,-0.7164821611,0.8201301489,0.0242449054,0.9158148182,0.4403836863,8.895391077235385e-08,-2.035556960327986e-09,1.6604329618033972e-09,4.41788142376295e-10,2.0833401501711242e-09,1.0109682845635299e-09,7.718108498998661e-11,-2.7849212060013757e-11,2.5410797328095107e-10,-5.52502459562666e-11,-1.900741319889714e-11,4.524271217402399e-11,1.34711184635092e-10,3.5184862781498326e-11,2.101319663855931e-11,3.297193382779159e-09,-8.602911882910613e-11,5.6538845612748196e-11,5.436674331922502e-11,2.217307804181615e-11,1.5044905149583395e-11,b'Classical',b'',8.200689956839389,0.10957076375424499,7.246292759736166,0.058662230136667444,6.971242778218555,0.06928576250103212,6.709542492590996,0.0886083342489694,0.9543971971032229,0.27504998151760995,0.5367502671451653
b'2003 SQ317',42.6538522,0.00085554,0.0799589,1.44e-05,28.56716822,7.971e-05,192.92606625,0.02667353,176.30706938,5.528e-05,56311.93922681,6.39387266,39.243297138002035,0.001394664598838459,39.22303695,0.00016987,39.25220703,0.00016007,22.65494148,0.02541302,23,33,69.76472,38.0399527087,9.4670649318,-2.0180278771,-0.2492803115,1.0092222377,-0.0819666462,2.7183370468342018e-08,6.55912061197754e-09,-1.582157973118187e-09,-1.4018147948005023e-09,4.369720444687346e-10,1.6967600420902565e-11,1.5922141710855776e-09,-3.821790936497808e-10,-2.6983247734353534e-10,1.2191078500909346e-10,5.6409197608278813e-14,9.725821235954687e-11,7.562768227513593e-11,-2.69732953312612e-11,-1.7994034904747705e-12,1.2170289735461045e-09,2.72364051388408e-10,-6.836336651763845e-11,8.542297721858758e-11,-1.714219857935157e-11,6.2913505377546656e-12,b'Classical',b'',7.274046582509799,0.059924475645546024,6.699730828061929,0.03859095414004092,6.674404161638771,0.04968298456561612,6.578379265120438,0.07505599188197445,0.5743157544478749,0.02532666642316026,0.12135156294149141
b'2003 SS422',190.33116553,0.0463616,0.79201025,5.012e-05,16.79666443,5.177e-05,206.78838196,0.00389902,151.05968679,0.00016817,54393.45750849,0.70751378,39.58693204950057,0.01917807489156767,40.17968076,0.000316,40.25065516,0.00029021,23.18064335,0.04609421,13,21,33.38458,38.5692987969,10.8451069846,-3.8610989696,-0.1749348674,1.2948755454,0.2217917303,9.10948662881113e-08,2.6696200300601717e-08,-9.307858959745776e-09,4.351736409319662e-09,4.46938812806339e-09,4.664754043444836e-11,7.855766568589632e-09,-2.724418478560871e-09,1.4562651869601574e-09,1.3596317783042926e-09,-5.293447693960035e-12,9.606753483040943e-10,-4.156975090413129e-10,-4.4854679102731984e-10,-8.778675363861772e-12,1.6631163495522395e-09,6.212504203086778e-10,-1.5038208497786724e-10,3.3635839654153374e-10,-4.055344735537809e-11,1.8660332058100815e-11,b'Detached',b'',7.914491807720276,0.10119702335897894,7.210959217628927,0.08916529273688603,6.985337020944163,0.0981430540525622,6.707485321462061,0.10527729778085104,0.703532590091341,0.22562219668476743,0.5034738961668743
b'2003 UB313',67.83513571,0.00109441,0.43842779,1.342e-05,43.99290474,5.117e-05,151.22215578,0.00979281,35.97649734,2.43e-05,145670.83961005,10.68097211,38.09432719253244,0.0015074844091889504,96.08889492,0.00011176,96.29636321,9.31e-05,18.60394812,0.00076299,26,32,62.6908,86.7392148718,41.5548109084,-4.7429802874,-0.1335660546,0.17020858,0.4375606186,1.0155891539513604e-08,4.8324645760683595e-09,-5.93000936797928e-10,-1.2500515235725327e-09,-5.804392694734314e-10,1.2048165361955285e-10,2.299945225431316e-09,-2.820301654651535e-10,-5.796835665790948e-10,-2.689216519249365e-10,5.643088838965266e-11,3.520106965439089e-11,9.842693023755097e-11,4.606156166084211e-11,-8.484743022867851e-12,3.3853622590901908e-09,1.6203115491738863e-09,-2.008066493721223e-10,7.757744577920223e-10,-9.603430068824874e-11,1.2361235033931426e-11,b'Detached',b'',-0.7432482680584442,0.0029433679678905274,-1.3057954743768594,0.004422098291554097,-1.4051112603452793,0.0037453146736844928,-1.3113498572631013,0.004540419358824654,0.5625472063184144,0.09931578596842082,0.005554382886244808
b'2004 PA108',43.79125214,0.0017946,0.04037406,5.951e-05,1.15664198,0.00024791,208.9572817,0.45722125,136.4327096,0.01141312,54090.29382759,123.5027041,42.023221329220796,0.0029570416710497415,42.23822473,0.00058884,42.05991855,0.00058779,23.31106717,0.08971255,10,12,26.63974,42.0179784635,-1.4227810516,-1.2255318379,0.0500183861,0.9116243209,0.3787404673,3.461872115005586e-07,-1.2773310003817517e-08,-1.0595798886421319e-08,-1.4479816536823544e-07,7.887145066857561e-09,5.480181643875545e-09,5.625667772250504e-10,3.9630235576712876e-10,6.003138209085772e-09,-3.4456242867083415e-10,-2.1603881090135442e-10,4.049228797250415e-10,4.701989111281551e-09,-2.4506010769076857e-10,-2.1817204956510218e-10,9.590650342027286e-08,-3.750246633258992e-09,-3.0213967157962448e-09,2.1972202443708205e-10,1.343092956583062e-10,1.3590404764287204e-10,b'Classical',b'',7.82982236413112,0.11391174847478051,7.010309467562001,0.1286131569279565,6.452918909947654,0.14375454422124262,6.4797977200185795,0.14130415526661377,0.8195128965691201,0.5573905576143436,0.5305117475434199
b'2004 PW107',43.735179,0.00085855,0.13190508,1.419e-05,2.82478855,4.213e-05,184.90175733,0.01224284,198.17752926,0.0002207,61501.59306284,2.69623924,37.96628666525713,0.0013153434883352267,38.28058165,0.0001546,38.19322927,0.00015356,22.84655877,0.02622358,24,33,68.07684,38.0612209442,2.7085311279,1.6522959188,-0.1278398395,1.0033959688,0.3781558445,2.3744283116248623e-08,1.6529728542109513e-09,1.0142737075474509e-09,1.1391583598730068e-09,7.303386493165914e-10,2.962225131287313e-10,1.2563628777488522e-10,7.36257470838565e-11,1.5224946010799297e-10,5.560737218923034e-11,2.3504798306181902e-11,4.712308492903293e-11,7.624076580195517e-11,3.288731535997085e-11,1.4022062661198473e-11,7.256671413437442e-10,7.604934298958437e-11,4.0693536967869394e-11,2.563501311742733e-11,1.0735554289279892e-11,5.414554019352105e-12,b'Classical',b'',7.852623627518371,0.09915103269880224,6.973387157594585,0.0415268059522751,6.630692891819789,0.04599672801943501,6.343754401070511,0.10266584022341846,0.8792364699237842,0.3426942657747929,0.6296327565240745
b'2004 QE29',40.88321562,0.00464412,0.08388938,0.00013727,24.1208265,0.00031926,354.27650034,0.27067762,317.86256645,0.00031577,52009.03784607,59.35456657,37.453548168502856,0.006702184128254747,38.21611207,0.00158077,37.70564302,0.0013053,23.23099464,0.06950866,8,14,23.12998,33.787986452,-16.622680007,-1.9426776302,0.4009944497,0.6526002249,0.737008409,2.001858794013457e-06,-9.957008397314583e-07,-9.814928795787636e-08,-4.4450058624781807e-07,2.39624059111911e-07,3.772673536245484e-08,4.955071570871956e-07,4.893170466213424e-08,2.189962845433366e-07,-1.1837180530235838e-07,-1.880435716186977e-08,5.002287546869621e-09,2.0077920732500498e-08,-1.1034369384157261e-08,-1.9288046168672037e-09,1.3092944664688202e-07,-6.664016948088914e-08,-7.780961244615106e-09,3.431587023547284e-08,4.267856873454502e-09,7.500337183345246e-10,b'Classical',b'',7.984542788415199,0.11920597020935667,7.361835310910747,0.0934195554453358,7.201732356220925,0.10966940645091461,6.982628686114866,0.15413748752222123,0.6227074775044524,0.1601029546898172,0.37920662479588135
b'2004 TY364',38.85120184,0.00032035,0.06537406,4.219e-05,24.83740424,9.24e-06,358.30839936,0.007884,140.49616008,9.588e-05,80170.69118291,2.82424279,36.31134092742445,0.0018552124703753038,38.73569605,6.563e-05,39.13906881,4.535e-05,20.20491822,0.00324473,14,22,50.34364,28.3404825218,26.2875071485,-6.1360186989,-0.6823777736,0.6938182223,0.2355398786,2.242976382440493e-09,2.087970229140574e-09,-5.193818371401398e-10,1.1227246027673032e-10,1.8535244571707728e-10,-2.3817043912986756e-11,1.945382214120101e-09,-4.83543987240029e-10,1.3589535772395834e-10,2.0165183121048686e-10,-2.9496831802344794e-11,1.2064925399215638e-10,-2.533270798170526e-11,-4.2367192179348686e-11,5.60551278183881e-12,9.897058191372548e-10,9.097815596482896e-10,-2.2911326493432691e-10,8.399744817021988e-10,-2.105861739695873e-10,5.337970439498073e-11,b'Classical',b'',5.078352719727535,0.01535089539419704,4.283142922132422,0.01348272315300353,3.97336233354344,0.014419326800079346,3.814582149414525,0.05565948794767353,0.7952097975951149,0.30978058858897883,0.46856077271789975
b'2005 PQ21',61.99828326,0.0067768,0.39319967,5.864e-05,6.4818817,7.75e-05,22.15544019,0.01243586,316.33309543,0.00048917,54338.42640767,2.4134655,37.62057883008147,0.007715499117614879,38.28891845,0.00054923,37.99993796,0.00053899,23.25070571,0.05405488,11,18,41.24371,37.6737984816,-4.9168098485,0.7107559293,0.2149679198,1.0341249364,0.572103217,2.9545051875478824e-07,-4.284417092961153e-08,4.219685242615782e-09,1.4110765638976596e-09,7.661408475599834e-09,4.266047154640077e-09,6.249972732251948e-09,-5.99579985669127e-10,1.4565976269588383e-10,-1.1667296692608522e-09,-6.186941983122861e-10,8.08126162254003e-11,2.0895897900047887e-10,7.701557071753602e-11,6.52454761964525e-11,5.3485043798448945e-09,-8.792959689556553e-10,1.9950784583749972e-11,3.5970575712956615e-10,1.1069125212667031e-10,6.552238489919182e-11,b'Detached',b'',7.958031148437827,0.07894670336565096,7.3463452825291835,0.07899503414614692,7.059566793238842,0.08293542124861092,6.985209836622198,0.11113698562516909,0.6116858659086447,0.2867784892903355,0.36113544590698476
b'2005 PU21',174.5762186,0.03294214,0.83243949,3.321e-05,6.17510434,3.028e-05,227.85853833,0.0008872,192.49303369,7.025e-05,66378.91496789,0.07098365,29.252080572770076,0.011314751482993006,38.85559433,0.00011334,38.64659573,0.00011306,22.32956663,0.01839395,27,39,66.21007,38.6122337587,-1.5657073421,0.4509171046,-0.5904769262,1.1611758612,0.3496940389,1.2805051076212265e-08,-7.382447102978359e-10,7.694909830753836e-11,-1.2264797197694032e-09,4.6422945012531666e-10,1.1823207579309573e-10,4.96327278612715e-11,-2.6186893120553525e-12,1.2808200414789152e-10,-3.020008915566761e-11,-6.4565774050655665e-12,2.359745462628454e-12,1.0705680711476138e-11,1.7739705711106437e-12,6.308504440047625e-13,6.90571108252739e-10,-7.658179252457128e-11,-7.70238682197118e-12,1.90567756783477e-11,4.087074825285446e-12,1.5420356014606964e-12,b'Scattering',b'',7.340728674038493,0.03800009812984832,6.3605857420744965,0.025960223213776806,5.996289531041279,0.025041688392169838,5.819879876181288,0.03596323661868087,0.9801429319639943,0.36429621103321747,0.540705865893208
b'2005 QU182',111.83979175,0.00860269,0.67009049,3.067e-05,14.02968792,1.723e-05,223.99276843,0.0008939,78.40871501,0.0001422,41145.39105996,0.19351151,36.89701085570596,0.006262238555628419,51.30656195,9.158e-05,51.39767257,8.135e-05,20.76329886,0.00926653,17,21,59.47235,48.2737883987,16.9902296666,-4.7638424933,0.2432885213,0.9758616391,0.416235057,7.386387408910367e-09,2.6122575512048037e-09,-7.538186376835415e-10,4.0391234564006347e-10,2.7132753974893697e-10,2.386983696466906e-11,9.253158723059664e-10,-2.663678453890999e-10,1.6022598485414037e-10,1.0202466380963223e-10,6.565172436160588e-12,7.79439621706578e-11,-3.23084374119392e-11,-2.4633720066152427e-11,-3.30404278248123e-12,5.479757426364063e-10,1.969168731789711e-10,-5.460342938303665e-11,7.347171708818637e-11,-1.8493807174607603e-11,6.4345321197492025e-12,b'Detached',b'',4.458700624114998,0.03211089459755844,3.6678029936805334,0.024153946192152997,3.375721030672592,0.015988791903102904,3.2806594354456866,0.021516097640783608,0.7908976304344626,0.29208196300793954,0.38714355823484853
b'2005 RN43',41.50990375,0.00027246,0.02250604,4.48e-06,19.27181105,9.34e-06,172.68717205,0.01676423,186.99155757,1.557e-05,62695.14565891,4.33283195,40.57568016614889,0.0004403973763751597,41.11817682,6.226e-05,40.63208286,5.459e-05,19.74412958,0.0016574,19,24,30.79964,37.8602090129,-14.744359777,0.417834458,0.3524417153,0.9285316528,0.0840324386,3.3532005345081356e-09,-1.3244315050100737e-09,3.928049044299674e-11,1.424776925588189e-10,4.6486770789042936e-11,1.1141922234977085e-11,5.238406306969131e-10,-1.5431049355207966e-11,-5.223383650476278e-11,-1.995915736178058e-11,-4.351358863498862e-12,6.082034582615937e-13,2.0890746353057325e-12,3.793205347389087e-13,1.5711420280992855e-13,3.4523269282916094e-11,-9.316797092608297e-12,8.108389426717683e-13,5.155721046288379e-12,2.5703431743784523e-14,7.499843752875878e-14,b'Resonant 23:15',b'',4.311205205280954,0.013088435247449792,3.5006166245601467,0.01222532013510475,3.215911474320569,0.012171748425688217,3.194826671223721,0.06252586280137536,0.8105885807208046,0.28470515023957826,0.3057899533364291
b'2005 SA278',92.24350389,0.00458788,0.64156956,2.271e-05,16.27526236,2.265e-05,277.08151075,0.00254029,170.35335739,9.552e-05,65055.2714188,0.24834875,33.062879668132034,0.003715421675086421,37.20051167,0.00010731,37.66727844,7.628e-05,22.17421386,0.02099999,19,28,53.03508,28.29895089,24.7890265188,1.8701357763,-1.1083347935,0.6505622905,0.1368308209,6.361084200948777e-09,5.713794024678201e-09,3.913636920324084e-10,8.10816494726921e-10,1.070960498584604e-09,9.365825220635396e-11,5.144484510314457e-09,3.52916489940362e-10,7.876121145475868e-10,1.0120985200041163e-09,8.728525889472343e-11,2.572595687859918e-11,5.777525336890402e-11,7.252989705954721e-11,6.3240341018031435e-12,4.723897749804541e-10,4.4583790273216674e-10,3.143004670225678e-11,4.404754411017933e-10,3.213777185522001e-11,2.939715451967276e-12,b'Scattering',b'',6.95977425313407,0.03928403387307607,6.3870471021070525,0.042087362281533106,6.16675371858601,0.04300801597826157,6.114053449504533,0.052186995519339426,0.572727151027019,0.2202933835210405,0.2729936526025183
b'2005 TB190',75.65851027,0.00101246,0.38936448,7.2e-06,26.47961314,1.38e-05,171.45372011,0.00165003,180.45161589,5.48e-06,57717.5896132,0.44604869,46.19977405856323,0.0011632648795448695,46.51903487,7.66e-05,46.20270088,7.445e-05,21.05809157,0.00533204,28,38,61.5999,45.5872344973,-7.4954481608,0.5584592197,0.1709087592,1.0753005221,-0.056498301,5.688396086020089e-09,-1.0091331703718546e-09,5.984615390994178e-11,-2.1760347531316885e-10,1.789632065231463e-10,-9.297959260177852e-12,1.8000464677166398e-10,-1.0656415076303951e-11,4.539748763890582e-11,-3.2904785190909344e-11,1.7213644861650894e-12,9.254230633686183e-13,-2.7290919368561416e-12,1.954925591884605e-12,-1.066193037686764e-13,7.378978166250727e-11,-1.7855549287444338e-11,1.0676555312796157e-12,7.548101290446495e-12,-4.0987248787284956e-13,9.328098979898608e-14,b'Detached',b'',5.07667825958171,0.012901336690415086,4.268875674232882,0.009373289539450982,3.9768284271116325,0.009809833785984186,3.845984296397914,0.023495211886394186,0.8078025853488234,0.2920472471212505,0.42289137783496966
b'2006 QA181',42.351306,0.0020671,0.0824232,5.835e-05,4.82768446,9.636e-05,272.58687885,0.02660557,159.03150927,0.00082522,71121.24410374,5.74941737,38.86057568399921,0.004001141595849262,40.16182431,0.00039729,40.24610644,0.00037176,23.74806626,0.05936234,15,22,22.282,38.8736031829,10.174669219,2.2512585668,-0.3251235782,0.9066862364,0.3213136039,1.474512581616705e-07,3.8264508258954126e-08,8.247559753773894e-09,-6.04200875150847e-09,2.775848238000126e-09,1.1893950965481484e-09,9.971955912542664e-09,2.1500061843560816e-09,-1.2834182625232359e-09,7.951410367148979e-10,3.2483334405083544e-10,4.788228659193722e-10,-2.3804808449604463e-10,1.814297325304849e-10,7.243746129164729e-11,3.254972884805828e-09,6.723326920881137e-10,1.2172104350739864e-10,2.6244507537040294e-10,6.703330156432801e-11,2.3667374580322136e-11,b'Classical',b'',8.57988334504026,0.1320432726027372,7.605651242174405,0.07337201733395401,7.249893941326663,0.07674803785839716,7.275887106037333,0.13216338794898783,0.9742321028658592,0.3557573008477412,0.32976413613707234
b'2006 QB181',43.84242193,0.00211849,0.04059877,5.708e-05,2.19415693,0.00010803,142.11320849,0.21405906,64.66368129,0.00366176,9000.94356224,68.50831424,42.06247354216187,0.0019216313801791608,45.52490164,0.00057074,45.56169291,0.00054521,23.95183295,0.0958065,11,17,47.11021,44.48103341,9.5103483102,2.6189316455,-0.1857446873,0.8115381396,0.374825424,3.1125156010616127e-07,6.486496029991898e-08,1.7404766761086957e-08,-1.4193910669950954e-09,5.82266950630233e-09,2.690770069039152e-09,1.3606897196210796e-08,3.657036450561519e-09,8.925135497200923e-10,1.4497439546589114e-09,6.216689557370357e-10,1.0093778798418335e-09,4.570417367290497e-10,4.3195430188295597e-10,1.7867175200462176e-10,2.151738652281009e-08,4.2389693679729134e-09,1.0905243235604956e-09,9.629349516967208e-10,2.690995404115303e-10,8.777508581700814e-11,b'Classical',b'',7.792048556825042,0.11723820142089852,7.223738478015784,0.08952520470131135,6.737371701421287,0.07502310961459849,6.462261072220633,0.09622309924945213,0.5683100788092579,0.486366776594493,0.7614774057951508
b'2006 QE181',42.52558793,0.00292636,0.02627327,6.84e-05,2.11486368,1.066e-05,247.49131166,0.32550524,103.72956731,0.00671849,51061.06324077,86.38083842,41.408301724961355,0.005039269643222383,41.409878,0.00060837,41.4978368,0.00056955,23.92270451,0.08714324,8,10,7.72729,40.0727396078,10.4008330045,2.8405409009,-0.2443249545,0.8779069978,0.381029731,3.4635544828485664e-07,8.772377520230746e-08,2.335789920092848e-08,-1.9243311600680865e-08,5.242548405502346e-09,2.9709920447964977e-09,2.2383979939843754e-08,5.965034168398414e-09,-3.358830384062102e-09,1.7026406759624332e-09,8.502420598725323e-10,1.6441860536846914e-09,-6.575092243063218e-10,5.112479625987046e-10,2.4324155634001e-10,2.123107465091474e-08,4.6661831921432035e-09,1.1322796658286637e-09,1.3177751978055975e-09,3.642760307617417e-10,1.2730276756821796e-10,b'Classical',b'',9.019751074103633,0.3081132968772005,7.781107301578066,0.11761086356557561,7.260506881118351,0.10074078387249748,7.212593483721799,0.1897368951293762,1.2386437725255655,0.5206004204597101,0.568513817856266
b'2006 QF181',44.81418668,0.00379644,0.07526713,0.0001155,2.66415568,0.00010763,325.92962403,0.04249108,136.8263193,0.00363545,81891.90053269,12.40788094,41.44115162267263,0.008126897214278834,44.44368113,0.00071416,44.51148005,0.00067692,23.49633759,0.0634458,10,16,28.18223,43.2375283646,10.2580728462,2.5612377718,-0.2908089573,0.8337133237,0.3382812257,4.842338494175857e-07,1.0911476483752791e-07,2.5918128750671536e-08,-4.768178813188216e-08,1.3111269217671447e-09,2.252272811318152e-09,2.464078939974424e-08,5.850245133979483e-09,-1.0344507699415264e-08,3.8593752320379984e-10,5.318723989264101e-10,1.4189623924832712e-09,-2.3929548656091517e-09,1.0893485888810599e-10,1.2344303463185263e-10,1.128211585270473e-08,1.4752899616951944e-09,1.7961993512277753e-10,4.0576399954484535e-10,1.0400138730296485e-10,4.5822144178415e-11,b'Classical',b'',7.804739652945292,0.1380097906902084,6.929055840869326,0.10054809145162288,6.669886356852855,0.11097896416777173,6.361455382131636,0.10693202628603111,0.8756838120759665,0.2591694840164722,0.5676004587376917
b'2006 QQ180',42.22670829,0.00079829,0.17477196,2.592e-05,9.37736878,2.882e-05,153.11531425,0.00378679,145.60557434,0.00034512,38163.37001158,0.83638823,34.84666375444578,0.0015965536905324924,40.51133525,0.00013725,40.80945361,0.00011037,22.68347351,0.03080885,21,30,43.32604,35.8611358402,19.3754296712,1.9957867823,-0.3107562379,0.9075262007,0.2845751275,1.4525427856869863e-08,7.874583925655666e-09,7.683569414090244e-10,-7.197952237573489e-11,4.727618445355492e-10,1.427110910840037e-10,4.27832211978517e-09,4.1796480518963397e-10,8.165289782273873e-12,2.8218352828698175e-10,8.017409634043721e-11,4.469148154363224e-11,9.619630182850282e-12,3.25962131684063e-11,7.655685384938348e-12,4.788168511690025e-10,2.6780101585487567e-10,2.7679818095819756e-11,1.6941778174978305e-10,2.0707401412435654e-11,4.258794430226297e-12,b'Resonant 5:3',b'',7.451906246469909,0.05541555433792269,6.506831754745688,0.033650365196432656,6.1112676183404115,0.026864144581621875,5.8170483527067685,0.04107745171518919,0.9450744917242162,0.3955641364052769,0.6897834020389255
b'2006 SG415',47.93847797,0.00322532,0.29159009,6.333e-05,31.37960944,0.00024361,183.07126921,0.06124263,186.95241975,4.332e-05,59373.19961127,10.75845902,33.96009298086612,0.005245013619117148,34.1860004,0.00056104,34.10696061,0.00055833,22.9695467,0.04244375,11,19,32.89807,34.0141970702,-1.0038991173,2.3046358936,-0.0070192817,1.2107974105,-0.1652871783,3.134309707272619e-07,-2.9232721231198564e-11,2.1885099390566977e-08,-1.466085023312263e-07,9.290415106192828e-10,-1.0506387100480341e-08,8.392614388109713e-11,-1.1004178686024549e-11,-8.337470913224927e-10,-7.962296782575515e-11,-4.488353681784471e-11,1.5823244016844972e-09,-9.997531393845734e-09,7.796774598570312e-11,-7.534917017266615e-10,9.016236478768337e-08,7.705169831745696e-10,6.075977563674636e-09,9.349018591979799e-11,3.387941775635085e-11,4.3850148504163534e-10,b'Detached',b'',8.467453659665265,0.09078449297443231,7.607573150940992,0.05968350037404983,7.367284461390126,0.06812991525327772,7.272608429464631,0.1001230276837796,0.8598805087242726,0.24028868955086713,0.33496472147636
b'2007 RW10',30.23468425,0.00016063,0.30054513,4.55e-06,36.10094024,1.607e-05,96.08616411,0.0006477,187.03727235,8.47e-06,46184.23268384,0.07184498,21.14779705846021,0.0002158227772570876,29.04035005,3.46e-05,29.21882111,2.973e-05,21.37285921,0.00859931,29,38,61.8881,26.8169297642,11.587272919,-0.5717443616,-0.1162754683,1.1472448982,-0.2620246669,1.015588249703917e-09,4.2792544428894217e-10,-2.9550132717065977e-11,-3.66173363298551e-11,2.6937985604746598e-11,-1.0043255229802544e-11,1.8083277476336742e-10,-1.2510274342717874e-11,-1.2918294214658883e-11,1.2475812687307993e-11,-4.317691270172491e-12,1.1154360227564607e-12,4.2840129369663414e-13,-1.0665146269806132e-12,3.280473788874691e-13,2.667201718789334e-11,1.0273974577860828e-11,-5.041061063955864e-13,5.822366280171431e-12,-6.498497415788697e-13,2.341525196675943e-13,b'Scattering',b'',7.26424075508705,0.015291430634244095,6.690911532518863,0.019841027763749353,6.498333185723565,0.025034195732035087,6.415784627276002,0.03624779069175413,0.5733292225681876,0.19257834679529667,0.275126905242857
b'2007 TB418',57.12094688,0.01443698,0.40809947,0.00023564,6.54070705,8.79e-05,42.11902682,0.0175189,94.6508542,0.00245745,86739.17576715,10.21771782,33.80991868966015,0.021867836392775532,57.08871934,0.0007744,57.29793545,0.00066409,23.54372016,0.05624438,13,21,31.46835,52.6629760426,22.3853479564,2.9258431856,-0.5967137607,0.5002404574,0.2854039811,5.052527057236194e-07,2.166527578747381e-07,2.780065851507382e-08,-4.239973767265212e-08,-9.616038250700732e-09,1.2882560788545153e-09,9.29921420189597e-08,1.1943586257441521e-08,-1.6663980093033126e-08,-3.4774741524792283e-09,6.317322334474738e-10,1.5724432916221547e-09,-1.6905386905647141e-09,-2.578905923416347e-10,1.0905533869382007e-10,4.830342128683126e-08,1.9681254407243913e-08,2.2249402456459116e-09,8.161992296333537e-09,9.599495700002535e-10,1.397750309767194e-10,b'Scattering',b'',6.46043814200379,0.09967823937186707,5.9099979416272905,0.0632350308665571,5.5867057273993606,0.081894832659561,5.3491798014090985,0.1332624683477116,0.550440200376499,0.32329221422793364,0.5608181402181944
b'2007 TZ417',41.52791593,0.00179514,0.13142376,0.00014692,22.2774871,0.00014369,30.06478772,0.03860702,72.54661331,0.0002709,71193.12892126,5.84372054,36.07016122896989,0.007086324162842675,38.08531168,0.0004228,38.57184679,0.00029928,23.53688682,0.06662302,9,16,20.26056,28.5271167364,25.8538408531,2.3600611636,-0.676930543,0.5181875085,0.6091268973,9.636304423175857e-08,8.886756422503727e-08,8.280097417845631e-09,2.5003721367709993e-08,2.5500482531185533e-08,3.516180814610926e-09,8.20349652382871e-08,7.655104751850715e-09,2.354881657130559e-08,2.3952153263397075e-08,3.266305105068535e-09,7.491170672506439e-10,2.4373101398190823e-09,2.436398087803453e-09,3.264815098435564e-10,1.50031291704434e-08,1.3812458345555507e-08,1.3027350964621964e-09,1.2846697702834193e-08,1.2610546311968284e-09,1.5612282094502229e-10,b'Classical',b'',8.180874417736552,0.11699879066987584,7.711470070736082,0.10191112058910437,7.293059551695334,0.08902693090654461,6.9981703756125615,0.1676604635741239,0.4694043470004681,0.41841051904075016,0.7132996951235231
b'2007 VK302',45.78190467,0.00383477,0.03214039,0.00037628,26.54382199,0.00033101,205.64943357,0.48655781,61.35561588,0.00034323,18105.85770835,168.6437606,44.310456185071416,0.017235358308168837,46.20678778,0.00106422,46.65818624,0.0007691,23.72682222,0.08893469,8,10,11.01323,36.2957774261,29.2052195089,2.5803174109,-0.4290995686,0.5164098658,0.6166047864,6.954074926315904e-07,5.49943728617681e-07,4.060701504103753e-08,-7.093525023065689e-08,-4.252089110978267e-08,7.321382993508589e-09,4.356502467151919e-07,3.2574269078181254e-08,-4.840283926003681e-08,-2.7554537498485906e-08,6.297745426749359e-09,2.8590031291094464e-09,2.136944905259475e-09,2.526285352833264e-09,7.992374891231957e-10,1.1281254829900407e-07,8.857205441923993e-08,6.2290396874186475e-09,6.985766923753201e-08,5.119099161681637e-09,5.700275758512395e-10,b'Classical',b'',7.638415595325023,0.1367880428120259,7.094635642913984,0.1279657162321053,6.682277584697937,0.13368073734426605,6.657354631885527,0.22141976820065726,0.5437799524110394,0.41235805821605265,0.4372810110284581
b'2008 SO266',39.40679718,0.00032134,0.24254605,7.26e-06,18.797819,1.051e-05,172.76706442,0.00107217,158.75409168,4.307e-05,47941.50934883,0.1242476,29.84883421105063,0.0005078454302163634,32.69263833,4.331e-05,33.01006788,3.323e-05,21.54651365,0.00884358,25,34,75.67892,27.8218088029,17.7038665806,-1.4780542273,-0.4277799054,1.0875381974,0.1617463155,1.338446234316511e-09,8.434088850533926e-10,-8.473222783012747e-11,5.284374610734959e-12,7.172406093106196e-11,6.104062025094222e-12,5.326056580403292e-10,-5.3340503751165396e-11,7.971946825051574e-12,4.825570758660479e-11,3.5690119535560053e-12,5.742219452442909e-12,1.0705570477380763e-13,-4.2418089297517676e-12,-4.648975788671859e-13,3.531816500204893e-11,2.39386287236572e-11,-2.1071450012999894e-12,1.9885725832342206e-11,-1.1008127174054912e-12,2.7626209487313343e-13,b'Resonant 3:2',b'',7.234602345896663,0.03267609103339638,6.326409469844775,0.034079432994072366,5.967774954164591,0.036477791185549,5.879039030460435,0.03058269591059338,0.9081928760518895,0.35863451568018473,0.4473704393843388
b'2008 UA332',75.77336337,0.01120256,0.5127867,0.00010254,30.74120505,4.466e-05,226.54221632,0.00657113,109.01012851,0.00026167,44392.89215356,0.35014862,36.91779007537065,0.013182362289709435,44.39881378,0.00028759,44.82055523,0.00019335,22.86371533,0.03822949,15,21,46.47253,30.1854312552,31.5601193772,-10.0836885882,-0.3314627823,0.9839980791,0.4051080428,3.758598262405116e-08,3.90201523881378e-08,-1.3143556819368177e-08,-2.4676659061550736e-09,-1.1486873823975913e-09,1.2409759882164542e-09,4.0546237025941546e-08,-1.3644572736415626e-08,-2.3091324178520224e-09,-9.215584670911122e-10,1.2032050128267675e-09,4.608907128002009e-09,9.305781591062823e-10,4.751122328148621e-10,-4.582828258136144e-10,4.214887175400428e-09,4.4498486150015795e-09,-1.4532221479665716e-09,4.7694052474928955e-09,-1.520669474008142e-09,5.118804707066654e-10,b'Resonant 4:1',b'',6.899016079580418,0.0565028107353259,6.285085376479545,0.05095068337776374,6.049245274882663,0.05471472711248747,5.962948102637059,0.09264895606536856,0.6139307031008737,0.2358401015968812,0.3221372738424862
b'2010 JJ210',49.27794812,0.00233218,0.24857097,3.773e-05,7.16803523,4.501e-05,101.57225706,0.01262728,215.92470808,0.0003998,50544.66576898,2.41077039,37.02888084605194,0.003450280339112131,38.56608786,0.00031445,38.23926091,0.00030297,22.79649089,0.02984831,16,24,26.49781,37.5615222655,-7.1402229003,0.6247695361,0.3150528409,1.0219202678,0.3489148988,9.49869812193623e-08,-1.947971416522685e-08,1.1892029701825329e-09,6.294183776912253e-10,2.5432238557213087e-09,8.339377466298602e-10,4.012548709477862e-09,-2.4050403248904453e-10,4.9192260157697524e-11,-5.615681397229857e-10,-1.7060820401348792e-10,2.240599616996543e-11,6.293436533893303e-11,1.8724750142032598e-11,1.2932387214127761e-11,2.8742714409820628e-09,-6.657137629596106e-10,1.2552705031784002e-11,2.3219929736898442e-10,2.0651111986622257e-11,9.060736472675957e-12,b'Resonant candidate 21:10',b'',7.77980991865781,0.06383139932045823,6.8911303436559574,0.0416733341657759,6.388201528974539,0.037664663247807664,6.2233648521358,0.057103229642149624,0.8886795750018524,0.5029288146814135,0.6677654915201503
b'2010 RD188',40.40860206,0.00029588,0.05845136,2.787e-05,27.95428485,2.117e-05,356.26326237,0.01981816,65.17522206,7.911e-05,70834.84275314,4.18987839,38.0466645055361,0.0012373675020537016,39.07774048,6.504e-05,39.03198129,5.389e-05,21.79116357,0.0108365,19,26,48.78201,35.3110778277,10.5853928385,-12.8285932401,-0.0682513354,0.8068022232,0.6258359697,3.4588980394441794e-09,1.0001705033039015e-09,-1.2906223277107188e-09,4.310317463529436e-10,2.2089512440751734e-10,-9.86022224892561e-11,2.908217232597139e-10,-3.728206890448433e-10,1.5057019404818014e-10,7.149013204009423e-11,-3.785918634469967e-11,4.827565822339897e-10,-1.4535287378079105e-10,-7.772023571963265e-11,3.093789088876377e-11,9.266211799635742e-10,2.915480514739492e-10,-3.276233787173379e-10,9.457626841610796e-11,-1.0173883636492932e-10,1.1736875744116107e-10,b'Classical',b'',6.305875558802468,0.02691920375940064,5.760478904652993,0.0229237331111551,5.5962801628131995,0.023845818478575757,5.505097284169279,0.027520963236062044,0.5453966541494804,0.1641987418397898,0.2553816204837105
b'2010 RF188',46.76221947,0.00191519,0.29475513,5.109e-05,13.84852353,0.00011284,332.75187295,0.01290102,178.30385398,9.441e-05,95102.98869777,5.74936816,32.97881530563771,0.003465679555530076,55.52435126,0.00038855,55.50655255,0.00037808,22.61830573,0.0268781,15,23,24.60232,54.7297253559,9.1810225814,1.1590354201,-0.2973010645,0.6902768343,0.1188455742,1.469206374149401e-07,2.4235756417076222e-08,2.8262484068927655e-09,-2.0129533851461784e-09,1.8622961645662284e-09,3.7436655257781595e-10,4.0193871171910345e-09,4.689230324323603e-10,-4.0116426675576764e-11,3.5492379585446956e-10,6.726458589522968e-11,6.20588752925648e-11,1.634466579405303e-11,4.480653194871199e-11,8.271243082210214e-12,6.0062837864654024e-09,9.518903945426935e-10,1.0811743837888954e-10,1.8560651414128455e-10,2.3267209030813588e-11,5.283423491949532e-12,b'Scattering',b'',6.006433905375873,0.07758288377338965,5.141540505564494,0.033802491670107564,4.847148748725454,0.037828231971107726,4.752643715835889,0.06340973637602007,0.8648933998113794,0.29439175683903945,0.38889678972860553
b'2010 RF64',42.99994476,0.00034469,0.17378295,7.97e-06,28.69057288,1.233e-05,209.69977154,0.00369539,131.03305489,4.626e-05,51272.05639733,0.69531137,35.52728737484211,0.0005935048562875688,36.29471168,5.336e-05,36.26730801,4.389e-05,21.13324812,0.00642751,21,30,73.6086,32.6673860519,10.1265672433,-12.0669861592,-0.191295391,1.0968186393,0.1449581482,2.3087911039590115e-09,6.764435404519522e-10,-8.88048250574413e-10,-6.459534899363172e-11,6.34008850016732e-11,2.980534780269647e-11,1.9859822957672867e-10,-2.6020751941144077e-10,-1.566306515144074e-11,1.9540662338843787e-11,7.494127648436139e-12,3.4192478778139994e-10,2.4896812781542364e-11,-2.4365260557003378e-11,-1.1619862542584218e-11,1.2192197280683484e-10,3.835126376170922e-11,-4.658790521655575e-11,1.539398905129978e-11,-1.4484510313279435e-11,1.8072481971278922e-11,b'Classical',b'',5.959959985933613,0.017530416605964813,5.495716276897918,0.01908823133921462,5.40732775611948,0.018823308030359958,5.444479174608746,0.025570262622797487,0.46424370903569234,0.08838852077844483,0.05123710228917443
b'2010 RO64',46.86605,0.00056678,0.12161305,8.38e-06,17.04837145,1.901e-05,312.75785741,0.00884793,60.85080357,6.414e-05,56812.95497239,2.23386421,41.166526810648364,0.0008902079921422042,41.03765014,9.829e-05,41.17004804,8.642e-05,21.37358884,0.00853658,16,26,53.08162,38.4814056622,14.302751425,-3.0960581316,-0.2516673728,0.8172352905,0.5879180324,8.378761515657394e-09,3.2036236558825632e-09,-6.902123960546214e-10,-4.805233593400876e-10,3.6592404959954815e-11,1.7691151366638738e-10,1.2265985298760418e-09,-2.6325567834933696e-10,-1.678600726000322e-10,1.9838052451384553e-11,6.62039512100293e-11,5.785517070550388e-11,4.95071661267944e-11,6.429409166869432e-13,-1.550387078654651e-11,2.66443968925301e-10,8.608026716238952e-11,-3.171530523280952e-11,3.295560345337756e-11,-7.190927416995886e-12,5.9141809321810775e-12,b'Resonant 23:11',"b'23,11,-2,0,1,0'",6.088213696974885,0.02930143250032361,5.1598971701267775,0.019852640319034696,4.773553949448088,0.025682743045505527,4.593775038029227,0.03341127734477473,0.928316526848108,0.38634322067868926,0.5661221320975471
b'2010 TJ',62.85632739,0.00107994,0.36495846,1.13e-05,38.90087605,1.669e-05,273.91904392,0.00329175,91.29897906,4.671e-05,51888.31028517,0.68148206,39.91637914261163,0.0013578115123161491,40.54199129,9.414e-05,40.91859946,6.067e-05,21.58653401,0.00981199,14,26,55.99997,27.4977850517,27.5387558336,-12.6420143159,-0.3580953138,0.8559863026,0.6650458588,4.076009540527115e-09,3.968625288674142e-09,-1.9459452953324337e-09,-3.64333063710687e-10,-1.624554521021923e-10,2.3692725499425306e-10,3.8673060902880765e-09,-1.894847839477523e-09,-3.4288547352287266e-10,-1.4623391832943905e-10,2.2547098889248187e-10,9.304830667410992e-10,1.776415987806526e-10,8.159857964846149e-11,-1.1518483590077412e-10,1.6212292103281403e-10,1.5116340184462835e-10,-7.966434238312864e-11,1.5142029621651902e-10,-7.131439366217008e-11,4.0665375854357624e-11,b'Detached',b'',5.818799547262872,0.020605765531191356,5.388616251456616,0.018402857365190005,5.304849749820741,0.023600124983931704,5.30619266597604,0.046577330042088104,0.43018329580625786,0.08376650163587729,0.0824235854805732
b'2010 TY53',38.99976717,0.00018223,0.45955142,3.65e-06,22.45242293,6.8e-07,3.1130989,0.0001765,111.3565614,2.21e-05,67218.93488985,0.02955367,21.077368739240352,0.00023608936456130856,30.72057454,1.404e-05,30.95788516,1.062e-05,20.47054235,0.0025639,25,37,93.53697,26.1660932283,15.3263743597,-6.2312493011,-0.8895572696,0.6827542549,0.5317205389,1.4118323640763686e-10,8.153913623514748e-11,-3.566526298601038e-11,-6.317290920192528e-12,2.5904879574064417e-12,3.286979823389525e-12,4.7263463721567836e-11,-2.0582470369264634e-11,-2.693933194816768e-12,2.1021497785792127e-12,1.6745443874814451e-12,9.081548220110075e-12,1.8447009391847397e-12,-4.947035430916949e-13,-9.00324643046645e-13,1.1849586257602003e-11,7.365643167224689e-12,-2.845380711549061e-12,4.930251501347451e-12,-1.688032269682336e-12,7.339510769815455e-13,b'Scattering',b'',5.9883677209164805,0.008390748166970184,5.486360514167169,0.006892510536462651,5.349156661170861,0.013253950563948052,5.2327097300972145,0.02245887072952695,0.5020072067493107,0.1372038529963086,0.25365078406995256
b'2011 SO277',30.16074518,0.00039503,0.01184812,1.521e-05,9.63855292,2.76e-06,117.51487921,0.05929544,113.52483309,0.00018741,31641.59976688,10.57685013,29.803397058898387,0.0001517295380107037,30.23328601,0.000105,30.4808456,8.707e-05,22.52550322,0.02351105,22,30,39.31923,27.2425503969,13.6672015443,0.3646895868,-0.4720650569,0.9432436191,0.4129876412,8.970474483624912e-09,4.296892527976297e-09,-1.57105673809008e-12,-1.4406067338203287e-09,-3.635176607432116e-10,1.1575338452075515e-10,2.0629643582347834e-09,2.9442362037196895e-13,-6.727001638817254e-10,-1.64718427640218e-10,5.5901317679114107e-11,1.8480824430948046e-12,6.3867158468183315e-12,3.4506568192120322e-12,-3.069294974984718e-14,3.347349237257186e-10,1.1524472817466444e-10,-1.5954981355450873e-11,4.649322996775661e-11,-3.2337964485066334e-12,1.941174194860212e-12,b'Resonant 1:1',b'',8.485665102081994,0.046288570619688454,7.684881340896533,0.03721444099441418,7.3895010157409065,0.034570986277996096,7.154073419394313,0.04455219575595608,0.8007837611854567,0.29538032515562745,0.5308079215022241
b'2011 SW281',46.65198107,0.00134784,0.09491153,3.804e-05,4.6334515,1.084e-05,302.64655039,0.01963189,111.08806496,0.00088906,68498.15181095,4.90320835,42.2241703529758,0.002839428554572166,43.10216215,0.00022752,43.149217,0.00021603,22.79075479,0.02502958,20,33,68.42874,41.9867994857,9.9328668679,0.5493198085,-0.2720892501,0.8785026001,0.3729697762,4.914242997619391e-08,1.1356239418305462e-08,4.4367931089828107e-10,-3.0482638612022667e-09,6.208920167040378e-10,5.029344094243767e-10,2.6364179116808226e-09,1.0563451547566715e-10,-5.950501258192159e-10,1.68222399373952e-10,1.1708371749084917e-10,9.322209380472812e-12,1.596385980260999e-11,1.5519395934598834e-11,4.628271040935486e-12,1.7283306349902244e-09,3.124797447354329e-10,-1.904379338855692e-11,8.954184849151097e-11,9.13361036780769e-12,6.8164961448119536e-12,b'Classical',b'',7.270767622619756,0.05746248951013427,6.427312114015097,0.05324021536725783,6.072996468414695,0.053217178648397,5.810261189118327,0.06952122599232037,0.8434555086046595,0.354315645600401,0.6170509248967703
b'2012 TC324',42.26936122,0.00059733,0.19702387,9.51e-06,9.6309869,6.71e-06,259.28988448,0.00484729,131.8320076,0.00020473,57397.03555306,0.88477985,33.941288257946745,0.000881748904369387,33.59206898,7.82e-05,33.9412901,6.006e-05,21.89953005,0.01624668,22,28,54.84968,28.7201834119,18.0051103543,1.7257577646,-0.6118978699,0.9405138883,0.3676065334,4.348598413877499e-09,2.7593615985894217e-09,2.502264170366267e-10,-5.0362111008641826e-11,2.1063722333482032e-10,7.186569843737028e-11,1.7549307960208697e-09,1.595916812060919e-10,-9.870894752072958e-12,1.474314869751794e-10,4.68085540077348e-11,1.568232874972525e-11,3.9177576821245e-12,1.6370507070370316e-11,4.495878966793953e-12,1.9147141694590223e-10,1.1616802183367128e-10,9.468516387695808e-12,8.459076045699651e-11,9.887923830690271e-12,2.2520647854353624e-12,b'Resonant 5:3',"b'5,3,-1,0,0,0'",7.590251364596346,0.04637984387442792,6.5411264980673085,0.025896162742972108,6.180959875397425,0.036958325643607876,5.848769818234098,0.03647876506245343,1.049124866529038,0.3601666226698852,0.6923566798332044
b'2012 TD324',39.38765951,0.00098811,0.13863209,2.385e-05,9.57601248,1.177e-05,190.98067168,0.00940492,114.61449306,0.00034155,44148.36370308,1.44858025,33.92726604111805,0.0014356321698014893,36.59132534,0.00022564,36.63131972,0.00021079,22.71330503,0.02725246,23,30,57.48996,35.3218905942,9.4011156385,-2.4159168133,-0.1078090052,1.002693337,0.3709836513,4.7565723576571805e-08,1.2097539417223749e-08,-3.674028748810698e-09,-2.47776547328787e-09,6.423606094697746e-10,6.400645655402371e-10,3.0845995458981897e-09,-9.331945667610786e-10,-5.825364926374664e-10,1.7656844850782585e-10,1.5971451277353503e-10,2.8804786897970205e-10,2.0803628210887147e-10,-4.478744832105984e-11,-5.1104049460470885e-11,7.324754339295409e-10,1.4093102878341084e-10,-7.250464472349822e-11,6.031219414922337e-11,-2.6950087891666635e-12,1.2304768305202976e-11,b'Resonant 3:2',"b'3,2,-2,0,1,0'",7.604335352060934,0.046992088078976216,6.981589166233492,0.04279079668461979,6.80277114650516,0.05399367662302552,6.4891969092184905,0.082660240527568,0.6227461858274349,0.1788180197283303,0.49239225701500994
b'2012 VR113',47.69612374,0.00141108,0.17197325,4.444e-05,19.28382564,6.85e-06,220.44347411,0.01204013,121.0315336,0.00023992,44498.68578206,2.28704909,39.49366616259418,0.0030429833938203604,41.55546246,0.00024746,41.96108658,0.00017724,22.79476236,0.03303403,16,24,42.78763,32.5024929899,26.2828489999,-3.6786662271,-0.4780434836,0.8422542821,0.3426623901,3.654029108358224e-08,2.9710255295342857e-08,-4.442525528608143e-09,-1.0561389080110386e-09,3.1135697058832476e-10,4.2172264320963923e-10,2.4182582456488285e-08,-3.608768643726944e-09,-7.048252147258142e-10,3.781226715563806e-10,3.2429255101006276e-10,5.471057700879642e-10,1.6695079598798804e-10,-6.457736380501875e-12,-5.622560950875023e-11,1.5262426528412156e-09,1.2067480463954273e-09,-1.9361219417051437e-10,9.939132203497338e-10,-1.4406186846791062e-10,2.8754053160342155e-11,b'Resonant 2:1',b'',7.253556051635984,0.08021548126277434,6.499783096183679,0.06314412490397622,6.310080068192951,0.05280188131244721,6.171878955734444,0.08359191481672766,0.7537729554523036,0.18970302799072777,0.32790414044923494
b'2012 VS113',55.07270603,0.00179459,0.30933231,1.975e-05,26.78545973,4.114e-05,220.13237583,0.0095658,171.60349087,0.00010154,55530.83302664,1.97432247,38.03693854726589,0.0023101420960030734,37.72671948,0.00019682,38.14592478,0.00013914,22.93320936,0.02862281,21,34,58.68392,28.4875868555,25.1604622974,-3.2434718074,-0.7378489165,0.9002024484,3.031e-07,2.1513788889168848e-08,1.9058936499591598e-08,-2.664267069059553e-09,-8.820622471381618e-10,2.791548096373504e-10,1.2817579484247648e-11,1.6915465894416214e-08,-2.3628227662922506e-09,-6.143907163207009e-10,3.935354353508942e-10,-9.11112443600449e-12,3.345353491355428e-10,9.441027702794518e-11,-4.753226916490692e-11,7.654522928357311e-13,1.2311153309128644e-09,1.0253869050575847e-09,-1.4623677004621408e-10,9.057854265389841e-10,-1.2642136164957575e-10,1.9215010559716822e-11,b'Detached',b'',7.778540581640593,0.04923312994733619,7.069510534623964,0.03675892266712983,6.829834768138307,0.047643513683341736,6.7230688003470735,0.08299035065457311,0.7090300470166319,0.23967576648565325,0.34644173427688674
b'2012 VU113',39.48975153,0.0009746,0.07700229,3.02e-05,30.12484855,0.00010922,314.58713658,0.05199325,65.51322445,0.00011493,53820.30820714,11.11364178,36.44895036040819,0.0020060834838323605,36.0738111,0.00019812,36.55741369,0.00014067,23.32758894,0.05045836,16,21,54.21413,27.1563283459,24.4554443781,0.9537119791,-0.5110559935,0.5708675349,0.7579811658,2.1344574169517485e-08,1.9522669027064843e-08,8.190486502061691e-10,2.7149416228249892e-09,3.145372259368257e-09,6.602660237203335e-10,1.7900627501777884e-08,7.655410907394813e-10,2.7252894222870263e-09,3.086251355996354e-09,6.103450345236129e-10,5.580626781056174e-11,2.8116824961409303e-10,2.777168722807883e-10,2.6614850812836254e-11,2.985186399224388e-09,2.738329326356988e-09,1.5139154939576859e-10,2.543955368664675e-09,1.5705065143300833e-10,2.7499151761247254e-11,b'Resonant 3:2',b'',8.518054975767049,0.08907232840756071,7.6579024723775735,0.05964655832684136,7.320560478358329,0.07381312363013387,7.281746431402313,0.10337879009567202,0.8601525033894745,0.3373419940192429,0.37615604097526356
b'2012 VV113',46.09203813,0.00576937,0.11578406,0.00016752,15.66878613,7.669e-05,294.77571972,0.26052573,116.03795152,0.00113249,60371.06741172,64.66017402,40.75531489113581,0.012679582582973501,40.35910094,0.00109533,40.84678547,0.00078021,23.62600513,0.090452,9,9,15.68116,30.4640067099,27.210267391,0.0743425697,-0.6605817154,0.7050498998,0.3800360815,6.746989116755723e-07,5.955495771079071e-07,-6.066824141756131e-09,-2.693516344024487e-07,-2.238656977056682e-07,6.53096896859899e-09,5.260562709054626e-07,-5.272338788659491e-09,-2.343482429175559e-07,-1.944251172797771e-07,5.7886465431786844e-09,1.2876517300748201e-10,3.4262477846680998e-09,2.9539574667642664e-09,-5.94293126641381e-11,1.4879461954108986e-07,1.2801813413955404e-07,-2.3236623713199725e-09,1.105173336366766e-07,-1.901299078526176e-09,8.864913058650369e-11,b'Classical',b'',8.593384001835767,0.20256431668782304,7.578945153770098,0.12654304125182306,7.317181741583626,0.1671146728569113,7.107825841592485,0.17458549952748098,1.0144388480656683,0.2617634121864757,0.47111931217761716
b'2012 WD36',76.52621432,0.01791585,0.51036509,0.00017068,23.68324435,0.00017502,293.65617713,0.00850216,177.31609917,0.00041613,73112.83754503,0.71399996,37.469906353659105,0.021769807507470446,47.58942588,0.00045612,48.043081,0.00032461,23.60895162,0.05447555,12,19,33.18078,35.9166316474,31.8982036313,-0.7986288385,-0.9524627949,0.470748049,0.0161036918,1.1587598926457382e-07,1.0326440704518542e-07,-3.4364671426242358e-09,9.926354912725561e-09,1.2552908732266695e-08,-4.3294688211035084e-10,9.211985672000565e-08,-3.0647444005144973e-09,9.560946965449342e-09,1.1817838057498433e-08,-4.0682624725962376e-10,1.3152073154761574e-10,-3.203282854605747e-10,-3.950062317357886e-10,1.7324219951448128e-11,1.3244576600153008e-08,1.1873931364113003e-08,-3.9894510311928816e-10,1.079717414343494e-08,-3.626477831215228e-10,2.8429039454328266e-11,b'Detached',b'',7.32623634038748,0.09568697932392387,6.801538930470462,0.0823778124734605,6.626249142744209,0.09908768054302099,6.5212179274435425,0.16649692051741052,0.5246974099170187,0.17528978772625142,0.2803210030269198
b'2012 WE37',47.64798325,0.00433461,0.24564958,6.041e-05,25.68891763,0.00023331,331.10010212,0.06882053,59.86556229,0.00025892,56235.99671307,13.47599405,35.94327603500369,0.0061222522290871615,35.49962664,0.00072884,35.98064813,0.00052272,23.34636527,0.07662682,8,12,16.53312,27.5898866467,22.8635319125,3.2655938255,-0.5910624411,0.6389171166,0.7810844788,3.243696771076873e-07,2.5734694273065293e-07,3.25369921181954e-08,7.858466975469132e-08,6.73747871366047e-08,1.2324936114002087e-08,2.0428791738971425e-07,2.5831557549129875e-08,6.166290324933615e-08,5.3013693847938835e-08,9.753756297716041e-09,3.334953781436877e-09,7.340104481787891e-09,6.368885864622307e-09,1.2486096981129948e-09,4.8257631215549595e-08,3.7425925684399326e-08,4.141635345410314e-09,2.9275653080659184e-08,3.3962258831758063e-09,5.39149082206164e-10,b'Resonant 2:1',"b'2,1,-6,0,1,0'",8.541075589565368,0.1445882562114303,7.623348246865364,0.1131643453684512,7.328312265250732,0.09583953642268542,7.272772122158264,0.11807142551827438,0.9177273427000072,0.2950359816146296,0.35057612470710037
b'2012 WF37',39.37856098,0.00143076,0.29032761,3.267e-05,19.01345312,5.261e-05,275.14324038,0.00457314,173.61985156,0.00016907,64097.32583188,0.46813718,27.945877508022125,0.0022463045310136998,29.76547436,0.00014397,30.21485242,0.00010292,22.95911707,0.03945773,15,20,33.91051,22.8275644934,19.7811222688,0.7394644341,-0.9886363536,0.7909533425,0.098666238,1.1973738921136306e-08,1.0237942718150325e-08,2.436067370078207e-10,-8.732783165619237e-10,1.3812086842245483e-10,4.476532627302899e-11,8.768300149344552e-09,2.089259779507429e-10,-6.70879555876874e-10,1.8026376009632516e-10,3.955278769849766e-11,9.191310318455651e-12,-1.2168188662129579e-11,7.323808611118867e-12,1.6727081243020766e-12,8.682623361478122e-10,6.329888709524612e-10,9.890954141664059e-12,5.199873927215279e-10,1.1071332424643747e-11,3.0291688404279397e-12,b'Resonant 3:2',b'',9.01391356572322,0.0759101751986327,8.073937312023068,0.04484228228922944,7.706690645043706,0.06125062912482857,7.561036687518341,0.07166461126725683,0.9399762537001533,0.36724666697935976,0.5129006245047295
b'2012 WG37',49.02636941,0.00704801,0.34367962,0.00018447,14.3202443,0.00011039,41.15202136,0.01082804,106.99787339,0.00105433,81232.45345686,6.37751889,32.17700528086766,0.01352127214016961,48.00191681,0.00052233,48.49347099,0.00037043,23.57571764,0.07796134,16,17,36.59111,35.9496680369,32.4826984807,2.0279043527,-0.766618439,0.3626885007,0.3236863797,1.4831965280364154e-07,1.3562297630444322e-07,8.023623811765526e-09,9.159717662057953e-09,1.2768723560699411e-08,1.994267765525131e-09,1.2414815334223051e-07,7.363606686827675e-09,9.539632522010436e-09,1.270977068805883e-08,1.8783222932846364e-09,4.762170379910166e-10,8.911100505924335e-10,1.043796193716725e-09,1.2317621487822056e-10,1.8834336728400202e-08,1.708141949875668e-08,9.790898129982166e-10,1.5660792174025785e-08,9.357528365765501e-10,8.419617682455744e-11,b'Scattering',b'',7.385153945587861,0.10105915976693124,6.714028642696983,0.08533123269608037,6.423864077805957,0.07573100095995149,6.2286739160658176,0.09821833750588212,0.6711253028908759,0.29016456489102876,0.4853547266311673
b'2013 QO95',39.96711994,0.00049974,0.03263212,1.003e-05,20.60295734,4.288e-05,315.78849753,0.0692476,83.10832214,0.00014813,59142.53900838,16.59845345,38.662908017649364,0.0008625178998637614,38.28573167,0.00012562,38.6728443,9.225e-05,22.80757751,0.02971134,25,29,50.01169,31.0214316765,23.0351867121,-1.6247571585,-0.5007752352,0.7064367336,0.5526609476,1.0117941608858282e-08,7.545437799550415e-09,-6.012117050955787e-10,-6.512676992711307e-10,-2.2124642935020145e-10,1.7896576412645026e-10,5.634244307172865e-09,-4.4735340513854865e-10,-4.411945141703112e-10,-1.3141000523299895e-10,1.317190391552823e-10,3.964392188817935e-11,6.243865935356465e-11,3.173788054966265e-11,-1.2391880981333305e-11,9.792115537752067e-10,7.463282370085093e-10,-4.929759447750377e-11,5.789229887879065e-10,-3.345537805142013e-11,6.103706547690533e-12,b'Classical',b'',7.8270261975284665,0.07562310029393246,6.912803549060174,0.04883976151593356,6.442709740976236,0.041557756143713896,6.3578650984558625,0.08054483774499106,0.9142226484682943,0.47009380808393786,0.5549384506043141
b'2013 QP95',40.6445037,0.00098858,0.16946167,2.887e-05,25.44137142,4.924e-05,18.81611088,0.00499236,71.39585134,9.773e-05,69005.86119918,0.72281926,33.756818211476535,0.0019106495229497236,36.01439298,0.00016075,36.39020242,0.00011822,22.85246104,0.02800014,22,27,50.17221,29.2339754541,21.5916800076,-1.8495582364,-0.5897028065,0.6103472029,0.6926090962,1.6737823224237276e-08,1.227809122115906e-08,-1.2728499349041333e-09,-1.4590463853751328e-09,-5.682026408205825e-10,4.5763205825611537e-10,9.01612290059302e-09,-9.31600714529899e-10,-1.03202299100194e-09,-3.8824365873997693e-10,3.334211306354281e-10,1.0242854474255215e-10,1.374764951026636e-10,6.33375446479752e-11,-3.680120250058505e-11,5.671648339318304e-10,3.8221937291144687e-10,-6.691648361612736e-11,2.7304469611474773e-10,-3.602859069892608e-11,1.5583118906976112e-11,b'Classical',b'',7.901517417475452,0.0533930768673022,7.194015054426446,0.03329160830430119,7.021749351158126,0.03463644657641301,7.005180035408953,0.08884352072774303,0.7075023630490054,0.17226570326831975,0.18883501901749306
b'2013 QR99',41.01962958,0.00228174,0.04246193,4.806e-05,32.36972434,1.887e-05,263.2357966,0.12347304,50.96761934,0.00028709,54056.16493488,30.10541234,39.277856753552065,0.004064371139712354,39.86690953,0.00051772,39.32290759,0.00035468,23.42077799,0.06319378,10,13,31.38697,28.57131703,-7.3923051648,-25.9870107756,0.566699097,0.7556946728,0.3932212412,1.3786985338899694e-07,-3.658751448611402e-08,-1.2888851566022181e-07,9.111561312283017e-09,1.8148307719924491e-09,-3.966481868330614e-09,9.785242220302674e-09,3.42628399779922e-08,-1.971448915995424e-09,-6.018267374055097e-10,6.288863763641516e-10,1.2059649741729007e-07,-8.033038964365356e-09,-1.8324346146204546e-09,3.255839279676407e-09,4.694870358840079e-09,-1.029800872848945e-09,-4.149421091419319e-09,3.543346494995778e-10,1.0414832818559155e-09,3.819213459279626e-09,b'Classical',b'',8.285773169253472,0.16357430405230988,7.413258428524104,0.07784541521401839,7.183198993201115,0.09221017829502376,7.157996232645976,0.11222186730867165,0.8725147407293725,0.23005943532299084,0.2552621958781294
b'2013 QX103',50.45549221,0.01585727,0.26341109,0.00018732,32.48915599,4.249e-05,232.08567214,0.02195905,50.49275809,0.00026327,53668.35578749,4.39399584,37.16495581086613,0.02111111126349538,38.35076822,0.00199544,37.55138902,0.00132861,23.74879433,0.07546966,7,15,32.2616,14.88099597,-18.8640728768,-28.8584395049,0.9696694508,0.6177819297,-0.0013986197,5.599444613813123e-07,-7.54395745130379e-07,-1.1605375709096448e-06,3.56321570303304e-08,2.542074724723304e-08,4.417801593935504e-09,1.0165560928561725e-06,1.5637472075778973e-06,-4.7677967944525207e-08,-3.472814847156632e-08,-6.6719276119158355e-09,2.40556152086078e-06,-7.350189898861544e-08,-5.3198389325261544e-08,-9.92397521884517e-09,3.046772252081985e-09,4.931709788297736e-10,-1.4103420153014357e-09,2.791928189570589e-09,2.6568246074933094e-09,3.734324702490357e-09,b'Detached',b'',8.470092175557513,0.1289524062814126,7.881461504341198,0.11485125108744348,7.63584693684477,0.12285958210478114,7.385690775260825,0.158922120055475,0.588630671216317,0.2456145674964265,0.49577072908036857
b'2013 RA109',462.87142999,0.16032451,0.90059623,3.393e-05,12.39967911,8.51e-06,262.91319964,0.00430466,104.80029371,0.00030005,54265.39997219,0.94917007,46.01116342467235,0.03163802984174621,46.42350729,0.00030604,46.62036264,0.00025892,22.73369635,0.03072222,20,24,42.8286,42.4202975949,19.1721287508,-2.5310162737,-0.324402485,1.1256003268,0.4880641226,7.779443904223685e-08,3.47648940987592e-08,-5.168412043732083e-09,-4.645584718816049e-09,4.414599577798351e-11,1.1044850923383598e-09,1.5555188660770147e-08,-2.305418491157335e-09,-1.9458061294845377e-09,8.019061266449752e-11,4.859824156934482e-10,3.516145757788898e-10,3.5773620996550886e-10,2.007726727832767e-11,-7.670639180675017e-11,1.7319548066521214e-09,6.779680636763451e-10,-1.511540938392104e-10,3.2087588719846063e-10,-3.928050509653912e-11,2.2682864565517456e-11,b'Detached',b'',6.7484585106829496,0.07779784985456933,6.086271904562553,0.07528005062596915,5.8675460399818515,0.10725557324033833,5.926089163607488,0.13103713502257047,0.6621866061203957,0.21872586458070103,0.16018274095506987
b'2013 RA156',30.96754307,0.00106377,0.08340081,2.738e-05,13.07883559,0.0001581,160.79166927,0.07158266,35.92421162,0.00023216,88573.56137617,13.78302748,28.384824897571477,0.0001358230359167882,33.41733566,0.00026352,33.5494837,0.00023821,23.17984841,0.06139545,11,15,25.93771,31.7487402481,10.6443638276,2.0695090686,-0.3082686369,0.7980232166,0.5900406308,6.261892810347066e-08,2.035325684103165e-08,3.6067653576980374e-09,-1.2343021842638254e-08,-1.6852326135124885e-09,8.28826666443874e-10,6.636544933463926e-09,1.1784388401796917e-09,-3.7050185257797815e-09,-4.551429146710358e-10,2.8062516828068843e-10,2.2247289067622396e-10,-5.10109017091008e-10,-3.7903327911285514e-11,5.6957361398065074e-11,1.2976048288210625e-08,3.4328236532058916e-09,2.1897215393815213e-10,9.671957010660313e-10,9.028404358584444e-11,3.398155459706395e-11,b'Scattering',b'',8.529974594008872,0.1296793897317432,7.926618465314769,0.1483814703549842,7.6562860433793585,0.1359384986027061,7.61033105696062,0.14258038629947964,0.6033561286941013,0.27033242193541857,0.31628740835414976
b'2013 RA157',54.66040297,0.00419149,0.39372149,4.046e-05,37.62948947,7.068e-05,201.53280223,0.00695147,178.83103461,5.969e-05,56172.50567865,1.13439962,33.13942751682188,0.004748934943194214,33.01624001,0.00034129,33.21779368,0.00027463,23.80655711,0.06368333,16,24,35.36463,29.3227036245,15.0382180572,-4.1776628553,-0.5627159754,1.1240735087,-0.2768795367,9.042195765697927e-08,4.6564580618488277e-08,-1.3641189511605435e-08,-2.1078996480287744e-09,2.797910407667846e-09,-9.898899920765686e-10,2.4046607268872207e-08,-7.044228277105039e-09,-7.97007084648356e-10,1.591433721659785e-09,-5.538742691850372e-10,2.0737272543568777e-09,2.2080147692077393e-10,-4.727357865117741e-10,1.6445287718811523e-10,1.5523376436748583e-09,7.155605239494751e-10,-2.059682826984722e-10,4.947924231057981e-10,-1.4977329883722992e-10,4.786707608874035e-11,b'Detached',b'',8.928887893930385,0.09745873334786355,8.45575049233945,0.06743808241258631,8.151290045077774,0.06370356210529574,8.068817681177405,0.10633671647403639,0.4731374015909373,0.30446044726167254,0.3869328111620426
b'2013 RA158',45.82164397,0.00260764,0.16736959,6.235e-05,18.98990868,0.00013878,129.41923122,0.02067866,179.39736668,5.642e-05,43835.22539174,3.78215934,38.152494162273356,0.004297010033161305,41.0106778,0.00049706,40.9429103,0.00049003,23.66978989,0.07161019,10,15,23.24974,40.61934674,5.1305984669,0.2598728036,0.0046363221,1.0304537593,0.080184074,2.439218839552816e-07,2.7881047708279774e-08,4.77430374151095e-10,-1.1384280142252982e-08,5.270924701258898e-09,5.980991793017808e-10,3.2685630274458174e-09,6.028823898996398e-11,-7.8654408059553e-10,6.696024263529698e-10,7.015627702085074e-11,2.5979308130912614e-11,2.918846178207253e-11,1.6595756056338757e-11,5.485542334169592e-12,5.206027119256204e-09,3.240837953405811e-10,-1.166109172998144e-11,1.8971956180009538e-10,1.49221369744054e-11,7.678919005059319e-12,b'Classical',b'',8.153824599491456,0.12674260252884814,7.532559176936763,0.0799039446081999,7.2401188870589746,0.08510349278712373,7.197621633011794,0.13126374012927083,0.6212654225546933,0.2924402898777876,0.3349375439249719
b'2013 RB109',40.20362274,0.00094106,0.10793801,2.05e-05,23.15164855,5.429e-05,223.91311171,0.0123621,175.85659761,2.92e-05,64467.49033346,2.46784703,35.86412367405543,0.0015766947985980904,36.55426046,0.00017594,36.4657436,0.00017388,23.07998927,0.03513774,18,26,51.75447,36.2331113948,3.9875038682,-1.0059363882,-0.1781773604,1.0737484305,0.0114690515,3.0621280804209546e-08,3.0351297359050136e-09,-1.0334237856838546e-09,-3.3835217779345903e-10,9.464132753118986e-10,3.256316357620199e-11,3.1937891967938664e-10,-1.0214181176485554e-10,6.07666150605107e-11,1.044955222152164e-10,5.281063723745201e-14,4.0044053275759894e-11,1.362527020391446e-11,-3.166855246502811e-11,-1.8776906145658454e-12,6.683648843179274e-10,6.95321823450643e-11,-2.2777048203079387e-11,3.9958807905945545e-11,-1.6959586027267173e-12,1.862866642883395e-12,b'Classical',b'',8.034634178390954,0.05397910550177058,7.380161007093347,0.040458977720370916,7.198985512166649,0.05599374675743455,7.2367155314711855,0.09012968139407411,0.6544731712976043,0.18117549492670365,0.14344547562216123
b'2013 RB156',38.86998871,0.00911653,0.11336248,0.00011918,38.96287204,6.36e-05,5.76648368,0.08784907,45.12974487,0.00051319,81632.2555651,14.92275558,34.463590423131144,0.0081304451618299,40.74948064,0.0025084,40.0062072,0.00186419,23.79452301,0.07711094,9,9,18.2703,13.7732564133,-16.6630223123,-33.6621108885,0.7675114566,0.5896891613,0.1496787893,6.561555324326185e-07,-8.530276879685054e-07,-1.7232961742480589e-06,3.9973409234830665e-08,2.369098811330901e-08,4.939315354382371e-09,1.109336839982814e-06,2.2408663566217094e-06,-5.136004736590203e-08,-3.1623869418778926e-08,-8.063686654174415e-09,4.5268511954010116e-06,-1.0410248578712089e-07,-6.342303401325402e-08,-1.5358759080768716e-08,3.879487623706243e-09,-5.008246436855396e-10,-3.5714436182744746e-09,3.5041714849840034e-09,5.4317553932294705e-09,1.0511997666247465e-08,b'Classical',b'',8.256131043292877,0.14250445575080478,7.531902112854832,0.08475173933433457,7.552330860747235,0.1124667580806689,7.595322081976134,0.23698492311006147,0.7242289304380447,-0.020428747892401303,-0.06341996912129962
b'2013 RB157',39.55165402,0.00250118,0.22790872,0.0001356,8.70941049,7.066e-05,213.41856384,0.01439704,76.98325507,0.00114039,43470.58452925,1.11411999,30.537487074628977,0.0068349616679448605,36.06522478,0.00041517,36.06219241,0.00039487,23.99283494,0.07286686,8,10,28.33283,35.1039135093,8.0150786797,-1.9888417255,0.037306897,0.9882830235,0.4634360675,1.6414893744703808e-07,3.502658863099382e-08,-1.1023701276017098e-08,-2.6565132221405564e-08,-7.014972700695607e-10,4.1408361516010324e-09,7.660989827909717e-09,-2.2853214951825326e-09,-4.11842234228242e-09,1.9555417098285456e-10,7.804489682181949e-10,8.118894896293911e-10,2.5091097611471692e-09,2.035915909043745e-10,-3.169806213019407e-10,2.094913059594007e-08,3.7095938680527154e-09,-1.7765962947751165e-09,7.923143633823227e-10,-2.5683450423372515e-10,1.8991801932782597e-10,b'Resonant 3:2',b'',9.472261250908145,0.1917816689709552,8.497250342272208,0.12051611480632937,8.362113684524152,0.14057902481685589,8.259728898513645,0.23329549306608494,0.9750109086359368,0.13513665774805808,0.23752144375856418
b'2013 RB158',46.4397436,0.00422838,0.20571223,5.982e-05,20.35997796,0.0001724,357.57688625,0.03817561,2.32057411,2.631e-05,56779.16556869,7.8982267,36.88652024046016,0.006132244551099221,37.02254166,0.00058057,36.89483447,0.00057925,23.89317583,0.07625679,11,13,25.47358,36.8502873069,1.6129456338,0.8267662375,-0.0435322895,0.8194748582,0.786256572,3.3634292775440633e-07,1.385147239231404e-08,7.146891036712614e-09,-2.1973096749319628e-09,8.019741090695262e-09,7.518894688376887e-09,6.776075367363131e-10,3.6490258536189673e-10,1.0282024160517921e-09,3.644884090768782e-10,3.2481727528701526e-10,2.493163054350131e-10,9.973293087141774e-10,2.0506087113284413e-10,1.7097446061555847e-10,1.6586042960883798e-08,4.972638256455891e-10,1.7526362011091093e-10,2.210927358272821e-10,1.8675770479974567e-10,1.827816851075021e-10,b'Classical',b'',8.689515100503828,0.13717615336426434,8.226737408337799,0.11526094840381404,7.700361760895499,0.10589635787955452,7.544968833083471,0.15283174320091883,0.4627776921660302,0.5263756474422991,0.6817685752543258
b'2013 RB98',42.20356008,0.00165361,0.25685769,6.103e-05,21.93922683,3.81e-05,350.45517474,0.00548673,147.02820679,0.00024838,77615.03603609,1.65199654,31.363250923633775,0.0033317140748984437,41.34639578,0.0004234,41.72362599,0.00030332,23.00096413,0.0422431,14,19,33.02954,32.6252637207,25.5869946624,-4.6646369022,-0.7539202084,0.5892829551,0.2062675349,1.0827537280974462e-07,8.611268927321943e-08,-1.6444847968107632e-08,3.784001896406186e-09,6.36553168579069e-09,-3.830975023115525e-10,6.85151909164009e-08,-1.307870137672885e-08,3.1910534199656277e-09,5.208714607199102e-09,-3.3203359127664115e-10,2.50555824932993e-09,-5.641582341359119e-10,-9.581513086252768e-10,5.558349687409159e-11,2.155378401490449e-09,1.8646590307977037e-09,-3.189728923667357e-10,1.7111594841522408e-09,-2.70843881884129e-10,4.9945299191554467e-11,b'Resonant 5:3',b'',7.404020404284934,0.09755032765535075,6.546118269384264,0.0599283059238506,6.154492018832203,0.05328994048922345,5.968102468644515,0.11360138424074116,0.8579021349006712,0.39162625055206224,0.5780158007397508
b'2013 RC109',39.41802985,0.00165741,0.27917408,4.258e-05,43.51455814,0.00017802,318.81462664,0.02070854,32.81636831,6.091e-05,53024.63527624,2.66386517,28.41353772992549,0.0026274522483076502,29.06426535,0.00018562,29.35414567,0.00015352,22.80572502,0.04687265,13,17,34.45967,26.2662784814,12.9677421245,1.8937124991,-0.1806130139,0.5388344012,1.1694048947,2.7784267200944764e-08,1.3642430053447791e-08,1.5146854958707943e-09,5.194667599156268e-09,3.0851452815231653e-09,1.0135169283066827e-09,6.7656997457561675e-09,7.831035086714406e-10,2.0834257321514127e-09,1.350804789322147e-09,5.302185195802008e-10,1.8359087464162672e-10,-4.960950086183047e-10,-1.5008479247354618e-10,1.315561757342535e-10,1.0339955922124677e-08,4.405895235634821e-09,-4.5903175324252965e-10,1.926594342601207e-09,-1.5243671477501077e-10,9.779159847617326e-11,b'Resonant 3:2',b'',8.746830900977772,0.07003915003570838,8.152208933433764,0.06102443094315335,7.9733266700895715,0.06733537779542613,7.81272834910734,0.08256802907887381,0.5946219675440116,0.17888226334419408,0.3394805843264261
b'2013 RC156',172.69911226,0.28714784,0.78324523,0.00034546,34.99972097,0.00014992,319.72561723,0.00628378,349.16760137,0.0004151,60302.91703604,1.07929545,37.433357156697674,0.12190008423758888,38.9503113,0.00252702,38.12753827,0.00164259,23.59321598,0.07104063,10,14,33.82039,15.5760890962,-19.873816787,-28.5679195838,1.1509631778,0.2710206434,0.6682054001,9.55761757955831e-07,-1.300835351469416e-06,-1.8715114080255453e-06,7.175210590084301e-08,1.4688804547485306e-08,4.778283121021024e-08,1.7706212972150222e-06,2.5473443553100494e-06,-9.756933286880916e-08,-2.0140166221513833e-08,-6.52319703724483e-08,3.6649083256142673e-06,-1.4034779329445703e-07,-2.89929541098254e-08,-9.390577022848602e-08,5.960176869400489e-09,3.89938425294294e-10,2.572472658491509e-09,1.1575654942199106e-09,2.0381913821589297e-09,4.262121128003298e-09,b'Detached',b'',8.381440479140762,0.1321475246859998,7.709886581582532,0.11490463217864964,7.509933330556967,0.14446603198883817,7.22222930878212,0.13295680713411645,0.6715538975582314,0.19995325102556455,0.48765727280041105
b'2013 RC157',39.24489923,0.00211077,0.251001,3.38e-05,12.81870037,5.076e-05,249.96041421,0.00790718,139.42284415,0.00035582,59325.37640736,1.12646012,29.39439031845125,0.002899255865427997,29.444068,0.0002642,29.55482674,0.00023875,23.76385529,0.07085314,15,17,41.38353,28.0063526849,9.2346216368,-1.9630986193,-0.4246054505,1.1691242396,0.3473011998,6.274435014746945e-08,2.051281966864305e-08,-4.864193833994441e-09,-1.1233523284372818e-09,2.5700044194930254e-09,7.830665398776583e-10,6.752960494666756e-09,-1.5837558601924188e-09,-1.873331763563796e-10,9.040285885435707e-10,2.436339098670001e-10,3.9489948930897487e-10,1.294565978034593e-10,-1.838668418366628e-10,-6.528299592664178e-11,1.1350529020289525e-09,3.575734845595257e-10,-9.089717105530478e-11,2.5630754816351057e-10,4.1582797306338445e-12,1.9485893206141115e-11,b'Resonant 3:2',"b'3,2,-4,0,1,0'",9.517999239185714,0.1044429966180409,9.0230342718369,0.08477511758425774,8.584223318413537,0.09805954804241437,8.578822724507509,0.14311279708363212,0.49496496734881545,0.43881095342335913,0.44421154732938645
b'2013 RC158',30.05636082,0.0022517,0.05721526,3.206e-05,7.44983004,7.596e-05,86.13975895,0.09900369,81.55608494,0.00095885,81141.9094716,15.86665799,28.336678309542286,0.002117017867602773,31.23728182,0.00052199,31.44929249,0.00045169,23.59118631,0.08106705,9,13,21.81542,28.9894075287,12.1115087669,1.4084048921,-0.4342553562,0.8895123516,0.4678452507,2.33314251552851e-07,9.523661759817306e-08,9.386300773574134e-09,-3.798028015343059e-08,-4.902506784977366e-09,3.2295952152481322e-09,3.8946565312159694e-08,3.854186593866434e-09,-1.5090698799160027e-08,-1.8347121607981878e-09,1.336124250588792e-09,4.065336990222572e-10,-1.3429494266243226e-09,-1.2051257836175346e-10,1.3355183406354909e-10,9.580662512422279e-09,2.2051950442708973e-09,-3.7966715062696063e-10,6.945565576486825e-10,-7.254473328969713e-12,5.867177052089383e-11,b'Resonant 1:1',b'',8.99725671856545,0.11548331693891296,8.473741383187336,0.11100863598468011,8.577500971856852,0.11897579813918455,8.277166621226845,0.16076402565246914,0.5235153353781151,-0.10375958866951822,0.19657476196049029
b'2013 RD109',32.3801417,0.00072656,0.08108492,1.307e-05,11.11941924,4.64e-05,332.70544905,0.02160453,16.69189473,4.267e-05,54433.80751552,3.39946323,29.75460057614916,0.0010573351725282178,29.91698956,0.00013563,29.87186548,0.00013327,23.11298784,0.03856285,14,25,46.48314,29.5556521012,4.2421605156,0.8921045505,-0.1317206588,0.9786059886,0.6714192769,1.8138872061244185e-08,2.1411395742913285e-09,2.7990169865042734e-10,-2.3478977103738894e-09,4.3900198209703837e-10,4.309979964901269e-10,2.644284788823136e-10,3.873681645588513e-11,-1.9875789011448537e-10,6.082199204169019e-11,5.167091640674581e-11,1.0901024938901711e-11,1.4621388654885428e-11,1.2416397008721479e-11,7.455530345002208e-12,1.0065382116486012e-09,2.0938495518920207e-11,-4.87869541847874e-11,2.0182179981908856e-11,1.1211761279247336e-11,1.125321124118833e-11,b'Scattering',b'',8.7512544103851,0.09967179960224581,8.142035505463111,0.06066788480884477,7.991985203387221,0.0629959676432262,7.813152609453626,0.1059989366874563,0.6092189049219816,0.15005030207589465,0.3288828960094867
b'2013 RD124',42.89518515,0.00342597,0.09592899,5.157e-05,15.43393273,2.446e-05,54.02044483,0.03460496,221.25179155,0.0003701,45939.12985679,7.67443199,38.78029352185034,0.004963346223200384,40.62198636,0.00073062,39.93584041,0.00052608,22.8084941,0.03665072,13,21,43.60837,31.0693776913,-25.0870226936,0.4543253918,0.6726510752,0.7286009306,0.2735054056,3.135932096711884e-07,-2.6285126042746356e-07,4.1848833810782e-09,3.0816191858863724e-09,1.039508596588682e-08,2.586245563731626e-09,2.203628202307836e-07,-3.5033191033259948e-09,-2.402297699980991e-09,-8.864122056169711e-09,-2.1642881900843474e-09,6.880931586644981e-11,7.747860366458389e-11,1.0942712576111241e-10,3.231312533805413e-11,1.4977353859657142e-09,-1.0798928162705042e-09,5.377344644459159e-11,1.3021469275407065e-09,6.285992003009244e-11,2.5081423716482605e-11,b'Classical',b'',7.400724698307306,0.060553000894069973,6.715299454644727,0.045315425762596305,6.530561280621663,0.06586500775810566,6.4705987161444565,0.08856219237367463,0.6854252436625824,0.18473817402306364,0.24470073850026933
b'2013 RD156',46.80491712,0.00982749,0.07561588,0.0007311,29.16933513,0.00043028,322.78565483,0.25885493,305.6705613,0.00040449,39249.24333762,59.38182459,43.26572192353504,0.04194006872562583,45.65200619,0.00175625,45.01433414,0.00133688,23.63850537,0.08020336,8,13,30.9361,37.6519426689,-24.6698830278,-0.1355090368,0.413183675,0.5130932341,0.6912107325,2.1542395259787772e-06,-1.4161106747708411e-06,2.4767729627520283e-08,5.25453492183907e-07,-3.188149445638319e-07,3.0613430374712535e-08,9.32455692945872e-07,-1.4895073610989636e-08,-3.260757636134915e-07,1.962938942962742e-07,-2.0423539401308262e-08,1.5986351417441705e-09,2.3837851688857595e-08,-1.5889060586298154e-08,7.620872585991682e-11,3.7646080400355857e-07,-2.4829733261559695e-07,3.628118332445073e-09,1.6432241690788163e-07,-1.893774156184717e-09,5.040846513416976e-10,b'Classical',b'',7.33426637149117,0.1688622668436107,6.900901157528695,0.20196959265437012,6.937934560423164,0.2525516029649734,6.665014478778565,0.17767999913804194,0.43336521396247235,-0.03703340289446694,0.2358866787501301
b'2013 RD157',37.64332971,0.00137357,0.09927659,4.216e-05,12.1589567,5.592e-05,161.33419609,0.0127916,151.07833736,0.00016353,47601.3686033,2.21312589,33.90622820014512,0.0027287748261988704,35.18022986,0.00026303,35.04158876,0.0002594,23.11832778,0.03734718,18,23,39.55991,34.8091179747,2.6208047107,-3.0609853966,0.0194677901,1.0713554493,0.2405659665,6.818437199461978e-08,5.4688499012603025e-09,-6.2070948893636975e-09,5.871604339382267e-09,2.4628903395610502e-09,-1.0747283664218291e-10,4.613324987434196e-10,-4.942807058116043e-10,6.124931434455817e-10,2.081318569547653e-10,-2.1713848714860585e-11,5.719519350445122e-10,-5.038828112443021e-10,-2.2188111805469013e-10,6.716703225775347e-12,1.7147166078521274e-09,3.042769171879962e-10,-1.2101407880855345e-10,9.752577990776399e-11,-1.240579002006856e-11,1.2025247110720685e-11,b'Resonant 7:5',"b'7,5,-2,0,1,0'",8.444814735790525,0.09506168875902576,7.6154293514012235,0.06302368516582316,7.350272718165863,0.07293770022090654,7.191770023383237,0.08357335892475028,0.8293853843893034,0.26515663323535943,0.42365932801798784
b'2013 RD158',97.20392989,0.02066017,0.6320473,8.797e-05,32.68604433,0.00014578,23.96197019,0.0060981,41.12995357,0.00010393,65756.68208858,0.69327807,35.766447977383,0.016114830344436715,40.19958104,0.00041121,40.41383456,0.00034395,23.44945648,0.08347566,13,15,41.82848,36.4993059821,17.3128057808,-1.1599321416,-0.6206962572,0.5089060821,0.9514918498,1.3811021273616466e-07,6.517879031562063e-08,-5.5187652195062805e-09,-1.1078794838980354e-08,-2.8348819704665116e-09,3.6679888721097887e-09,3.078962415109584e-08,-2.5971654888598366e-09,-5.066362574023601e-09,-1.2602123573425414e-09,1.7282844732506056e-09,2.5044250084358855e-10,6.616062427364514e-10,2.2075074563195073e-10,-1.522979698513556e-10,5.537626463777807e-09,2.504792609435823e-09,-3.801394200148946e-10,1.1859469356203068e-09,-1.1744419242847276e-10,1.0881762584535832e-10,b'Detached',b'',7.787216304126284,0.1139350929236246,7.326827545842308,0.13443993867127382,7.016207002067711,0.14222043479506594,6.769064554546775,0.11894334950759132,0.46038875828397324,0.31062054377459936,0.5577629912955306
b'2013 RD98',39.45154986,0.0025413,0.23282574,9.398e-05,19.54609883,7.48e-05,104.92053381,0.03331065,144.86190914,0.00056976,25751.99367511,11.24135412,30.266213514744724,0.005193504715458355,45.62731394,0.00059705,45.98059751,0.00043641,23.8305865,0.06681425,13,16,28.60755,36.7660395118,27.3511258192,-3.7933629541,-0.3626490948,0.747062943,0.1667726352,2.2851589080915462e-07,1.690316043163796e-07,-2.5519596586459232e-08,1.0005448207343347e-09,6.214603545926953e-09,4.795805526583567e-10,1.2528035914009488e-07,-1.885797346305893e-08,2.594628788350052e-09,6.0127300644083876e-09,1.5211090677857742e-10,2.885594035988121e-09,8.8923855795297e-11,-5.413556713157717e-10,-7.388202689179677e-11,1.742350639586047e-08,1.3290451255949742e-08,-1.9000013986525378e-09,1.0280191234820475e-08,-1.4358750696354987e-09,2.1651546192428174e-10,b'Resonant 3:2',"b'3,2,-2,0,1,0'",7.796186321181674,0.09707823368758516,7.187839197434782,0.06964473852117395,6.941993970254542,0.08678941970077096,6.607650191203023,0.1270508560939403,0.6083471237468909,0.245845227180237,0.5801890062317556
b'2013 RE109',43.64831609,0.0008037,0.1518338,4.965e-05,5.41706907,1.489e-05,165.32835997,0.00553995,112.86611698,0.00081944,35220.29322722,1.28367988,37.02102646981155,0.002447709751600596,42.98643349,0.00020367,43.0105221,0.00019466,22.66306898,0.02728789,23,31,57.90571,41.9842072594,9.3352572432,-0.2903858897,-0.0474553203,0.8969197688,0.3546654727,3.9676844198774514e-08,8.454114009329053e-09,-5.070404193581576e-10,-4.849151713076544e-09,-1.1065171984393256e-10,4.250451868793185e-10,1.8111407171709225e-09,-1.0583366036768526e-10,-9.375943667289127e-10,-3.73573822574126e-12,8.950199168638148e-11,1.1443563388415521e-11,9.993482411197371e-11,9.656812482888093e-12,-6.7631403435718e-12,2.2595058764809363e-09,3.7615919538718484e-10,-7.020194908153882e-11,8.102618517558253e-11,-5.140337857120934e-12,6.466051431827515e-12,b'Resonant 7:4',b'',7.332362896442538,0.05801020990333046,6.253260754364126,0.04467325595782934,5.912756760984932,0.039649911865480225,5.616654166401949,0.03496678311375752,1.0791021420784148,0.3405039933791939,0.6366065879621751
b'2013 RE124',120.86270929,0.02409181,0.66901434,6.261e-05,31.67468658,0.0001102,160.02099274,0.00695486,175.66085185,1.721e-05,53655.56636931,1.32998334,40.00382307423864,0.015521263014333025,41.11580393,0.00049805,40.85330732,0.00049334,23.13528141,0.05614948,15,20,47.51345,40.6570280182,-3.8510789347,-1.0807325552,0.2753878839,1.223723425,-0.1865734621,2.4571539449061384e-07,-2.4758486756072834e-08,-6.899968168467554e-09,-2.1256243578505103e-09,8.312760406047555e-09,-9.538729769614885e-10,2.5515706525562548e-09,6.917591205651483e-10,5.73527344865287e-10,-8.742400095681022e-10,8.757652747533345e-11,2.1736548197431052e-10,2.140704290294505e-11,-2.28607521443743e-10,3.611945193462355e-11,3.838722586529384e-09,-5.497398212056688e-10,-8.288617141520175e-11,3.4680986830412843e-10,-2.0843814447743415e-11,1.1706100052467541e-11,b'Detached',b'',7.372057342938339,0.06835109700268886,6.9514808194705235,0.0805932547712899,6.751687123811072,0.06877726645688605,6.715918304889749,0.09958484283320622,0.42057652346781027,0.19979369565945748,0.235562514580779
b'2013 RE156',40.55328387,0.0041205,0.0411907,8.926e-05,13.41705432,4.654e-05,43.65336001,0.13588274,259.15092359,0.00050317,51400.48278011,32.46868194,38.88286576645074,0.0073609850417418665,39.68499703,0.00095689,39.02517514,0.00071213,23.34843848,0.08126829,11,14,25.39271,31.9763706372,-22.3653480616,-0.5169350476,0.55319278,0.7513097311,0.42498652,6.019075443752363e-07,-4.343978126456914e-07,-1.041513785888582e-08,3.078990304337067e-08,-1.331268317976006e-09,7.2111708505414045e-09,3.13664077949775e-07,7.56552140739431e-09,-2.127372963691996e-08,2.555233335300983e-10,-5.228383448897305e-09,2.1623203212185737e-10,-1.8125819532053895e-10,-2.381296916901187e-10,-1.3426092194649763e-10,8.438219184206193e-09,-5.1632751898128726e-09,1.9599703296099356e-10,3.792889327549373e-09,1.1251659938864367e-10,9.547350599985283e-11,b'Classical',b'',7.838280354753445,0.0995680417900163,7.381964730129804,0.13678789314179654,7.126109242768633,0.12861862829638726,7.02580137680671,0.13523680063655075,0.45631562462364383,0.25585548736116787,0.3561633533230933
b'2013 RE157',45.90591042,0.00461791,0.13517263,0.00020511,35.63697211,0.00023821,129.85269955,0.02096688,179.24808605,0.0002614,36049.5695307,5.24874663,39.70068772728735,0.012736172547447935,44.03802367,0.00081125,44.31571718,0.00061989,23.75184492,0.09066499,8,10,30.02893,37.5662247496,22.9158390183,-5.2465101683,-0.398730572,0.8549396607,-0.1816527531,4.671621943888776e-07,2.907159717199753e-07,-6.833957057032886e-08,1.9841953929005677e-08,2.334732829212011e-08,-6.632445780979448e-09,1.8111957626211426e-07,-4.2575893525633984e-08,1.4170171452621003e-08,1.5643494751081368e-08,-4.3942071514381075e-09,1.006430769240915e-08,-3.4902488513258957e-09,-3.776360278895109e-09,1.0514800015566482e-09,2.54316959173878e-08,1.609577465495011e-08,-3.881732618406859e-09,1.0468114351919516e-08,-2.5443195680284577e-09,6.386680655344101e-10,b'Classical',b'',8.018534959574948,0.1382494069322884,7.394319806047227,0.13098523016488253,7.109246602887692,0.1056602403797812,6.958385567754002,0.1515836118256207,0.624215153527722,0.2850732031595339,0.43593423829322553
b'2013 RE158',48.02092402,0.02853691,0.39680679,0.00049806,28.28293614,0.00026374,84.26514121,0.02449284,173.91441199,0.00029303,46324.93113556,2.38951017,28.965895147657832,0.040778176639776495,36.41549992,0.00187943,35.84329663,0.00148128,25.3399624,0.33911787,7,7,10.94128,30.9899475248,-18.0099580437,-0.0804781209,0.8785724238,0.7739211896,-0.1080850566,2.625614905054465e-06,-1.550688224387109e-06,-1.427214291011854e-08,4.517544795267287e-07,-1.824045333015631e-07,-9.313814704951982e-09,9.168966348281842e-07,8.357599397123216e-09,-2.5745728881492493e-07,1.0156834627509293e-07,5.506857864092688e-09,2.2012842320934147e-10,-3.225790524809041e-09,1.5049722812140328e-09,1.0273393081445078e-10,1.7717175804348724e-07,-9.763174848807642e-08,-1.5416337457721801e-09,5.68487057154139e-08,6.06658265952878e-10,6.544838701002642e-11,b'Scattering',b'',9.558884778127245,0.15654558923591771,9.215367071773892,0.37922240327582457,8.606323691566113,0.3980021763094462,8.160605251704274,0.22156637826994938,0.3435177063533563,0.6090433802077749,1.0547618200696205
b'2013 RF109',42.863099,0.00074997,0.06474761,1.507e-05,9.71520907,4.237e-05,243.62371953,0.01984187,144.85613998,0.00020131,63854.63350427,4.88568886,40.08781570276672,0.00127407964093242,40.4615693,0.00015424,40.33268479,0.00015234,22.68292265,0.02074436,26,38,60.00319,40.0851699308,3.1102427988,-3.198594036,-0.0808650198,0.9766583676,0.2784868204,2.3492463816316222e-08,1.7774682517853543e-09,-1.954095905788882e-09,4.094666868061703e-12,6.191692821085061e-10,1.7278403965914317e-10,1.396665797447833e-10,-1.4719637147768993e-10,3.515198853103567e-11,4.956599302707373e-11,1.0363141070204377e-11,1.6556555615573058e-10,9.402780228691729e-12,-5.058271977605557e-11,-1.570938130980524e-11,5.119545168308071e-10,4.839571799222454e-11,-3.97967697286986e-11,2.1805163963429505e-11,7.938562456934744e-13,5.3034744808154985e-12,b'Classical',b'',7.53976262852842,0.04533724639450835,6.5610646014510525,0.02327908950927207,6.165601434057999,0.025638942232769166,6.004250517390874,0.04296328383629201,0.9786980270773648,0.395463167393053,0.5568140840601767
b'2013 RF124',43.42483381,0.00147718,0.03788546,3.759e-05,4.12602867,5.909e-05,174.17850507,0.07987757,44.30233694,0.00064131,15390.50677754,24.38605835,41.779663945376434,0.0015840078576075988,44.86902612,0.0003664,44.78816752,0.00036221,23.07754879,0.03315965,16,24,52.26078,44.5205721999,4.8880445241,-0.0749738861,-0.0700687799,0.8242598082,0.4130056659,1.3275945557278707e-07,1.4068390839762275e-08,-5.632322853807257e-10,4.5799961152264077e-10,2.9388908112782183e-09,1.4001803682467667e-09,1.5310790331880265e-09,-4.372257444377944e-11,3.6939177783063667e-10,3.4813002173598084e-10,1.48761259025587e-10,1.748252807962872e-11,1.537389714725604e-10,5.776353603500436e-12,-6.635872695114726e-12,3.133544064285208e-09,3.7683814318386626e-10,8.428714859685833e-12,1.0946285635429247e-10,3.142382001341038e-11,1.622931708258681e-11,b'Classical',b'',7.325314418948993,0.08960259656637427,6.4604238454332705,0.05763812986773306,6.18403090877497,0.06297434199767528,6.043979855663798,0.06785055502033924,0.8648905735157211,0.2763929366583024,0.4164439897694762
b'2013 RF156',39.38998993,0.00303726,0.25825625,0.00015103,6.59581252,2.807e-05,307.26931159,0.02912753,249.35998022,0.00244656,25000.32449928,14.15070675,29.217278864492712,0.005296472033515181,47.48534148,0.00157431,47.05960111,0.00144345,24.0805069,0.08873056,8,9,18.85359,45.0667869543,-13.549565431,-0.0068789494,0.3526095175,0.6785560978,0.3027691915,2.2513453569971464e-06,-7.152356080459523e-07,-1.03947127499864e-08,-1.743761864996015e-07,9.382797503857111e-08,1.5519155728053946e-08,2.2737289599662063e-07,3.3349554468738454e-09,5.669418371146354e-08,-3.020638608868683e-08,-4.9298571275226995e-09,1.1810997445043054e-10,1.3024597027577517e-09,-5.851345561252853e-10,-7.299693615160674e-11,3.335754841123989e-08,-1.3325210492141006e-08,-1.1926284776678386e-09,5.776218952535363e-09,6.439469876712488e-10,1.227204709627789e-10,b'Resonant 3:2',b'',7.736911548429658,0.183717638460182,6.997215594859982,0.22603218021271262,7.125821897994223,0.22229800080190776,7.118748150247763,0.20536849456014147,0.7396959535696767,-0.12860630313423774,-0.12153255538778479
b'2013 RF157',62.63180241,0.00545917,0.42039218,4.776e-05,20.45101623,5.939e-05,297.62616591,0.0198088,101.68095571,0.00037921,58455.68128068,3.65691254,36.30188272040946,0.006141043321640502,35.93231656,0.00037393,36.35563689,0.00026875,24.27794727,0.13814653,9,10,27.81897,28.2071244075,22.7413372605,-2.986979342,-0.6867359877,0.8673047649,0.5653773212,8.466479016294594e-08,6.758127883691258e-08,-1.0179694078226081e-08,-1.0221109799093388e-08,-4.505760867552187e-09,2.581493812219966e-09,5.431317534653845e-08,-8.013703582973999e-09,-6.486900764869216e-09,-2.2580570930532965e-09,1.867570055605149e-09,1.3011077891487531e-09,1.843544439423213e-09,1.038872062913485e-09,-3.9005643108762723e-10,1.0153864707825479e-08,7.744087983748855e-09,-1.3469900463646503e-09,6.065484171614512e-09,-9.739402147155143e-10,2.07699837704213e-10,b'Resonant 3:1',"b'3,1,-1,0,0,0'",8.834458775615426,0.21698422975883905,8.224619943945987,0.19720192015071672,7.57443620280838,0.19865647752686708,7.922244320613816,0.2776037183307306,0.6098388316694349,0.6501837411376138,0.30237562333217266
b'2013 RF158',47.33975916,0.00968646,0.20878296,0.00017473,16.55375358,0.00022052,359.44207395,0.09610957,321.40041717,0.00032134,51899.54225169,19.6452865,37.456024166773226,0.015037674786240334,38.51331548,0.00149657,38.1054134,0.00138175,24.11186642,0.10545538,7,10,17.50592,36.6357981693,-10.469400486,0.4821576296,0.3142563805,0.8234759735,0.6803457825,2.0498515572613427e-06,-6.258280505580345e-07,1.6322546918762332e-08,3.6222604930879494e-08,3.4147691971897886e-08,3.520919937708819e-08,1.9126346680391556e-07,-4.886910034944758e-09,-7.40943316826157e-09,-1.1641825572113846e-08,-1.0821306098812023e-08,2.676051224768298e-10,3.0870137538026742e-09,-6.821420949850668e-10,2.5063707955234e-10,1.0614605460866137e-07,-3.5356292603287474e-08,-1.447304912066959e-09,1.284280930684208e-08,1.2918488629208127e-09,6.615213964376814e-10,b'Classical',b'',8.808691038262923,0.16412872735457346,8.137056986997562,0.09912440460562662,7.50942885231092,0.10431095363142258,7.233908795085005,0.15507037672450438,0.6716340512653558,0.6276281346866411,0.9031481919125569
b'2013 RG109',38.23856451,0.00102004,0.09035946,6.293e-05,22.72216042,8.871e-05,59.73481674,0.01604135,22.68406355,3.688e-05,71366.49385623,2.46787539,34.783348327695066,0.003103985983274297,36.58497722,0.00017546,36.66519674,0.00016336,22.80774613,0.03234846,17,25,37.62385,35.2991529439,9.693554675,2.0836149284,-0.3204652869,0.6847816382,0.742205059,2.863302292595466e-08,7.704794989593675e-09,1.6011088657130742e-09,9.016569500688907e-10,9.334174221005302e-10,6.791781654556932e-10,2.082351432449601e-09,4.3407060304379777e-10,3.6247667117631683e-10,2.8121782686899357e-10,1.8580327777069084e-10,9.76926164001667e-11,1.5966645637829438e-10,7.79122993144157e-11,4.244837909071448e-11,4.21962991043658e-09,1.0140941541319248e-09,1.2610299199430618e-10,2.6457066035977537e-10,4.6777272567230085e-11,2.1393316991920205e-11,b'Classical',b'',7.75889501945999,0.04802604818947053,7.13535570186348,0.042048527585072215,6.838322694093838,0.04189793552968702,6.924796168196638,0.08192416800518601,0.6235393175965122,0.29703300776964037,0.21055953366683697
b'2013 RG124',90.9181979,0.0091701,0.5715467,4.021e-05,43.52301885,3.787e-05,287.56325772,0.00591583,35.58936395,0.00012303,56309.9107627,1.16146456,38.95420226348416,0.007582917358104085,39.44579571,0.00033164,39.01903551,0.00023418,23.39127514,0.0472817,23,29,66.28746,27.5715153414,-1.4347456302,-27.5724169921,0.7662003572,0.7496437131,0.6651099763,5.3525501840121895e-08,-3.1512325539693234e-09,-5.487149753448962e-08,4.140336857242752e-09,1.093359947915293e-09,-1.4283321996196339e-09,2.0289197511604477e-10,3.2432866005541527e-09,-1.6780767710940387e-10,-7.015101936900955e-11,6.104323945338801e-12,5.629986683132456e-08,-4.088816379426812e-09,-1.1308131361321333e-09,1.3018823609743766e-09,1.3165997837518396e-09,2.3512262586103962e-11,-1.1280680152090467e-09,2.9828257175703906e-11,3.348079258139619e-11,1.0851615342532368e-09,b'Detached',b'',7.915018536423181,0.06594157359803082,7.312649903378725,0.04524927634478672,7.158357614740597,0.06637682733409708,6.970802018184218,0.07905002792649266,0.6023686330444554,0.15429228863813144,0.34184788519451065
b'2013 RG156',39.33742532,0.00407591,0.1734846,9.555e-05,5.3720006,0.00020133,331.1156881,0.06029881,205.57197211,0.00160014,14859.24298303,23.83618168,32.51298781987891,0.0012068877703893337,46.43233137,0.00156912,46.08658774,0.00151186,24.06898369,0.10163785,8,9,8.12156,45.2686184929,-8.5911507661,-0.9580594829,0.175942279,0.7790719994,0.2695559252,2.3656225460904336e-06,-4.7458449128323494e-07,-5.743697672863158e-08,-8.747401183596582e-08,5.91685112623749e-08,1.5802048404011727e-08,9.541480183109599e-08,1.157175330148154e-08,1.9699016845887486e-08,-1.229956778939928e-08,-3.224224973077579e-09,1.4662161764903035e-09,2.8325743615045496e-09,-1.580733310023156e-09,-3.9356713066542767e-10,3.456913210468518e-08,-8.55886201896672e-09,-1.3716742394215635e-09,2.7893142932450056e-09,5.553938479120287e-10,1.3890445258551622e-10,b'Resonant 3:2',b'',7.825697504600887,0.1191609024039715,7.361109584004657,0.11414357144302718,7.180421799983476,0.13164293844180408,6.76588413153055,0.18873101187778799,0.46458792059622983,0.18068778402118055,0.5952254524741102
b'2013 RG157',41.40322018,0.00183486,0.14522197,0.00015123,14.41096983,0.00025106,75.40942184,0.03666344,180.95976892,0.00041446,26916.84374482,14.43674984,35.39056294092115,0.0068868922171330775,44.20083685,0.00050811,44.41072777,0.00043604,24.04647537,0.09300564,11,15,36.71613,40.7788619831,17.3441820398,2.9285671707,-0.251768971,0.8623014503,0.1359790785,2.1850572254746101e-07,9.184381464513495e-08,1.5145643089297744e-08,-3.7188565907379465e-08,-9.240072366861029e-09,-1.3691800136858737e-09,3.868408567155336e-08,6.375854333101867e-09,-1.470591477223352e-08,-3.495762353652319e-09,-5.105183158193137e-10,1.0823235414952753e-09,-2.390707164189345e-09,-5.625118166125462e-10,-7.957132637321705e-11,2.6049680485810035e-08,9.771648505861893e-09,1.6133144072074239e-09,3.8207102826159865e-09,6.323118070285051e-10,1.232120597397687e-10,b'Classical',b'',8.340527325742892,0.14839274156728768,7.610464014114244,0.10844255394753542,7.0030504202853106,0.10092605005652505,6.677506440734076,0.1462515967913499,0.7300633116286523,0.6074135938289311,0.9329575733801667
b'2013 RG158',59.83538793,0.00561051,0.36453475,5.469e-05,28.52304579,9.066e-05,176.7982852,0.00973981,181.16027547,3.413e-05,58938.76678339,1.97553488,38.02330987803326,0.006833947767952488,38.42014921,0.00045016,38.11288516,0.00043577,23.32121679,0.04670228,11,18,44.57541,37.5563506204,-6.4216605609,0.9353177289,0.1604963423,1.1736261294,-0.1027483317,1.9534537504739405e-07,-3.7853331824545895e-08,4.443315699968073e-09,-1.400492269468658e-08,8.838667523185139e-09,-8.562287136560502e-10,7.389292191445811e-09,-8.645670205911923e-10,2.9872176875088833e-09,-1.7616679001343142e-09,1.7212576666092277e-10,1.174645382879354e-10,-3.440250279852838e-10,2.0536155994306989e-10,-2.2563277551514423e-11,3.0001898766087734e-09,-9.706258051037903e-10,1.0658363474573041e-10,4.605442107759594e-10,-4.6387985311574827e-11,8.385340911938202e-12,b'Detached',b'',8.379378300008726,0.11201757852061853,7.440404495854841,0.06625491874012282,7.100964369730358,0.07842721420767543,6.95331174669087,0.10471790110621526,0.9389738041538855,0.33944012612448454,0.48709274916397216
b'2013 RH109',36.37683965,0.00231222,0.07274372,4.782e-05,14.82192558,6.695e-05,288.07713693,0.04526646,204.39075003,0.00035171,92722.22256354,10.76755314,33.73065310137623,0.0008832245855415809,39.46810214,0.00068084,38.86727599,0.00053311,23.47439377,0.04973138,13,20,24.14898,33.5184052773,-19.6760683549,0.1843490758,0.4610879345,0.8346853818,0.195236383,3.3934109151384164e-07,-2.0528323061444195e-07,1.91810825889156e-09,3.4567551640849395e-09,9.216396559012063e-09,1.880711242084506e-09,1.2424140009906064e-07,-1.1541083643170887e-09,-1.7819439609704146e-09,-5.765707696845572e-09,-1.1364979814312357e-09,2.5015164517849396e-11,7.038188287640684e-11,2.0851052175228346e-11,1.081107708961315e-11,2.547904412938035e-09,-1.447795694934584e-09,2.9569679621866155e-11,1.201133299813204e-09,4.4693258622940216e-11,1.4032035075644367e-11,b'Resonant 4:3',b'',7.956049412150955,0.07853964345404296,7.475356729520927,0.06165237093196468,7.365155618120701,0.07496481019856445,7.390224735085239,0.13621865158602056,0.4806926826300307,0.11020111140022588,0.08513199443568557
b'2013 RH124',44.31478786,0.00133533,0.0872985,5.33e-05,35.79288403,0.00017545,3.36910048,0.09570476,180.03833319,0.00013039,104052.54427329,33.21168733,40.44617315741498,0.0027795807402766306,47.74604115,0.00036176,47.89899616,0.00030872,23.17108274,0.0438684,16,20,25.58266,43.8611076492,18.806794512,-4.1014081392,-0.3760930902,0.7673250759,-0.1682066534,1.0999779481361708e-07,4.6688244242399415e-08,-1.0722670534747145e-08,-7.461530799137772e-09,-9.474903355063679e-10,1.6011493983808282e-10,1.989246828897154e-08,-4.5647521118154704e-09,-2.2335264575214312e-09,-4.530447012458585e-12,-2.2760181346712626e-11,1.070454601438596e-09,4.913467964734446e-10,-7.820414012104405e-12,8.766293039450318e-12,1.794161918070854e-08,7.453387292990968e-09,-1.7022616506499412e-09,3.1491895275489263e-09,-7.185294113655476e-10,1.7246105194896335e-10,b'Classical',b'',6.884464749642545,0.05767503840607113,6.30318166245919,0.048673758549320684,6.172625055712762,0.10059666377654827,6.286002345911706,0.15442283118504532,0.5812830871833542,0.1305566067464279,0.017179316547488423
b'2013 RH156',39.38025633,0.00306999,0.05662512,7.081e-05,9.00633996,0.00019316,119.53324302,0.09122865,185.90050415,0.00013101,44872.49206722,19.32687017,37.15034462016174,0.004198321237005816,38.18818789,0.0007078,38.02356635,0.00070761,23.87263567,0.08254367,9,12,17.69904,38.0171429236,0.1739725216,0.6768863592,0.0374235361,1.0032846231,0.2597133008,5.008741985983768e-07,-2.270009961246359e-09,7.503745481570799e-09,-3.011714323643276e-08,1.4073801790809943e-08,3.155361578791371e-09,7.970686435895704e-11,-2.406970215327289e-11,6.776658872130456e-10,-6.820919998568469e-11,-6.834736098501978e-12,1.4690656557102417e-10,-3.093386763729132e-10,2.0927967452062172e-10,5.0911099606651e-11,9.61398952883691e-09,-9.339994793938448e-10,-8.253197588669482e-11,4.087892817443487e-10,8.748003104211593e-11,3.367893741736295e-11,b'Resonant 3:2',"b'3,2,-3,0,1,0'",8.866558725437015,0.16867841549899443,7.973883538501417,0.0859709017253334,7.762257648655327,0.08750010512668513,8.057274282002615,0.2715047293599891,0.8926751869355981,0.21162588984608727,-0.08339074350119666
b'2013 RH157',38.61170699,0.00232403,0.03989971,0.00013065,5.42670853,4.582e-05,141.56711855,0.21265593,96.42693568,0.00195849,23454.85121987,56.85347926,37.0711112733415,0.00479027699079425,39.63393341,0.00058914,39.80782564,0.00051757,23.77434929,0.07398412,7,12,20.44852,37.1522508855,14.1340753578,2.1450292497,-0.3168643443,0.8435832049,0.3875832443,3.009587455049554e-07,1.1648548125112974e-07,1.748346685494853e-08,-2.0459465947158638e-08,1.3021959016264718e-09,2.7025720481061153e-09,4.5445612128525005e-08,6.902046486028523e-09,-4.737092719022234e-09,1.698721606585807e-09,1.2142965551736691e-09,1.108954323869165e-09,1.5500394773871894e-10,5.790153183495718e-10,2.3009299404567372e-10,3.3250436021105675e-08,1.1841868598769325e-08,1.4987181220027334e-09,4.485195356224162e-09,6.419417795887825e-10,1.2362252370746046e-10,b'Classical',b'',8.518679028676774,0.13053743285980393,7.801025888805006,0.09747525213555996,7.613489972809214,0.10173886130997631,7.478406440807886,0.1795446073843826,0.7176531398717699,0.18753591599579358,0.3226194479971183
b'2013 RJ109',43.31517294,0.00225439,0.13171214,4.789e-05,20.29949468,6.95e-05,253.60466427,0.01454763,182.474097,4.567e-05,77869.73724818,3.15834165,37.61003873409678,0.003619059027402815,42.47949084,0.00046543,42.15305103,0.00045117,23.21538747,0.03833866,15,28,32.571,41.5291919385,-7.2218750302,0.2246093713,0.0414475912,0.9788921131,0.0546162206,2.0950135153376638e-07,-3.861839487058206e-08,7.946597737805005e-10,-5.146354828413833e-09,6.134997318045445e-09,3.0560864643586447e-10,7.145387234490503e-09,-1.4518972584819246e-10,1.1348259932294231e-09,-1.1640834471354388e-09,-5.553070419806783e-11,9.4195014935194e-12,-7.614095669206878e-12,2.1116631721471435e-11,1.6873628630817061e-12,1.842837912381649e-09,-4.6068328707939626e-10,-6.373258783575095e-14,2.371253422546908e-10,7.605794504003185e-12,1.927545118405931e-12,b'Classical',b'',7.5182656689911855,0.07152106358976182,6.8812072094406656,0.0541237936063508,6.526288926392562,0.05555209478701899,6.523501233183415,0.08711548414716919,0.6370584595505195,0.3549182830481043,0.3577059762572506
b'2013 RJ124',43.86991517,0.00136268,0.06052648,0.00022062,4.045144,9.03e-06,155.91005001,0.0715181,111.11083075,0.00294631,26059.09183436,28.3190774,41.21462370470616,0.009937151091836282,44.60360391,0.00036819,44.76094138,0.00032748,23.00782654,0.04203953,11,19,34.78236,41.9937663363,15.1730344275,3.13759271,-0.2658226252,0.8198546966,0.3498190083,1.1985979332219874e-07,4.256462467986378e-08,8.467102021590777e-09,-1.982735112303439e-08,-4.19627475617323e-09,-2.5265188456111133e-10,1.5153811453039877e-08,3.0135942200745103e-09,-6.263641718486156e-09,-1.2220210248707994e-09,-4.134528581056088e-11,6.214326846817436e-10,-1.0818775165898118e-09,-1.8993673721653093e-10,9.846688887008742e-12,4.3899742268038315e-08,1.4229100141250978e-08,2.5546967387682216e-09,4.6695341157627415e-09,8.464588822901471e-10,1.6735406407199851e-10,b'Classical',b'',7.403445981760322,0.10359853709440155,6.480516430576133,0.07394560751983965,6.154863972691738,0.06988453784411662,6.005344186927223,0.11871101735130242,0.9229295511841888,0.3256524578843957,0.475172243648907
b'2013 RJ157',55.59630819,0.00649757,0.42842384,0.0001127,9.99693035,0.00011815,241.00138757,0.00344131,44.18916592,0.00036379,39085.55461275,1.81729292,31.777524577983996,0.009880047502227476,45.77919222,0.0003686,45.89481029,0.00033654,23.3939005,0.05068914,14,22,41.91973,43.7445528019,13.7463434987,1.9457009758,0.1250551248,0.8662964533,0.4954850942,1.2345631045288012e-07,3.8784943740983176e-08,5.188516034873204e-09,-7.460839652097084e-09,2.427057223376721e-10,1.2000702400860764e-09,1.2246508965576724e-08,1.655845186812125e-09,-1.6825323517642465e-09,2.822632610304923e-10,4.0205911468197567e-10,2.4916752321551584e-10,7.15897528362358e-11,1.2864360264761361e-10,6.726634313875926e-11,1.0415950261901124e-08,3.0477204415573327e-09,3.03609889155629e-10,9.466935882945982e-10,1.180163800595772e-10,3.050983163930116e-11,b'Resonant 5:2',b'',7.3789650997218725,0.08894825692544833,6.743677114232634,0.06662205221543137,6.491195649559414,0.0718958761943625,6.356709810548599,0.09251913060163375,0.6352879854892394,0.2524814646732232,0.38696730368403803
b'2013 RJ158',90.03792087,0.01381168,0.6317118,5.475e-05,17.15312364,4.477e-05,86.9090072,0.00419601,192.4763033,0.00014124,49071.28363066,0.4559918,33.159903615900326,0.009957837189122123,38.99670628,0.00045094,38.38898072,0.00034723,22.99642767,0.04154961,15,21,40.59734,32.6457190677,-20.1965795491,-0.2627573285,0.9788530598,0.7986388534,0.1562894379,1.4389933301911867e-07,-9.257986904440834e-08,-1.4654532933878807e-09,2.8429991637426943e-09,4.651012343584264e-09,6.988060078602787e-10,5.962121044824401e-08,9.483631890273212e-10,-1.5818974576229635e-09,-3.1542201539772258e-09,-4.523829249871159e-10,2.2585411416755733e-11,-1.1148743672717054e-12,-6.552785468634215e-11,-7.859076457701195e-12,1.320307786325356e-09,-7.307599904687505e-10,-2.497139940497598e-13,6.880438628726472e-10,3.175705776479225e-11,5.181982271788356e-12,b'Scattering',b'',8.087095822527756,0.10273623938446783,7.009567174411286,0.08738377649262126,6.673955499577984,0.09318600805912568,6.578152320800774,0.08808476519183295,1.0775286481164699,0.3356116748333039,0.4314148536105087
b'2013 RK109',89.4854758,0.00681399,0.61696798,2.839e-05,12.84859804,4.749e-05,162.36187833,0.002347,176.75892657,7.328e-05,51361.73256183,0.31846733,34.27580233208899,0.005132891680249979,36.85205338,0.00018833,36.93879137,0.00017619,22.77264047,0.0310292,20,29,61.46385,35.6769399831,9.4809580657,1.3197332177,-0.0335972972,1.2804947263,0.2403119716,3.311169732474531e-08,8.764704282743965e-09,1.1590147483188972e-09,-3.8893094072579166e-10,1.3152574046379664e-09,2.9406789573147574e-10,2.333237260966928e-09,3.0881481254535015e-10,-3.5618903201643e-11,3.661132037197092e-10,8.026984114737484e-11,4.4765697483442925e-11,8.954295232403185e-13,4.994362759672398e-11,1.0608246324246491e-11,4.967473537755686e-10,1.1692069037161145e-10,1.428196899072425e-11,8.909479227276887e-11,1.6465636228510683e-11,4.4226618350738396e-12,b'Scattering',b'',7.820912752788027,0.07006514464167518,7.137471878568453,0.0660999363080802,6.890319881101119,0.05772378275718999,6.755709033051682,0.07703158595531054,0.6834408742195774,0.247151997467335,0.38176284551676354
b'2013 RK124',39.54035516,0.00102374,0.18562162,5.529e-05,7.05687716,3.127e-05,208.57632805,0.00768928,92.47377289,0.00072059,42129.17100359,0.75829706,32.20081049308463,0.002681983283637842,36.89460101,0.00020703,37.09746992,0.00017805,23.18916079,0.03833918,19,28,48.76794,34.1261535525,14.4604799331,1.5882186621,-0.218413018,0.9463703572,0.4336824916,3.629408016856634e-08,1.5354990199748704e-08,1.5555267001692247e-09,-4.539361247307611e-09,-6.307826198014671e-10,3.5779049232108045e-10,6.518188259039771e-09,6.642019210779655e-10,-1.7327466167388221e-09,-1.8956944311912832e-10,1.5825468930988048e-10,7.601035790179047e-11,-1.1408435882455911e-10,5.8086209001153384e-12,1.8760688396660822e-11,3.1071151972346145e-09,1.1136691288993181e-09,4.76461157574335e-11,4.3601721291629917e-10,3.1484080852778085e-11,9.814302647962885e-12,b'Resonant 3:2',b'',8.513942462924367,0.1038304041338382,7.449247596061467,0.05407568533739235,7.170188895350128,0.06018545187443777,6.85586412612132,0.08793319936115378,1.0646948668629024,0.279058700711337,0.593383469940144
b'2013 RK157',69.00940142,0.01552666,0.47833397,0.00014963,28.81724983,0.00022302,260.25843608,0.00958574,185.83489479,0.0001485,70420.43804069,0.86195476,35.99986031262427,0.01824466885617594,43.55516718,0.00076963,43.74419865,0.00066699,24.05295923,0.07162602,9,10,20.92192,40.4234625815,16.7120110318,0.4552752319,-0.7370707481,0.8238164752,-0.1120482159,5.062234275165087e-07,2.0870618143007813e-07,4.5969142856102905e-09,-2.6849416567336184e-08,2.479313155964524e-09,-1.6327453320239179e-09,8.626226168365832e-08,1.881553279794658e-09,-9.702573077892242e-09,1.6160072102064503e-09,-6.645355091299299e-10,1.1276887733230457e-10,-3.8435127386800686e-10,-3.9260150618306837e-11,-2.2296945881192997e-11,1.5212187752996515e-08,5.919907267859059e-09,1.744394589576386e-10,2.68978367205091e-09,3.061328994746485e-11,2.4162400899022806e-11,b'Detached',b'',8.193577735816719,0.13696657897491596,7.575784848233161,0.11119071733538809,7.241448209566199,0.1162500736751609,6.9247887758141164,0.18300552863934183,0.6177928875835599,0.3343366386669616,0.6509960724190428
b'2013 RK158',44.60432619,0.00608687,0.12539824,0.00010232,34.32228764,6.354e-05,314.80796983,0.04406636,3.23912917,0.00022196,61689.25384257,10.13138048,39.01102199945605,0.009796505717005924,40.00285734,0.00109891,39.23445505,0.0007071,23.18240367,0.04146675,17,24,47.10247,19.0635143765,-17.7976971854,-29.3115481926,0.9091711671,0.3177036305,0.448662401,2.6183435017662195e-07,-2.5819798692487006e-07,-4.253123156797069e-07,9.537737905052685e-09,6.814886977325175e-09,1.2053254788230804e-08,2.547209385745759e-07,4.195723126908849e-07,-8.986579161766598e-09,-7.145152603312382e-09,-1.2586221167015077e-08,6.911513587622432e-07,-1.478182910642396e-08,-1.1791186290447814e-08,-2.0767798906557492e-08,2.333837631834662e-09,-1.7618224687553532e-09,-2.8738691106643804e-09,2.2176178943892664e-09,3.671316664569268e-09,6.091833733395902e-09,b'Classical',b'',7.732558789101974,0.08945829088375987,7.218565202525573,0.0599410124988427,7.0073662061042175,0.06426261647328363,7.132067722157698,0.11424853494153649,0.5139935865764016,0.2111989964213585,0.08649748036787272
b'2013 RL109',40.18596665,0.002732,0.20160372,5.15e-05,14.18565196,6.018e-05,69.5482381,0.01089159,193.59503546,0.00017333,43253.79767417,1.67860354,32.08432613383151,0.00398125266768365,37.28263292,0.00047512,36.78895391,0.00041643,23.45093666,0.05723106,14,20,37.02703,34.2853991885,-13.3368703317,-0.2577246147,0.5646668247,0.9010443474,0.1860251319,1.9499297443104802e-07,-7.74766195558683e-08,-1.49546060808284e-09,8.438444892713423e-09,3.5364093852479745e-09,1.203953871898188e-09,3.084017300287299e-08,6.027988637436293e-10,-3.0718650534149293e-09,-1.5171677779021942e-09,-4.808240281401828e-10,2.1414966073558488e-11,-1.3248026987573509e-11,-4.7820019343543166e-11,-8.730644206872547e-12,2.053659459866522e-09,-5.252713361342233e-10,3.747024153768676e-11,3.386980802377335e-10,2.772238451796144e-11,9.366433797924914e-12,b'Scattering',b'',8.226638140174709,0.08055369433503297,7.630027061079565,0.05423844516733819,7.3818396174138545,0.06751882919770733,7.293473338229168,0.08925187961607157,0.5966110790951415,0.24818744366571283,0.3365537228504011
b'2013 RL157',55.0320966,0.04477194,0.29489924,0.00117219,20.86650807,0.0004572,320.83671074,0.48535837,33.85746765,0.00034145,51471.36065232,99.92727728,38.80317325358496,0.09603238504086338,39.57245497,0.00498388,39.79182318,0.00434484,23.55123849,0.07939158,9,12,36.80877,36.6639982,15.1082390817,3.2987178925,-0.2647765657,0.7899759151,0.757865694,2.1717184328303393e-05,8.140228466950579e-06,1.2613408719831717e-06,1.0590167923411308e-05,3.961072911075697e-06,6.013609760227858e-07,3.051552796833304e-06,4.728957549288907e-07,3.967009050838363e-06,1.4840045791654131e-06,2.2535094623501255e-07,7.366647684934727e-08,6.114289320603721e-07,2.287836973782692e-07,3.497595017797869e-08,5.252296902460263e-06,1.962450511317766e-06,2.953444520951336e-07,7.333808295219927e-07,1.1042056714518945e-07,1.6780829545512185e-08,b'Detached',b'',8.32468563369068,0.1486584216716388,7.48752104020936,0.10381589806684578,7.33474552922514,0.11309925458305355,7.263570339462211,0.1783356226793209,0.8371645934813196,0.15277551098421585,0.22395070074714574
b'2013 RL158',40.34141439,0.00601292,0.06179741,0.0032476,14.59537659,0.00087687,104.63774225,3.67692411,268.64254453,0.00622001,66970.7335201,806.74288194,37.848419511878205,0.13181882901980313,38.99995215,0.00824969,38.4072198,0.00646408,23.44792143,0.07768644,9,11,26.80448,32.7649013484,-20.0258412876,0.7358349632,0.439580765,0.8142837024,0.4714751734,5.089938166653743e-05,-2.9793035770884086e-05,2.118733216376994e-06,3.047128115811969e-05,-1.8848202812176416e-05,8.439824912875539e-07,1.7440234498679398e-05,-1.2396045562308728e-06,-1.781363436356405e-05,1.1017278308726626e-05,-4.940209635412584e-07,8.84913986545382e-08,1.2776991840171106e-06,-7.909547698834181e-07,3.515198018044326e-08,1.8610949853364836e-05,-1.1536723577925898e-05,5.050835427140688e-07,7.153143377170138e-06,-3.124112438963453e-07,1.4009837953701894e-08,b'Classical',b'',7.899479428389311,0.09260322040906947,7.402709789276409,0.17138796779832305,7.208023321820223,0.17502274950912672,7.071756616880686,0.22497326303038762,0.4967696391129014,0.19468646745618326,0.33095317239572447
b'2013 RM109',50.83114133,0.00603332,0.22227784,0.00031638,14.28529131,6.928e-05,128.38924513,0.06979668,261.01871044,0.0006425,71919.26007023,10.84613674,39.532505181259445,0.0191910214814791,44.07630472,0.00158217,43.44585126,0.00120292,23.6319862,0.10019762,10,14,31.73254,36.2819402772,-23.8931934752,0.5273586163,0.3511378988,0.8582226922,0.4268686955,1.7455335542053142e-06,-1.1510496084623392e-06,3.661370027387472e-08,3.4545938160985817e-07,-1.9155027336196188e-07,2.079544594591083e-08,7.59415697733511e-07,-2.4013729646958205e-08,-2.2438159544957035e-07,1.2392190385479535e-07,-1.3693871596327069e-08,8.410035526361127e-10,8.52587290743104e-09,-4.913897011606556e-09,4.4749420253989397e-10,1.0191972040392834e-07,-6.13956349685886e-08,4.305752593898004e-09,3.746984012750464e-08,-2.4151600631674495e-09,2.5484772552800107e-10,b'Resonant 11:5',b'',7.725869130695505,0.12420265032827119,6.795366470554329,0.08283911402047202,6.405862779571192,0.09304500207404812,6.104930600008876,0.1370804895169685,0.9305026601411756,0.38950369098313825,0.6904358705454532
b'2013 RM124',87.76797167,0.01095658,0.59813336,4.668e-05,13.86305546,7.284e-05,181.29966557,0.003923,187.27151725,4.778e-05,58717.26807077,0.65511751,35.27102023049421,0.0084981986958115,35.56575959,0.0003381,35.39644231,0.00033782,23.43387833,0.04982733,15,20,33.49421,35.3789647852,0.1063971478,1.1070946936,-0.0796897413,1.3143830407,0.2218284787,1.1423525864069587e-07,-7.733157659872357e-10,3.22950399914767e-09,-1.7241987908794627e-09,4.20797475683295e-09,6.164141162748687e-10,3.529553499316668e-11,-1.8651121727482633e-11,1.6447634162522238e-10,-2.8577880613939813e-11,5.378594758171838e-14,1.0240477733603405e-10,-2.39731466691222e-11,1.186532644896744e-10,2.0048179838068025e-11,1.2243904240198217e-09,-7.93152898651748e-11,2.3704017500664273e-11,1.5812726092672306e-10,2.228069458908541e-11,7.1417097166814466e-12,b'Detached',b'',8.358118923710032,0.08013594315490649,7.8660389974199685,0.05563045717316517,7.534359917260899,0.06875376065393958,7.640682877132468,0.13472614107751937,0.4920799262900635,0.3316790801590726,0.22535612028750232
b'2013 RM157',56.66263609,0.0045241,0.34961699,0.00011067,14.16572249,0.0001326,120.76654063,0.00586369,176.54824988,0.00030229,36013.40734053,1.89384927,36.852415806216904,0.008946215584148874,48.98375424,0.00050482,49.2413219,0.00042033,23.57793741,0.0605507,17,27,56.95444,44.3389976971,21.2330143793,2.8142788897,-0.1109192902,0.9336712647,0.1545211061,2.071184429234118e-07,9.861320952316016e-08,1.271703368869284e-08,-2.3119136026703657e-08,-5.936962588876595e-09,-4.785812823600115e-10,4.7002237740616015e-08,6.0612231729989674e-09,-1.0564891761738055e-08,-2.6128684123279832e-09,-1.9977958599789779e-10,7.976953241164733e-10,-1.3356201421944268e-09,-3.24087202908801e-10,-2.3759107604758482e-11,8.883476180663401e-09,3.6970676189729495e-09,4.5256535911382805e-10,1.6379246445577257e-09,2.0606165151618974e-10,3.1992565792207667e-11,b'Detached',b'',7.364063520215231,0.10501410381057832,6.591440986441912,0.06702224376909859,6.260163834574149,0.06304062589537353,5.853941937229164,0.0864271014517143,0.7726225337733218,0.3312771518677611,0.7374990492127448
b'2013 RM158',43.61396222,0.00308851,0.10330136,3.908e-05,18.25558959,8.407e-05,126.32237552,0.03490513,181.28897374,0.00012069,50832.73264291,8.08295875,39.108580720121495,0.004347354362045851,40.06277929,0.00062556,39.52885047,0.00052347,22.78789989,0.04108159,9,17,24.07246,35.8583043876,-16.5874546842,-1.2523470435,0.4811262199,0.9244368911,0.0873395683,3.1715166772494137e-07,-1.531652487227638e-07,-1.1728495992569056e-08,-1.0428663512911317e-08,1.5154673369224104e-08,1.2470313936050214e-09,7.401029019703387e-08,5.666330659436946e-09,5.2255708940148094e-09,-7.4112991904074946e-09,-6.088452204690783e-10,4.4671441875539225e-10,4.0038216999382573e-10,-5.673407926138396e-10,-5.032965499604974e-11,1.8097288631957933e-09,-1.177545462009467e-09,-9.150034009741932e-11,1.0421805575808845e-09,8.302360725304848e-11,9.443856052054579e-12,b'Classical',b'',7.440153349301861,0.07301991664518324,6.793653076918668,0.06656161032232034,6.858284716671955,0.07469999170975496,6.66719846750455,0.1315092443650472,0.6465002723831936,-0.06463163975328969,0.1264546094141154
b'2013 RM98',43.32581527,0.00145485,0.13116821,8.775e-05,28.08558887,7.443e-05,252.64293716,0.01726082,352.4382056,1.104e-05,29212.05405347,6.80513273,37.6428454253593,0.004815149783918389,45.00689499,0.0002556,44.7692872,0.00025424,22.14436328,0.0222977,16,20,48.56754,44.651779901,-3.2142030804,0.4201505788,0.1513078225,0.5622693592,0.7172939646,6.497792237611835e-08,-5.082810645629841e-09,7.283153471165338e-10,6.497718186472199e-09,2.903502940263144e-10,1.0589813171952895e-09,4.2052219236611716e-10,-3.4571696681629724e-11,-1.3712762768595876e-10,-5.409865548932938e-11,-8.333069514639716e-11,4.050758198448559e-11,5.308259439046348e-10,-3.7173886891098e-11,1.2627340612679707e-11,8.250404086772286e-09,-6.421537017837243e-10,9.547176390981281e-11,6.172744065571671e-11,5.661037822765004e-12,1.8416560680337992e-11,b'Classical',b'',6.117116485752861,0.035155968468443564,5.5848691470039125,0.038473051548479485,5.522453487489967,0.04235611231710773,5.547512204010767,0.05141689091028718,0.5322473387489511,0.06241565951394246,0.03735694299314239
b'2013 RN109',42.53909907,0.00153882,0.15568784,3.227e-05,32.30613358,9.471e-05,17.92050153,0.01326831,20.93673167,3.393e-05,63286.23026086,2.59278533,35.91627878799424,0.00259353232268186,36.4949416,0.00024117,36.52179769,0.00022949,23.28126888,0.05176542,19,26,46.89808,35.5736038067,8.2579536737,-0.408190499,-0.2059600082,0.6091005162,0.9066673704,5.535737365646067e-08,1.241934459243489e-08,-1.0322099103036625e-09,-1.9701918193726237e-09,6.651492834345945e-10,1.4978933273542236e-09,2.799364600402864e-09,-2.2644628340715327e-10,-3.6466720038377125e-10,1.6625245080769e-10,3.3479416927274684e-10,3.4845832800306586e-11,1.388266381540729e-10,1.0790467220529236e-11,-3.02253529857736e-11,1.597175801238634e-09,3.2255739420473124e-10,-7.902707166228605e-11,9.01165838339905e-11,1.216000231211968e-11,4.443494633617468e-11,b'Classical',b'',8.363538355289181,0.09800017033634074,7.648295693875111,0.06662562819453874,7.296706437603573,0.08596075871502104,6.984027465503578,0.07395545394219817,0.7152426614140727,0.3515892562715348,0.6642682283715324
b'2013 RN124',45.33702787,0.00224561,0.15730542,9.57e-05,15.17692354,0.00012838,77.99348916,0.01380613,184.369972,7.038e-05,33883.64694598,3.04509136,38.20526778448536,0.005040794864060665,44.93495859,0.00057445,44.70528236,0.00057122,23.31640949,0.04870729,15,23,40.85818,44.5985359586,-3.0540478012,0.4534903914,0.209855496,0.913021978,0.1374994086,3.278426760656583e-07,-2.675994691462628e-08,2.1356249186723066e-09,-1.9480581830445686e-08,8.593743072523288e-09,9.058903858171886e-10,2.2301715453498367e-09,-1.696052813678914e-10,2.062781863836901e-09,-7.397567427959016e-10,-7.058287054963097e-11,2.8581468004255764e-11,-5.700635994920468e-11,5.0382906961795025e-11,6.0318947924786244e-12,8.182151815987478e-09,-1.0723914214023817e-09,-3.764177444156427e-12,2.747037551744498e-10,1.9749139977653565e-11,7.31508213578568e-12,b'Classical',b'',7.326917271695711,0.07105782596238866,6.710846900207757,0.06349711800288946,6.605374512492789,0.08195273347771526,6.437500943112722,0.10082589318961493,0.6160703714879537,0.10547238771497232,0.273345957095038
b'2013 RN158',46.31526109,0.00383339,0.34366076,4.297e-05,14.38965201,3.601e-05,86.48108706,0.00771298,202.60612284,0.00019415,51274.00840819,1.00986824,30.398523215116274,0.004432408601426227,32.95715998,0.00042066,32.33264215,0.0003225,23.43315118,0.05429319,12,21,30.47678,27.4244348163,-17.1217716991,-0.3808637296,0.8317828283,0.9165282422,0.2445766315,1.2383788961925287e-07,-8.109232504108483e-08,-1.954690587373372e-09,4.5655944787097085e-10,6.46369976918426e-09,1.1462983064904232e-09,5.317704875573584e-08,1.2910759387855599e-09,-4.93270768991541e-11,-4.3968027715144015e-09,-7.54662617396907e-10,4.0580101973409204e-11,3.5383444659670835e-11,-1.3003698210339778e-10,-1.8625279401560512e-11,9.693364506872374e-10,-6.113004018342541e-10,-1.1194461523960144e-11,7.566285058220558e-10,6.997543714206797e-11,1.2515376315037598e-11,b'Scattering',b'',9.010658009674708,0.12577002859132025,8.228306871855429,0.08140095494657758,8.03010190455952,0.08462506244837233,7.939898480902626,0.1133963603649674,0.7823511378192795,0.19820496729590878,0.2884083909527997
b'2013 RO109',44.03104943,0.0014379,0.03510892,2.744e-05,1.52365985,5.809e-05,328.05222781,0.0904534,52.0958886,0.0024374,61895.39537822,24.87544941,42.48516683508822,0.0024811000185150406,42.64819238,0.0003132,42.54328023,0.00031181,23.16405877,0.04633055,18,27,50.07138,42.4393023462,2.9508016118,0.3592755931,-0.0746460976,0.8894791958,0.404746233,9.770057815343825e-08,6.237294851813868e-09,5.492107214451329e-10,2.1411062851247977e-09,2.4136887046755013e-09,1.0373967946242615e-09,4.2414773712677133e-10,4.333270261650599e-11,3.6395470657673946e-10,1.6709243191914402e-10,6.692682017484833e-11,1.4416644781816068e-11,1.1443032847857127e-10,1.9520723344199515e-11,5.941922965708553e-12,2.8655632183671575e-09,2.1671055773980733e-10,3.1378477586720396e-11,7.137700148379372e-11,2.6137442955315374e-11,1.3257124375803622e-11,b'Classical',b'',7.890126442565622,0.08703020429051808,6.818711723535953,0.054766401824611385,6.492236423118049,0.05146054459375137,6.163302280171033,0.061611634242419486,1.0714147190296708,0.32647530041790024,0.6554094433649206
b'2013 RO124',38.74838751,0.00135956,0.07878829,3.806e-05,24.57404125,9.726e-05,293.71606052,0.02406053,181.4730524,1.525e-05,82568.70675879,5.67136573,35.69546818578929,0.002247641670791813,39.77101433,0.00031204,39.65482411,0.00031101,23.37713461,0.04518092,16,25,45.76235,39.5778215855,2.4413859013,0.3751652518,-0.1344841808,0.977249759,-0.0206731622,9.71045739540445e-08,5.043890887710728e-09,6.639706592322198e-10,-5.26636965837509e-09,2.370014929828019e-09,-3.3053925015619417e-12,2.849972059178461e-10,3.465234094177587e-11,-1.219906830651577e-10,1.313823716309704e-10,1.0426831658521454e-12,1.3579970927666596e-11,-3.4451498160827835e-11,1.629876431917497e-11,-6.813793273052561e-13,1.933671692274806e-09,-3.140897867118533e-11,1.3367745029736466e-11,6.627528378842185e-11,7.062571917801482e-13,2.7980607085118354e-12,b'Classical',b'',7.669501076972976,0.0704183090450182,7.300098020837572,0.06386960415220844,7.163111024217885,0.06264533962440418,6.9718573181839485,0.09550835757690115,0.36940305613540514,0.1369869966196855,0.328240702653623
b'2013 RO156',42.89299096,0.0022784,0.03365351,4.792e-05,1.35623451,1.867e-05,111.73444424,0.24180278,262.52461534,0.00627741,61339.95838509,64.14498632,41.44949110000022,0.0038897132709360344,41.676024,0.0005379,41.49453493,0.00053755,24.13165356,0.08347911,11,15,40.55523,41.4809819015,-0.7704706857,0.7286594211,0.0017622276,0.9111729579,0.3917570006,2.891503057648608e-07,-4.7962814625933e-09,5.487316653891301e-09,2.0561399825142e-08,5.670248981008201e-09,2.9672456155296575e-09,2.358642754162551e-10,-3.555997255198454e-11,1.1743542154856047e-09,-1.385024677184011e-10,-2.937561983717292e-11,1.546672103252035e-10,1.0383648302160494e-09,8.807457332291341e-11,6.609211466211484e-11,1.918660093319634e-08,-1.3103426489834554e-10,4.430377620245961e-10,1.3399069294703681e-10,5.1209441043037196e-11,4.0205567685234806e-11,b'Classical',b'',8.786155666445323,0.18076037269003167,7.952601621038225,0.10091088592802303,7.318263492559433,0.10033266590173691,7.151815152992603,0.15231782902414778,0.8335540454071018,0.6343381284787855,0.8007864680456167
b'2013 RO157',72.31993668,0.0054505,0.55783912,3.097e-05,12.22665684,2.715e-05,247.38603584,0.00704746,134.38002083,0.00059288,55844.58459832,1.01313801,31.977046777339652,0.004639205593681242,31.80810447,0.00020743,32.16878772,0.00015696,23.45493851,0.07542332,12,15,37.72277,26.7007992373,17.934096049,0.516161344,-0.6655492967,1.1411192376,0.4073682916,2.975468372808007e-08,1.9858791465575152e-08,3.5509064308576105e-10,-2.1492880116482427e-09,3.598917851582649e-10,4.6038960832889805e-10,1.3309227362495652e-08,2.454105377606347e-10,-1.1592258618327701e-09,4.1916545183865526e-10,3.0983654890583234e-10,2.3564557350370072e-11,4.9028798482837345e-11,5.318192884829344e-11,4.835741447995754e-12,2.6497565813881445e-09,1.6006748433206124e-09,-1.1724870610172205e-11,1.0785008300567276e-09,1.966458157065821e-11,1.6734089084930015e-11,b'Scattering',b'',8.988193847464652,0.08473843037812273,8.383365840877344,0.08322815710192111,8.23624511813514,0.08075708115031795,8.395694433508831,0.17619662920817067,0.604828006587309,0.14712072274220503,-0.01232859263148516
b'2013 RO158',40.36409949,0.00293916,0.07148217,5.018e-05,18.20599914,0.00014756,155.19745387,0.09617302,188.98493145,0.00017916,56023.89707071,21.6082105,37.47878606767973,0.004738834539527172,37.81557453,0.00061471,37.49281077,0.00059275,23.37838611,0.06085516,9,14,25.8782,36.8574230524,-6.7740544976,1.1633618339,0.1951557817,1.0389712193,0.1085606843,3.6306662405848134e-07,-7.31406137083964e-08,9.7165052069451e-09,-5.506926632719481e-09,1.130180917447523e-08,4.216865493491462e-10,1.4783395646332554e-08,-1.9558685120987557e-09,1.6600328196606552e-09,-2.3988250468689755e-09,-7.106281054747358e-11,2.8506159530341835e-10,-1.0724661979884607e-10,2.9283364158291453e-10,2.133141053171054e-11,1.3060189359147007e-08,-3.264839119598732e-09,3.2233273031586266e-10,1.0977202266770416e-09,-6.528500780961068e-11,1.6956315660955603e-11,b'Classical',b'',8.849428717879215,0.1533166328667178,7.6499524420536655,0.07908679573564042,7.331883067550502,0.08412177736956054,7.053817788897513,0.10726029555804906,1.1994762758255517,0.3180693745031667,0.5961346531561522
b'2013 RP109',44.7036364,0.00093455,0.10353014,1.5e-05,2.35059373,7.66e-06,269.40362431,0.01592122,105.55226077,0.00125343,59234.9035975,3.87309337,40.07546283069711,0.001499011745984994,40.1568656,0.00016927,40.10796667,0.00016628,22.79477835,0.02879758,22,32,55.74746,39.7399655101,5.3914424951,0.5625652067,-0.1474572455,0.9490892594,0.4054558882,2.8154437953403856e-08,3.731479065645061e-09,3.3521991374696974e-10,5.41493135048301e-10,8.316816494180658e-10,3.2528849167475553e-10,5.03713397386304e-10,4.6996151874598664e-11,1.3689500037379426e-10,1.1854592341265174e-10,4.378687126211754e-11,8.15893390671664e-12,3.3887674032247876e-11,1.3435948189218477e-11,4.089959328214088e-12,7.114168143508177e-10,1.0622698039844647e-10,1.34992569343055e-11,3.7088270013745307e-11,1.0547613341185396e-11,4.729258437243381e-12,b'Classical',b'',7.641444552028149,0.05887071789542963,6.731816242496668,0.03134596795224241,6.254782897523109,0.03347649240906202,6.105752879341372,0.03722209125818975,0.9096283095314794,0.4770333449735602,0.6260633631552971
b'2013 RP124',45.60423229,0.00330767,0.19174341,4.753e-05,32.22928677,0.00016299,346.43451788,0.0429799,28.65509684,5.891e-05,56475.46072127,8.93210763,36.85992114109714,0.00483330519010657,36.70244252,0.00049662,36.87734017,0.00043642,22.80301542,0.05530979,11,15,26.95531,34.331762712,13.2601990555,2.3313962137,-0.2814551197,0.6073672185,0.9104631827,2.1515813247508183e-07,8.131531212365509e-08,1.3475667837502479e-08,4.3043069961997175e-09,5.639374000303693e-09,5.80669761049165e-09,3.076517699420578e-08,5.102299598043233e-09,1.95973075952702e-09,2.257966566378758e-09,2.202288691090261e-09,8.78604588561582e-10,6.973164155582782e-10,5.034454388244992e-10,3.8185079082119217e-10,1.6431254797041197e-08,5.841658017757254e-09,4.8040149981022e-10,2.167642459348378e-09,2.800652312499231e-10,1.7543438854935896e-10,b'Classical',b'',7.656119095606842,0.09178630231285774,7.187919336249577,0.10910203621325125,6.915972886938993,0.11372720949402482,6.819141237256391,0.13146120801705594,0.46819975935726277,0.27194644931058604,0.3687780989931842
b'2013 RP156',38.97099949,0.00381149,0.11554562,0.00027108,31.47618574,0.00034732,228.81404239,0.128312,357.63565783,5.783e-05,25784.44618123,40.49871367,34.468071053061074,0.011636576114924368,42.16125195,0.0010302,42.04008978,0.0010243,23.57372599,0.07534435,9,11,23.16584,41.9043390732,1.132030933,3.1802549999,0.0069467049,0.5351146991,0.7614746533,1.0559647183839084e-06,2.5690937285605634e-08,8.064731475704559e-08,9.636013837937584e-09,1.5449554742936836e-08,2.0810886842801293e-08,7.957307952344323e-10,2.0303258376265835e-09,3.0632129457838033e-09,4.320915550568612e-10,6.368673016792242e-10,6.352763132768161e-09,4.053839570240942e-09,1.1894298003305968e-09,1.7910666209723464e-09,1.387954265396685e-07,5.273451858802221e-10,6.578834497612475e-09,2.5741215913325374e-10,3.224131054668966e-10,7.34966155931843e-10,b'Classical',b'',7.878377562530838,0.14880115157254079,7.31876121381328,0.09593649382572428,7.329084332728312,0.14315572627254483,7.011006477920175,0.15247041932175184,0.5596163487175609,-0.010323118915032034,0.3077547358931034
b'2013 RP157',42.42608949,0.00211048,0.12494091,4.044e-05,8.80250466,1.612e-05,279.23589132,0.02688641,121.20389188,0.00098256,60877.85787677,5.74774388,37.12533534369729,0.0035127515657576874,37.03235908,0.00037016,37.28754479,0.00030925,23.6851349,0.06698708,14,16,29.71846,33.5974649457,16.1519641708,0.8278883218,-0.4809586519,0.9034178875,0.3755700545,1.1200246532435194e-07,5.2953320101169047e-08,1.994890530349678e-09,-6.516257638122138e-09,6.612935018736142e-10,1.1317189923309802e-09,2.508467862921149e-08,9.49901917172477e-10,-2.8469491364707916e-09,4.2130360576994397e-10,5.412969749026625e-10,6.156289854696573e-11,-3.9884263392660434e-11,4.961934672614906e-11,1.5636204887121483e-11,3.0846065956096213e-09,1.30337752239842e-09,5.5991849571556834e-12,6.794733082907979e-10,4.220038130467493e-11,2.1561919936972664e-11,b'Classical',b'',8.97676308309528,0.1879672410855373,7.916036470665036,0.09219093408484136,7.514274786522018,0.08194218192572204,7.375932136555489,0.13486565650753116,1.0607266124302421,0.4017616841430133,0.5401043341095444
b'2013 RP158',44.24463651,0.00271221,0.05761617,6.421e-05,0.2339614,8.455e-05,77.61712941,0.10125453,236.25376368,0.03404581,45877.261147,24.43031427,41.69542999016147,0.0041326476461785375,42.54099236,0.00062661,42.31289067,0.00062417,23.51960435,0.08001353,14,17,27.92091,42.2468863262,-2.2224164994,-0.8013595981,0.0920905222,0.9027614436,0.3893048867,3.9079754486625357e-07,-2.5452041100099106e-08,-9.492032905979534e-09,-2.7587484411357312e-08,1.0126689329122452e-08,4.261053417485529e-09,1.7393775535076506e-09,6.406888193572465e-10,2.4349761765590967e-09,-6.975202764144055e-10,-2.896452107615926e-10,2.700526227109774e-10,9.46723416085139e-10,-2.606848582789886e-10,-1.1282864835088321e-10,9.818312578738467e-09,-1.1313722973320513e-09,-4.494057224264195e-10,2.923198923813292e-10,1.1826830651775102e-10,5.707771471309492e-11,b'Classical',b'',8.149626154731335,0.150501656546332,7.200134169028269,0.10202229552104711,6.943830430181228,0.09730495171669098,6.8728630674450475,0.13481767228617783,0.9494919857030666,0.2563037388470393,0.327271101583219
b'2013 RP98',42.93816233,0.00219903,0.1317337,5.648e-05,13.28843966,2.972e-05,177.80805756,0.01713492,216.32074985,0.00028499,71717.53259748,3.13526628,37.28175949850619,0.0038765190482865637,40.42199761,0.00044165,39.81814805,0.00034516,23.22778991,0.03861672,17,24,40.40016,34.2687933809,-20.2746514002,0.270600819,0.4054332832,0.9120548622,0.2620640398,1.423990376070332e-07,-8.65697330513128e-08,1.1594425507083254e-09,2.2242063862177894e-09,3.4163934361803836e-09,1.020624640003148e-09,5.270728869924769e-08,-6.90758538802609e-10,-9.509674960300382e-10,-2.3204743932876098e-09,-6.174043757835537e-10,2.037561951808741e-11,1.021742078586636e-10,-2.340793063335532e-11,9.756900440470368e-12,2.4189861793005804e-09,-1.3983493305873774e-09,3.4434983681207577e-11,9.68031815478103e-10,1.3219729247226177e-11,9.052258621678183e-12,b'Classical',b'',7.625532469569658,0.06348871851199667,7.120645620282319,0.0487644578849391,7.021978026787766,0.06422903731464205,6.7196787673828045,0.08219727228600851,0.5048868492873406,0.09866759349455075,0.40096685289951306
b'2013 RQ109',36.40395214,0.00086163,0.15118696,1.928e-05,14.53811093,3.11e-05,335.90518529,0.00687939,70.51660866,0.00012185,61063.68861583,1.09275824,30.900149449312636,0.0014200967276587954,30.94294328,0.00015291,31.21189304,0.00012601,22.80761962,0.02589976,20,26,49.85335,27.8441414194,14.102416358,-0.0889298668,-0.516822942,0.8894321828,0.6236492551,1.8763439188058e-08,9.322466740280742e-09,-2.7583033570046053e-10,-1.793320823849399e-09,-2.871139174841869e-10,3.731178614668397e-10,4.6379234105471834e-09,-1.3556695212805387e-10,-8.646436547312251e-10,-1.286899102033806e-10,1.8592095529861321e-10,7.800647477135879e-12,4.154135630788106e-11,1.2699394663027224e-11,-5.818960927405039e-12,4.4078909157735843e-10,1.7746681100733268e-10,-3.039763728873202e-11,8.895097242802025e-11,-2.770871133871415e-12,8.319386985413025e-12,b'Resonant 4:3',b'',8.41407089989798,0.05493043211326735,7.806104371938437,0.0565598635711555,7.597237476028235,0.0577722840275978,7.4718725038828655,0.08194340383838361,0.6079665279595451,0.20886689591020238,0.3342318680555712
b'2013 RQ124',46.74513801,0.0055103,0.16961577,0.00013838,21.61937729,0.00016707,61.68671338,0.02686314,179.90695602,0.00017295,31747.99462807,7.64301653,38.81642538377015,0.009852793933378108,47.05764217,0.00112658,46.58488976,0.00100357,23.84465508,0.06668425,11,15,22.2875,43.836991314,-15.7541298461,-0.5268201808,0.4549591144,0.8023971338,0.0252233668,1.1178006006132779e-06,-4.11424078923684e-07,-1.5090233961300884e-08,4.5270658918722414e-08,8.895748514349875e-09,5.793871257405304e-10,1.515549013999909e-07,5.558282825455166e-09,-1.5564200423014766e-08,-3.6870270743066135e-09,-2.290524652147733e-10,2.3571949226830775e-10,-5.622289286099404e-10,-1.3886369967185015e-10,-3.7897803561273656e-14,1.552785068636981e-08,-4.9008125193050945e-09,-1.7381234213584742e-10,2.100988892464358e-09,8.04461092065638e-11,1.1110601576895126e-11,b'Classical',b'',8.341143897516515,0.21139015771535355,7.038440285756108,0.1205572624709325,6.625045703233342,0.10742854794564204,6.549109454463798,0.13575557666569812,1.302703611760405,0.41339458252276834,0.48933083129231125
b'2013 RQ155',51.23413729,0.01482825,0.31278783,0.00012776,38.51262403,6.538e-05,318.10673401,0.03058011,49.90408935,0.00041722,70912.61788121,4.47333247,35.208722682680076,0.016062073115301532,41.70846378,0.00234628,40.96014856,0.00170222,23.48365898,0.05417169,9,13,16.28084,15.3664501757,-17.0944790803,-33.9025775402,0.7309186742,0.7401182142,0.2767540843,6.947947531176506e-07,-8.210573618234316e-07,-1.6333571901903565e-06,4.4416542541254516e-08,1.9301877494620238e-08,-9.790334189691216e-09,9.703826004179007e-07,1.9303256853295503e-06,-5.2267092764587555e-08,-2.3087536962881004e-08,1.1030071917804146e-08,3.840048051079697e-06,-1.0412588181983184e-07,-4.574374941647964e-08,2.2304336875971044e-08,3.8647942887668575e-09,-2.5050488864913672e-11,-3.0765728324668737e-09,2.117132038977537e-09,2.77849502053589e-09,6.089653089401117e-09,b'Detached',b'',7.9186050841338425,0.09381522335418317,7.2815993064016435,0.07465176449940517,7.101747193571084,0.15727312509977265,6.602273804859832,0.20571711257478614,0.637005777732198,0.17985211283056549,0.6793255015418151
b'2013 RQ156',39.48250719,0.0012186,0.1238484,2.928e-05,12.32966308,0.00013394,0.22143521,0.03661671,189.3383448,0.00010377,15233.77408068,11.81346346,34.59266181179636,0.0006720051639243574,44.45112912,0.00039792,44.2816202,0.00039741,23.52799188,0.05059033,19,30,46.27014,44.2538454737,-0.6176157457,1.4413879131,0.0276479361,0.867861424,0.1738910323,1.5813656723039172e-07,-3.3617116675787445e-09,4.807085948585281e-09,-2.1083588337586524e-09,3.2790207694131832e-09,5.954017317767598e-10,1.1348923125842304e-10,-9.643727989236281e-11,4.738266938637152e-10,-8.003262280299664e-11,3.4615598696558545e-13,1.6131663381490288e-10,2.367548120873051e-11,9.784645717824512e-11,1.9387077696081025e-11,6.5906348823246015e-09,-1.8040481992844185e-10,1.9100894267628826e-10,7.52229244702576e-11,8.207403360355406e-12,1.266726108367757e-11,b'Resonant 3:2',b'',7.422877346710537,0.07515233517099493,7.034587188388331,0.06601840041749521,6.648343750845159,0.07329289726324112,6.5491532295142125,0.10456918607534209,0.38829015832220826,0.38624343754316964,0.48543395887411767
b'2013 RQ157',36.33035817,0.00504835,0.07264636,0.00023086,15.5286671,9.579e-05,156.64214389,0.08135464,263.71790183,0.00058609,76665.37639964,13.44342528,33.69108995026116,0.008165848032434276,37.06254097,0.00151958,36.37564797,0.00110407,23.59405977,0.10679715,7,10,14.35603,28.715037346,-22.3273433683,-0.352326173,0.5150656461,0.7784048925,0.4627652995,1.4142960991535547e-06,-1.125523209236753e-06,-1.348792417984734e-08,1.5612035078635915e-07,-7.362468869914369e-08,1.8118628993255278e-08,8.961875382436706e-07,1.0895504701213533e-08,-1.2120463513710714e-07,5.604500647877909e-08,-1.450405214389934e-08,2.264269564861133e-10,-3.175736014548087e-10,-2.8495003212407596e-10,-1.9615676023596192e-10,3.929474318341634e-08,-2.6714297427783775e-08,1.3852898394729809e-09,1.950660665672588e-08,-4.2512098997769646e-10,2.57716310935578e-10,b'Resonant 4:3',b'',8.977558456231106,0.20831702603249558,7.946753944314009,0.1432052079238189,7.6362191191592235,0.10489053450010659,7.3917435741438755,0.140448642520462,1.0308045119170983,0.31053482515478814,0.5550103701701327
b'2013 RQ158',45.40100207,0.00303465,0.07329431,0.00014378,8.25869156,0.00013991,264.68393814,0.09205012,148.41568847,0.00063037,71320.7822234,22.62830077,42.073367014906985,0.008255788906284017,43.32541601,0.00064168,43.17613644,0.00063711,23.543844,0.05573637,12,18,31.87127,43.0243057925,2.4482528666,-2.6634426619,-0.0893856385,0.9343366829,0.2818530624,4.087629398208364e-07,2.3101227763650305e-08,-2.6297478240200072e-08,1.6347676942853034e-08,9.702472286593389e-09,1.521732899413582e-09,1.4527529175634404e-09,-1.4508286618775514e-09,2.7422808049433066e-09,6.179358354527445e-10,-4.17381549158795e-11,1.7286943406271572e-09,-5.183217015209109e-10,-6.04830961384895e-10,-1.3194274166948427e-10,2.8015650292953622e-08,1.3850904411096063e-09,-1.8602710498925752e-09,2.745887236082612e-10,-3.389572928306512e-11,1.4853519944552768e-10,b'Classical',b'',7.888680651903963,0.10205942343713234,7.1407964086393125,0.08466948706433286,7.183241362724475,0.110805051700414,7.244809450673587,0.16605328928047192,0.747884243264651,-0.04244495408516302,-0.10401304203427286
b'2013 RQ98',55.75454397,0.00704775,0.43496904,6.077e-05,37.69020117,1.982e-05,245.11522554,0.00608814,11.21732152,0.00011075,51115.63480186,0.80443758,31.503043656751338,0.007329887217990058,34.63893109,0.00054266,33.89252933,0.00038895,23.12240519,0.0390915,18,26,42.27217,13.6402835397,-13.7883137668,-27.7943989421,1.2370666977,0.2602553915,0.1599870665,4.1917785891458984e-08,-4.5825770861623615e-08,-9.2085307366657e-08,3.988552358443061e-09,7.362552757923869e-10,7.352576096778782e-10,5.016351244338784e-08,1.0078215296357261e-07,-4.265785786614901e-09,-9.17096937435552e-10,-1.0282620631792902e-09,2.0251017434249648e-07,-8.585772210460986e-09,-1.8271306404045507e-09,-2.033323146605535e-09,5.536730808198093e-10,-1.3455685816808903e-10,-3.3844249182561124e-10,2.5670742678834147e-10,4.966843091731899e-10,9.798927313694388e-10,b'Detached',b'',8.546688883506041,0.11591731083724895,7.803072685972927,0.05968971996060995,7.479642441262152,0.0639602323929273,7.312801400807919,0.08593261567232355,0.7436161975331153,0.3234302447107764,0.49027128516500784
b'2013 RR109',47.88774686,0.00319434,0.05855571,8.186e-05,4.23756581,7.436e-05,100.38259772,0.13361298,225.78663625,0.00147867,49978.15836461,39.4254492,45.08364574732856,0.006485799583854176,45.64363048,0.00069987,45.31400129,0.00067983,23.43287165,0.05507545,13,22,49.34461,44.6741853112,-7.5818369916,-0.3027005362,0.1742652563,0.8799245335,0.338532931,4.750701968552963e-07,-8.399438304677921e-08,-4.14658085462479e-09,3.1703881432316917e-08,3.471926038438502e-09,3.0910908976487633e-09,1.4919013776793402e-08,7.523613759494079e-10,-4.683491993147049e-09,-7.92363788487521e-10,-5.617459085131104e-10,5.983519170337991e-11,6.510286343713364e-11,-9.785551673509355e-11,-2.886187225069382e-11,1.858798635443022e-08,-3.0245906439363244e-09,-6.62052627100541e-11,6.741234569387107e-10,7.648821715433032e-11,2.951545343986269e-11,b'Classical',b'',7.472070210281457,0.09134721273639956,6.762346632701908,0.05901169034650622,6.3399668038876325,0.06556602488852202,6.354115141953754,0.09311642100423893,0.7097235775795455,0.4223798288142773,0.4082314907481575
b'2013 RR124',41.65458781,0.00121648,0.06461949,5.097e-05,45.32691537,1.584e-05,221.23079612,0.04490785,101.09185268,0.00018028,47002.99424141,10.26669141,38.962889429920494,0.002953245372542005,39.70090361,0.0002634,39.60795998,0.00017066,23.54268253,0.05437672,14,27,76.56008,27.9564716536,12.4351221892,-25.1514199001,-0.0940902796,0.9712880001,0.3079159698,3.373780001432256e-08,1.512000751273715e-08,-3.1199514884869954e-08,1.7069201352735346e-09,1.899056791385607e-09,-1.3443243571606374e-09,6.818221785947274e-09,-1.3983435749684183e-08,9.909938805656696e-10,9.50196188180504e-10,-8.12507231989433e-10,2.888030696437638e-08,-1.5318095006194054e-09,-1.736778530387025e-09,1.2014226803191915e-09,2.1853816528942374e-09,1.0026232922166182e-09,-2.0115010843803194e-09,5.039167330658055e-10,-9.168843937574495e-10,1.8615391609915234e-09,b'Classical',b'',8.002379517537593,0.06509998755083099,7.463996982653006,0.05895845388840409,7.1075927146211395,0.06947975828589785,7.237572794433325,0.11542877489197843,0.5383825348845875,0.356404268031861,0.2264241882196821
b'2013 RR155',62.18999528,0.02708657,0.38880741,0.00027611,34.1639245,0.00014093,223.48340686,0.02281336,3.91981914,0.00054022,40494.02775153,4.06351659,38.010064497294074,0.033076965078995546,47.8461206,0.00271777,47.09806389,0.00175348,23.59186721,0.06399239,9,11,8.57887,22.5458401004,-21.4573384703,-35.3482013952,1.0038300193,0.1312507692,0.1344927875,1.5875231553123092e-06,-1.577363256896128e-06,-2.592757107052993e-06,1.1277658083924292e-07,-3.787528838722379e-08,-5.832654571031761e-08,1.5675035896901269e-06,2.5764716407964446e-06,-1.1111668287549151e-07,3.668591457638835e-08,5.63780453170725e-08,4.235090458251757e-06,-1.8257494898126155e-07,6.020788365320376e-08,9.256249260180455e-08,1.4791310727319582e-08,-9.685206090290274e-09,-1.562493384044918e-08,8.15315138516751e-09,1.3264207961385026e-08,2.164813967306297e-08,b'Detached',b'',7.353947456700839,0.10211782017893124,6.851036427410518,0.08763921160478075,6.920971004671705,0.10995778598163963,6.54777139183212,0.14469683212095535,0.5029110292903244,-0.06993457726118757,0.3032650355783999
b'2013 RR156',62.69653905,0.01066479,0.21384961,0.00030917,29.49781065,0.0003644,332.68351871,0.13586976,0.16406577,4.446e-05,46937.93788623,40.67512026,49.28890891049548,0.0271173755592292,50.76277406,0.0011148,50.66280787,0.00110721,23.50765802,0.0757912,10,17,42.68126,50.4669136707,2.7389783035,3.5083790106,0.0079822461,0.5812094283,0.7695100671,1.2354136622177788e-06,5.3809902012627467e-08,8.407867953562076e-08,2.0536241990561694e-07,1.7833745868690763e-08,2.7072228076572102e-08,2.500789405197832e-09,3.74164979324344e-09,1.2233625538308276e-08,9.119923970236234e-10,1.3258799009751758e-09,5.936489023031328e-09,1.8657632468769043e-08,1.3451604672981547e-09,2.0941559600994754e-09,2.2874793543502094e-07,8.42177863218056e-09,1.317157838008571e-08,4.3681133175005035e-10,6.340669005869488e-10,1.0060162294537923e-09,b'Classical',b'',6.816634074835976,0.15704771382678998,6.391539794559014,0.12145017716368305,6.158900916276041,0.13039858678545824,5.8849461887876675,0.1814043301980097,0.42509428027695834,0.2326388782829812,0.5065936057713541
b'2013 RR157',38.33663865,0.00170151,0.04511639,2.689e-05,32.12991731,0.00010108,178.52406469,0.07216634,174.6758445,6.698e-05,61266.48911229,15.78990907,36.607027907993235,0.0025661209215906656,37.19417972,0.00040056,36.6813995,0.00034138,23.27364015,0.05383934,10,14,28.22625,33.5678606634,-14.7789987484,0.5522641907,0.4115238288,0.9629791785,-0.1658422571,1.3404862543667042e-07,-5.944486713410908e-08,2.123239427506868e-09,1.2020356302510072e-08,-1.0826633534309765e-09,-6.552519680237124e-10,2.639237892637329e-08,-9.44945784172824e-10,-5.158769476344423e-09,3.9960018912916065e-10,2.932224684270028e-10,4.517710396140628e-11,1.5855539359037986e-10,-2.2522228429707293e-12,-1.0805855475058722e-11,2.725932063203278e-09,-8.671096597234146e-10,-3.3562494474946554e-11,3.7284933266984146e-10,-6.506045007985552e-12,7.120743031680117e-12,b'Classical',b'',8.171705546269452,0.12044196611225978,7.612842709292641,0.10841463880702606,7.439765342966366,0.11583190968369124,7.089785987077734,0.1014175163163095,0.5588628369768138,0.17307736632627296,0.5230567222149051
b'2013 RR98',50.20930421,0.00213745,0.28526889,3.719e-05,37.7609822,5.84e-06,233.50042751,0.00649453,62.26501575,0.0001198,49392.86394254,1.08302289,35.88615176913921,0.0033304140419421605,38.2921664,0.00022487,37.86146471,0.00015884,23.04877362,0.03713431,29,35,53.58711,27.5470428906,-1.6210201932,-25.9234108699,0.5980439224,0.9134054684,0.3299473409,2.602457926123466e-08,-1.746169464071713e-09,-2.5209415599869032e-08,2.332905824478683e-09,7.043051096781047e-10,-1.434153537647899e-09,1.260074091138188e-10,1.6958197161426842e-09,-1.0272598544528599e-10,-5.1534267962161996e-11,4.323636602227815e-11,2.443271576756171e-08,-2.207783479785318e-09,-6.869633872447687e-10,1.3387932626818793e-09,9.070004873049652e-10,1.6254890273394627e-12,-8.141815520228148e-10,2.6522041856920807e-11,2.178672155048956e-11,7.565578078727403e-10,b'Detached',b'',8.15007246425222,0.05810996838017856,7.162155647281578,0.03959069855019496,6.910061801974409,0.04162697679777005,6.5793451292457785,0.047537837735055634,0.9879168169706425,0.2520938453071674,0.5828105180357989
b'2013 RS109',44.68508928,0.00250577,0.11829353,7.916e-05,4.84684142,0.00011508,306.40127585,0.02788804,353.50163134,0.0001802,42211.69527748,5.58094656,39.399132517855655,0.005008260772117927,41.86629455,0.00048997,41.70712322,0.00048973,23.04394504,0.04417808,12,19,31.01564,41.6919449319,0.7379920168,0.8492481756,0.0732112647,0.8829804575,0.4753391705,2.4000813811166617e-07,2.8112758828137898e-09,4.318224234432873e-09,-1.6460184195199224e-09,5.561059531471428e-09,2.9294887566126998e-09,8.717302633089584e-11,7.182092368190858e-11,5.154639038524305e-10,6.844499442287315e-11,4.111483802240946e-11,1.0330213269730821e-10,2.5368182394534886e-10,1.0057503262039056e-10,5.874044595684518e-11,7.165510866935429e-09,-2.5432945435915433e-11,7.066563100897015e-11,1.3297164954838548e-10,6.805607233428619e-11,4.103192571827649e-11,b'Classical',b'',7.516530158773451,0.07763537355061764,6.830533735522005,0.06332637341610638,6.67398558035846,0.0843926923587402,6.376121955610808,0.0819976598431106,0.6859964232514495,0.15654815516354495,0.4544117799112013
b'2013 RS124',46.34040445,0.00310656,0.24983233,9.771e-05,15.27618767,7.932e-05,259.17585108,0.05780297,140.00042714,0.000456,61188.53951413,10.38039162,34.763073044902036,0.006601851756028091,35.07997993,0.00044944,35.19891446,0.00038938,23.52110096,0.05646203,9,16,30.52371,32.6158796964,12.8730950022,-3.0743122424,-0.4717691424,1.0403988334,0.2967444259,1.7211348725897772e-07,6.997621151179852e-08,-1.691985711987023e-08,5.853316940069522e-08,2.517185980623005e-08,-5.513201967733167e-09,2.8563448319783816e-08,-6.864705399074427e-09,2.557885945079089e-08,1.0858886306969541e-08,-2.4370185455632487e-09,1.689212741305353e-09,-5.439683726305036e-09,-2.366082973936416e-09,5.150449976310794e-10,5.657622899140066e-08,2.1241724131985882e-08,-5.894542107726529e-09,8.074491194406144e-09,-2.1966125097764955e-09,6.24018161114738e-10,b'Detached',b'',8.60672959362646,0.15464718020978144,7.8813103611844735,0.10348275545426848,7.760692708947177,0.10227232785693666,7.744518294742383,0.12370190526695364,0.7254192324419872,0.12061765223729314,0.13679206644209144
b'2013 RS155',50.44724703,0.0135937,0.26568711,0.00015948,34.08545187,5.194e-05,331.93372936,0.02955805,45.6689422,0.00042725,75271.40935044,5.52305222,37.04406369221782,0.01732623293052241,45.09597106,0.00224369,44.3120132,0.00154312,23.67481071,0.05880635,10,14,24.30002,17.0624293192,-20.8993015051,-35.1517740164,0.7159659614,0.6472223358,0.2628095545,6.732031794376848e-07,-8.751776372773914e-07,-1.4729564362307433e-06,1.966050116095066e-08,3.637544619614708e-08,3.234316524114912e-08,1.1379316597434329e-06,1.9150851087387142e-06,-2.5133880497983187e-08,-4.7856774520438547e-08,-4.2994942272911405e-08,3.223118390028104e-06,-4.2498329482173244e-08,-8.028341335917608e-08,-7.192046812749185e-08,2.135524319630619e-09,-1.0168999716164775e-09,-2.5223570409869125e-09,4.757460152834291e-09,6.3889823568369666e-09,9.301262562015247e-09,b'Detached',b'',7.69843997232376,0.07978137604387646,7.084370736072673,0.061781778865356206,6.720256843891411,0.08852014744745051,6.752875043811974,0.1214950291539267,0.6140692362510853,0.36411389218126494,0.3314956922607027
b'2013 RS156',60.66729419,0.00552766,0.38661657,6.004e-05,14.30664752,0.00011893,147.27036135,0.00672951,177.98861353,7.631e-05,49425.7465744,1.10856405,37.21231291989639,0.006962310247908566,39.7572583,0.00039185,39.67768094,0.0003898,23.46564959,0.06085966,12,18,35.28153,39.5634186843,3.0059504882,0.1361201682,0.1265875863,1.1366165947,0.1817804573,1.5281664676299063e-07,1.1087389987829552e-08,6.597417294367909e-11,5.554844367854974e-09,5.179806235169284e-09,8.235042874497875e-10,8.60774599092067e-10,1.0353627045167677e-11,6.834642806656496e-10,3.939119789859628e-10,6.059314080781914e-11,2.6997785119975647e-11,5.4075339276897185e-11,7.0314716410748596e-12,-7.338558244910951e-12,2.7964890835116966e-09,4.28299937150737e-10,3.7615340405260145e-11,2.0339555743950394e-10,2.8624872825453245e-11,1.0039884654615802e-11,b'Detached',b'',8.19430734821441,0.09475525901080833,7.44452006303395,0.07318096523359222,7.034198349745475,0.07693632949735912,7.262715611297891,0.13967045974456752,0.7497872851804597,0.41032171328847555,0.18180445173606014
b'2013 RS157',45.66815192,0.00338665,0.1736623,8.435e-05,10.7774898,5.977e-05,145.71638846,0.01935994,271.9742213,0.00063057,77029.40150495,3.18427152,37.73731564049517,0.005377222996050019,43.80742383,0.00075257,43.24951509,0.00062018,23.44854557,0.06418814,14,19,42.90009,38.7219349669,-19.2595704373,-0.4486144031,0.2457118478,0.8489569641,0.4257938004,4.5137319115576e-07,-2.2776841308962717e-07,-4.3015024033617534e-09,2.0275433903304896e-08,1.808769443616772e-09,5.088581535824447e-09,1.1501430981326415e-07,2.1950427772395857e-09,-9.709664438703347e-09,-1.1802921171703092e-09,-2.575294205452366e-09,7.091214262249512e-11,3.5539923393839096e-11,-1.3519436340647792e-10,-5.0461036656065446e-11,5.817248230180934e-09,-2.4462004340116495e-09,1.5880359792218925e-10,1.3153034949101295e-09,5.63773991407798e-11,6.319927049943833e-11,b'Classical',b'',8.31995747808323,0.14156990145516335,7.10776775312406,0.0793290169024165,6.798659820416832,0.09242326851159832,6.792709281346378,0.15414387697349638,1.2121897249591738,0.30910793270722725,0.3150584717776813
b'2013 RT124',65.2103434,0.00401701,0.44259658,2.9e-05,18.28969351,9.287e-05,308.64659389,0.01524511,49.55198057,0.00022271,54426.26198654,2.75211849,36.34846869755141,0.004014846313578732,36.69883116,0.00030656,36.77946856,0.00027754,23.57648854,0.04832403,15,20,36.40908,34.853261936,11.5179246938,-2.3058297814,-0.1628113636,0.9783466757,0.7481329602,8.482845148195242e-08,2.704649859832964e-08,-6.6978298279062045e-09,-1.644773568298706e-08,-2.659963808993353e-09,3.27122633610865e-09,8.66162307176668e-09,-2.121905213501309e-09,-4.894278902450559e-09,-7.348794798087584e-10,1.0108810523241886e-09,5.548486572138245e-10,1.5429994638346751e-09,2.847469910073498e-10,-2.7536145484790556e-10,9.325055268396916e-09,2.394038101911838e-09,-1.1961676430234145e-09,6.647745570917118e-10,-2.7470647347317776e-10,1.8340095409572403e-10,b'Resonant 16:5',b'',8.804811243524307,0.12178220115633775,7.910180820899695,0.07408925510953895,7.41408953567249,0.08168816087004979,7.292468021318081,0.10650151078706696,0.8946304226246095,0.49609128522720985,0.6177127995816158
b'2013 RT128',40.32359672,0.00157679,0.10796064,0.00015688,24.16894566,0.00014946,213.50485782,0.03765515,32.71517257,0.00015685,28068.05487328,14.86936393,35.970235364682054,0.006035429195550683,42.36863214,0.00058673,42.39262248,0.00054969,23.79915102,0.07117304,13,21,48.90664,40.9812061853,10.4840309385,-2.7857271532,-0.0338386569,0.6693428351,0.6598944374,3.2198870073232995e-07,8.072528376055072e-08,-2.5506882004202124e-08,-6.310890366226431e-08,-1.0440450239726152e-08,1.0495250000723425e-08,2.02928985241559e-08,-6.363067960765139e-09,-1.5135883999160137e-08,-2.44219454402379e-09,2.5743760667302494e-09,2.071929978518997e-09,5.66960179986154e-09,9.938511327382078e-10,-8.82903296504598e-10,2.668970802086977e-08,5.611122292029758e-09,-3.242690257607063e-09,1.2322224761018336e-09,-6.355723336611217e-10,4.4616017211406005e-10,b'Classical',b'',7.812492897503967,0.0853681278234423,7.407739766889934,0.06938287665105872,7.237936268502439,0.08868913395708547,6.835048995335724,0.11344042638627926,0.40475313061403134,0.16980349838749717,0.5726907715542112
b'2013 RT155',103.0570395,0.09548923,0.65326576,0.00038647,26.0412632,0.00020106,222.13441087,0.01313686,172.28695883,0.00027574,72311.11152654,2.16565765,35.733404561213405,0.07277955242692481,49.34619848,0.00156581,48.69097115,0.00115614,23.30576979,0.05947731,10,14,18.08995,39.4495318817,-28.5175920286,-1.136684117,0.1695768083,1.0991980892,-0.0560332422,1.5801433850745462e-06,-1.1732718546079124e-06,-4.815689306993739e-08,1.4974265048404767e-08,3.778421466242734e-08,-3.2099632598008873e-09,8.728550069050153e-07,3.5679176271428354e-08,-9.44592211220362e-10,-3.560412550074026e-08,2.080807800379785e-09,1.5497499608325498e-09,-9.71447989070011e-10,-7.66572213433359e-10,1.4164491013519747e-10,6.587434756718223e-08,-4.867717783780104e-08,-1.9901602095435377e-09,3.750531172100263e-08,1.385552249135452e-09,8.020577862174622e-11,b'Detached',b'',6.940153444060401,0.09830906237755281,6.395409983470207,0.08385851157644705,6.2532423117515865,0.11021214562421798,6.1925339790699905,0.12676378148974252,0.5447434605901993,0.14216767171861838,0.2028760044002127
b'2013 RT156',54.86621587,0.00793253,0.33820318,0.00018715,22.94566127,0.00021763,306.13760002,0.01463866,168.82207872,0.00012769,88253.36133985,9.16035634,36.310287347103575,0.015038918054677613,56.40205868,0.00106445,56.23438039,0.00105675,23.69501454,0.06005516,16,21,40.17308,56.0349332079,2.1520228243,-4.2143322209,-0.3071695182,0.7680048835,0.0351471565,1.1246508909141406e-06,4.059228799420378e-08,-8.835058119851895e-08,3.75104779295761e-08,1.6641014783996574e-08,-3.0192744526985463e-09,1.586211429068815e-09,-3.1889012357508805e-09,3.0071637154989995e-09,6.577054446424994e-10,-2.3946946371599297e-10,6.975704638041023e-09,-2.9469667726425754e-09,-1.3073344451426257e-09,2.315741865920272e-10,3.296180823229018e-08,1.7571967323114574e-09,-2.602902995654167e-09,3.0048402487710544e-10,-1.3954229408430491e-10,2.1425389456469247e-10,b'Detached',b'',7.003349145752514,0.11244275899425939,6.240243388156101,0.07579267206985967,6.012454047133934,0.08903426712238081,5.8766278326170305,0.12423174298101898,0.7631057575964115,0.22778934102216405,0.36361555553907215
b'2013 RT157',42.0826969,0.00371445,0.06320425,0.00015327,12.62777899,0.00021598,357.68032704,0.19786557,194.2710577,0.00067298,17117.99331721,62.2505217,39.42289155320001,0.006362804296584155,44.78860766,0.00110224,44.3243822,0.00098546,23.95920471,0.08243422,8,12,38.61398,41.8378100578,-14.6252813086,-0.5913154995,0.3287439234,0.8381186835,0.1838743756,1.0725822436637712e-06,-3.9084372002782103e-07,-1.9201175541531232e-08,3.054952215208737e-08,1.092305662850444e-08,3.1757003707160827e-09,1.4259201001682522e-07,7.01561308844321e-09,-8.733340566834978e-09,-4.897049654667844e-09,-1.210108823362385e-09,4.0385131722007984e-10,-1.2998265311113864e-10,-3.583023940117256e-10,-4.797000299526331e-11,5.48280959337102e-08,-2.0758281976606214e-08,-1.1002340265228675e-09,8.357840934827985e-09,4.973933251466461e-10,5.2832320268690495e-11,b'Classical',b'',7.965188351552955,0.13184124206698541,7.417248910543494,0.11020174530383475,7.058886325737982,0.13881243733741908,7.024880352656359,0.1542115916669142,0.5479394410094649,0.35836258480551403,0.3923685578871334
b'2013 RT158',44.28447386,0.00182464,0.07901693,3.251e-05,1.05067236,8.791e-05,51.672154,0.07448394,130.6783742,0.00602786,111150.1978875,24.74136847,40.78525073286668,0.0002486999614433299,47.92158798,0.00053123,47.78369439,0.00053041,23.61893979,0.05481486,16,21,48.06112,47.736473258,2.1171506288,0.1680593909,-0.0369321235,0.8040146468,0.337780823,2.818918558951158e-07,9.4500550778805e-09,-3.904517896090851e-10,-1.985481690462506e-08,4.2134434630017905e-09,2.0752161668027475e-09,3.684460433897213e-10,1.2786541580975705e-12,-1.4169050685949527e-10,1.6098353221543735e-10,6.934807499538341e-11,2.396991005455585e-11,2.4702170578405357e-10,2.040901692948796e-12,-2.0020122175440964e-12,9.427792040709725e-09,-8.48155532372946e-12,-1.4947684429143162e-10,7.797271329059739e-11,3.0914933163448625e-11,1.9910855753454555e-11,b'Classical',b'',7.8962331178961715,0.13259470943389629,6.704486016939521,0.07832971800491183,6.38248357856442,0.07993990743489911,6.445432954284753,0.15261427771208866,1.191747100956651,0.32200243837510073,0.2590530626547686
b'2013 RU124',48.24697669,0.00433063,0.25058247,0.00015179,31.65010818,0.00018744,292.79535352,0.00910362,188.2358882,0.00023447,74975.91545414,1.49373702,36.15713019532753,0.010392079267318634,42.64800561,0.00039551,43.088821,0.00028139,23.23463275,0.05676116,14,17,32.37574,32.3340180984,28.4408355334,-1.508854929,-0.8167009892,0.5729600429,-0.1421349964,8.72383450011733e-08,7.754488269992964e-08,-4.660663556782781e-09,1.6957643482034866e-09,4.3836253975901676e-09,-7.074972211052673e-10,6.89910261523786e-08,-4.148186738688391e-09,1.982942384508902e-09,4.322437447709479e-09,-6.522881454575601e-10,2.738742086957033e-10,-1.9701019216725613e-10,-3.263010101295135e-10,5.163056015376222e-11,1.1876741320378231e-08,1.0275367068804503e-08,-5.828085390727557e-10,9.012391490950931e-09,-5.257666559637495e-10,4.698473418858116e-11,b'Detached',b'',7.3708612478650135,0.0876330511425257,6.853412326442042,0.07171806589070744,6.719394490871769,0.09046419495984029,6.5164737734533045,0.11031303216660537,0.5174489214229725,0.13401783557027153,0.3369385529887371
b'2013 RU128',61.20353497,0.00886067,0.41656362,7.97e-05,25.25587551,6.72e-05,112.25404046,0.0048482,176.15598986,7.791e-05,49289.06276519,0.77244305,35.708369048134124,0.010013917600606466,39.24677937,0.00062995,38.65587311,0.00050278,23.37458488,0.05177384,10,17,22.48139,33.7904479364,-18.7704907497,-0.3883703269,0.7771143853,0.8904865134,-0.0497166085,3.013262145676018e-07,-1.6969938701151953e-07,-3.243050329601435e-09,1.787639926042727e-08,2.4531802332377454e-09,-3.7557163703058057e-10,9.561140931619922e-08,1.8260240582875535e-09,-9.895487201619195e-09,-1.4802563209658806e-09,2.0955030034014241e-10,4.3662862475784283e-11,-1.9501518504215418e-10,-2.4891881518022196e-11,4.866892451313333e-12,2.066335739913577e-09,-4.3507089725602054e-10,-3.3746321687166434e-11,3.5797347810999197e-10,3.5771448027054765e-12,2.7442835875954066e-12,b'Detached',b'',8.228415012172329,0.09662086047279102,7.452683279862621,0.06944081274261965,7.099856504735447,0.0711094302656754,7.183169904144711,0.1010628592582009,0.7757317323097059,0.35282677512717525,0.2695133757179124
b'2013 RU155',43.97073388,0.00239441,0.08299445,3.431e-05,1.79728958,3.725e-05,48.51275907,0.04389377,287.2073315,0.0029644,52407.02847729,10.81321677,40.321406793960925,0.0035907696817252376,40.75752474,0.00048798,40.50691297,0.00048428,23.48691234,0.06031792,18,22,40.18265,40.3713465135,-3.3080058202,-0.1465490624,0.1048091896,0.9313583964,0.417543304,2.3609135340908552e-07,-2.18839413589357e-08,-1.7911655889676717e-09,-1.1954992772674513e-08,6.760060114803146e-09,2.6008797732503035e-09,2.06598078705657e-09,1.7698120145388512e-10,1.3591142125417155e-09,-6.469221809729061e-10,-2.417938950704825e-10,3.1262075038760526e-11,2.0187112482483948e-10,-6.037622842720391e-11,-1.9805339972904916e-11,3.1596996491814287e-09,-5.509431172422322e-10,-1.3884837304052477e-10,2.1381490136159357e-10,7.506471660096621e-11,3.1888021187520223e-11,b'Classical',b'',8.215228076623346,0.11682667811797531,7.452141061396519,0.0956747452655333,6.889025005288792,0.08772369796769033,6.8019274628321345,0.1087386848402134,0.7630870152268309,0.5631160561077256,0.6502135985643822
b'2013 RU156',56.60722282,0.00333721,0.37547012,3.249e-05,11.58362657,9.12e-05,345.41689384,0.00869836,37.37441598,0.00026479,60666.94965221,1.54180706,35.35290188168689,0.003884465348642879,35.87036994,0.00028565,35.82528741,0.00027993,23.53687698,0.06913668,11,17,23.54499,35.4560594919,4.6349630157,-2.19913183,-0.1948583056,1.0074415264,0.6749727599,7.997615619251056e-08,1.0362152218799929e-08,-5.164573490063397e-09,2.7480082437346774e-09,2.7558749845452203e-09,1.3827196298178312e-09,1.3861859644343374e-09,-6.553038434919595e-10,5.888925304988978e-10,3.857030212597139e-10,1.6741884622726386e-10,3.6378911999874506e-10,-3.0762712142578596e-11,-1.5610258269072966e-10,-1.0285080885119412e-10,2.529630691380597e-09,4.5662650326962935e-10,-7.583387691178792e-11,1.5390845904978232e-10,2.928156304378872e-11,3.5287068970317997e-11,b'Detached',b'',8.643899449981555,0.11371302727214998,7.903017136521983,0.09487629959137767,7.656351900795924,0.07358991569933808,7.517938855353089,0.10208618319134737,0.7408823134595702,0.24666523572606355,0.3850782811688943
b'2013 RU157',43.26179481,0.00423873,0.18270166,0.00015257,33.04988785,0.00015484,320.03334095,0.0341461,173.71361825,0.00010686,86231.94692585,12.06508622,35.357792953782415,0.009220953973331388,45.91764585,0.0008137,45.9419714,0.00075518,23.62053615,0.05906721,10,21,29.15223,44.2285955257,11.5452947827,-4.6045893023,-0.3824689972,0.8053238444,-0.1108879774,6.123269008848799e-07,1.6208575520310203e-07,-6.485043328797577e-08,-2.652322607547781e-08,7.158139473426133e-09,1.1317671262455012e-09,4.307183866858882e-08,-1.7183985562439858e-08,-5.026944312849919e-09,2.403225295364453e-09,9.11258899263988e-11,6.889464911905733e-09,2.574676145129321e-09,-8.177813758284393e-10,-9.412862352997708e-11,2.828585354751104e-08,6.588716165252603e-09,-2.8848249214889594e-09,1.8435313075013014e-09,-7.078420804450843e-10,3.041432052363333e-10,b'Classical',b'',7.781652541144448,0.11524127578755786,6.852948733796799,0.07400321501657182,6.480656844266305,0.07286201428348205,6.172277964609483,0.10252994565322288,0.9287038073476537,0.3722918895304915,0.6806707691873151
b'2013 RV124',44.71959706,0.00091767,0.10660171,4.394e-05,43.25502629,1.338e-05,184.16524775,0.00769449,51.78671003,9.596e-05,31562.39401382,2.64508236,39.952411660290366,0.002528603615659555,45.22269032,0.00019218,44.8261184,0.00013625,22.45403074,0.02028048,18,27,44.25549,30.6864206235,0.2910478363,-32.674757406,0.5267264968,0.6856175723,0.3636438671,1.6944542931596485e-08,-4.550229273682653e-11,-1.8401851242799318e-08,1.2226713042056632e-09,4.250713912772395e-10,-8.999276289304375e-10,7.359191815163694e-12,5.4125884476337326e-11,5.5175923507816e-11,-2.1024411022621886e-12,-6.153117252627734e-11,1.9994565531560686e-08,-1.2692657141504517e-09,-4.626585452019641e-10,9.133289210596893e-10,8.28295607410789e-10,1.8621212627170746e-11,-8.73556704038107e-10,1.172500883284558e-11,-9.366702713064696e-12,9.330677229897514e-10,b'Classical',b'',6.674865188106347,0.04698820030822403,5.840781623655873,0.03224842778480846,5.545364953485793,0.02787900091871182,5.423069426878163,0.05110924718661804,0.8340835644504738,0.29541667017008216,0.4177121967777085
b'2013 RV155',41.04316929,0.001569,0.06050475,5.71e-05,28.28485897,0.00010641,37.82271476,0.04967733,1.48997351,1.426e-05,65886.74539319,11.37028037,38.55986244790176,0.003664931828035742,39.09929817,0.00028426,38.97969281,0.00028353,23.18780556,0.04152907,15,22,30.16366,38.9101287044,1.7875921222,1.4909226195,-0.0949923193,0.6357744858,0.8073833301,8.067531096426493e-08,2.52657255898766e-09,2.2597912165595587e-09,-9.404977620796714e-09,1.3355029160500167e-09,1.5794795391565022e-09,9.994022202772765e-11,8.45820327808076e-11,-7.389416349352069e-11,4.852336385496159e-11,5.558950561537641e-11,8.744560094922811e-11,-1.4436439105098855e-11,4.540137810641774e-11,5.076616543211376e-11,5.081914886020064e-09,-2.797534807313155e-11,-7.376277297300583e-11,2.93895256303297e-11,2.9691478656334635e-11,3.7160355124587536e-11,b'Classical',b'',7.952765758614815,0.1455418215689477,7.201728336918068,0.07756033622106649,6.848656447564194,0.10182233366561559,6.595851161775952,0.08727490493399669,0.751037421696746,0.353071889353876,0.6058771751421159
b'2013 RV156',43.66521506,0.00248533,0.08222214,4.155e-05,5.71758049,6.404e-05,299.03937072,0.05762806,78.95440352,0.00119233,57448.87274692,14.23000974,40.074967795629554,0.004094919349562494,39.9462973,0.00047553,40.07499544,0.00043075,23.77950696,0.07004795,9,15,35.69748,37.9958597724,12.631488918,1.662945462,-0.3128659849,0.8825553295,0.4367060312,2.0398218753265757e-07,6.672967051254393e-08,7.955418024248576e-09,-1.7393387054204004e-08,1.6739943602355007e-11,1.9166750046896865e-09,2.1908060734074304e-08,2.626886294496517e-09,-5.209374986875985e-09,1.6881055291738088e-10,6.472880673203204e-10,3.441148151838299e-10,-4.6004465092657575e-10,7.362924369260929e-11,8.621835578394612e-11,5.863318123322841e-09,1.459613129978384e-09,1.9920107886820717e-11,4.939459973818685e-10,6.142954753810181e-11,3.1587334095246077e-11,b'Resonant 7:4',b'',8.599515225957385,0.15774081516510813,7.709413525538745,0.10871215504478651,7.353885202780733,0.10134493313935171,7.149862556051046,0.13784285471222782,0.8901017004186389,0.355528322758009,0.5595509694877009
b'2013 RV157',68.14947942,0.01262298,0.50441345,7.144e-05,11.56311021,0.00016789,115.93731095,0.01904324,185.99444226,0.00019175,47777.55752029,2.13635244,33.77396507891042,0.01019354330845984,39.34335175,0.00136285,39.08865882,0.00135082,24.41304034,0.10238604,8,10,36.64373,38.9506366665,-3.2789418274,0.140328168,0.449719254,1.0876073526,0.2395667007,1.8375357755606016e-06,-1.9160326396520752e-07,-5.143956768869895e-09,-1.2397349935296308e-07,6.357423500874318e-08,9.566726820920573e-09,2.0057848978933458e-08,5.44582235131817e-10,1.3428996129839149e-08,-6.672384898318529e-09,-9.989423001161456e-10,5.542556638032739e-11,4.496717416275738e-10,-1.8940241464358906e-10,-1.4340782189620596e-11,1.4692951365324222e-08,-4.994617511794619e-09,-6.631768740423532e-10,2.2895342999580075e-09,3.3298034696350127e-10,6.120055907065611e-11,b'Detached',b'',8.675438930936936,0.13265282851880858,8.114097321176034,0.08818810136680941,7.913244285296388,0.11186260280297697,7.580447945002765,0.1450938958263221,0.5613416097609023,0.2008530358796455,0.5336493761732718
b'2013 RW124',36.52678976,0.00081865,0.06715323,2.216e-05,4.80790888,2.116e-05,253.5304278,0.03900084,92.54719628,0.00085789,50742.21244466,7.43467768,34.07389798987399,0.0012118468969307937,34.27678245,0.00017479,34.44020034,0.0001553,22.94085301,0.03645779,16,24,44.8252,32.2726582819,11.8353379736,2.127839785,-0.3366501754,0.9523179206,0.4394404251,2.6999360873724446e-08,9.655416263358799e-09,1.611229929671569e-09,-3.81035101631837e-09,-3.712274964212941e-10,1.9806882462003855e-10,3.470526071592754e-09,5.810695755407356e-10,-1.2247369775530825e-09,-8.409687124836657e-11,7.815114661207602e-11,1.0401396477416853e-10,-1.680183591828125e-10,-1.853797230230381e-12,1.6278216866791166e-11,2.2839458017838535e-09,6.475156785380063e-10,6.388399194014241e-11,2.1025684599988526e-10,2.8627911966420696e-11,8.35707928136644e-12,b'Resonant 4:3',b'',8.113080129141435,0.051664931572062006,7.496340939672409,0.040882163163498894,7.266998225863928,0.05943618509854414,7.327179800771441,0.11793514877154104,0.6167391894690327,0.2293427138084758,0.16916113890096157
b'2013 RW155',36.4632144,0.0013073,0.10247004,3.479e-05,6.54936406,0.00010355,197.68841795,0.03211538,26.61179014,0.00031682,27083.29533949,7.70786504,32.72682732479957,0.001761649586048535,39.3425776,0.00033958,39.30673803,0.00033298,23.38797732,0.05532907,13,22,34.71125,38.9302468602,5.3774483612,0.7338823704,-0.059655624,0.8366391836,0.4729982897,1.1298352356981242e-07,1.6059268482360634e-08,2.3063332919715033e-09,8.405066475738385e-09,3.846706430235463e-09,1.6276181246147576e-09,2.3169629993652203e-09,3.403353055125456e-10,1.4724030666216904e-09,5.832200853426786e-10,2.354269469317189e-10,6.530486814742341e-11,3.238167618196252e-10,9.848292315475823e-11,3.547247839077629e-11,4.023917419576811e-09,7.316852528168007e-10,1.7098082637699864e-10,1.9282298117575015e-10,6.198335452272437e-11,2.7560526987263154e-11,b'Resonant 4:3',b'',7.962595529263554,0.09228984529559124,7.389982338002612,0.06164646902397791,7.047375571275774,0.0632545554332606,6.958534885749421,0.10376248227649683,0.5726131912609419,0.34260676672683615,0.43144745225319
b'2013 RW156',40.73906914,0.00686159,0.08494173,0.00015807,15.7874485,0.00010568,224.0752524,0.0854736,208.41209253,0.00076795,83047.26916389,18.25319834,37.2786219902515,0.007981155742205483,42.12435243,0.00182852,41.4633663,0.00135009,23.88212285,0.08019622,8,8,14.40683,33.5842724923,-24.313723343,0.3876124672,0.4864901062,0.8122622195,0.1999420176,2.1560533238163506e-06,-1.5997585067706072e-06,2.7890862028352635e-08,7.781050319081535e-08,1.850485818003589e-08,1.3677771159691624e-08,1.1872612338865965e-06,-2.066417274694855e-08,-5.6096933970757407e-08,-1.498392141645831e-08,-1.0135567045563282e-08,4.168402779033482e-10,1.2776113852443384e-09,3.068221263752912e-11,1.8437275330327195e-10,1.7178580828896724e-08,-1.0383785042350128e-08,6.110361090253373e-10,8.681969095743487e-09,2.7004980647984964e-11,1.0290395793836438e-10,b'Classical',b'',8.261856989130655,0.11805992454146183,7.652687697264708,0.09909635867876415,7.432524296690955,0.10368898816611025,7.500272961948143,0.15837465396363437,0.609169291865945,0.2201634005737532,0.1524147353165655
b'2013 RW157',46.73361214,0.00512476,0.25540668,9.618e-05,13.62002437,0.00015652,122.16676159,0.0179682,182.50799424,3.647e-05,45965.5476203,2.60552039,34.79753528982576,0.007800217620933876,38.55165073,0.00069897,38.40400583,0.00069824,23.9362747,0.08517751,11,13,36.16374,38.3778909767,1.2721840668,0.6218488503,0.1662882569,1.0723526763,0.1875799112,4.882058272445562e-07,1.4143589581300847e-08,7.138973135109679e-09,-1.7412962811080737e-09,1.5140701436201874e-08,2.9256555035186078e-09,5.43301562405837e-10,2.27205113785344e-10,9.668602902452524e-10,4.601421213662145e-10,9.728736844292676e-11,1.3841885142996945e-10,1.7399049054215767e-10,2.2472126845381818e-10,4.9955142652334905e-11,1.001442934819046e-08,1.1086503842015307e-10,1.1248570086393141e-10,4.808902754824642e-10,9.277827360942128e-11,2.762082879796455e-11,b'Detached',b'',8.486364164966298,0.10792447345178287,7.809003756615878,0.0921005886523733,7.804406900770646,0.11845848085964342,7.439757677830817,0.1667701313683398,0.6773604083504237,0.004596855845229372,0.36924607878506044
b'2013 RX108',45.29460268,0.00112337,0.05931702,6.192e-05,4.87064005,4.989e-05,31.76361258,0.01402197,71.75191104,0.00082604,81976.08184271,4.3249189,42.60786195024768,0.0036043411381604736,44.83948995,0.00021515,44.9635853,0.00019636,22.83501665,0.02577474,22,38,95.29484,42.8258583658,13.477718327,2.4537659331,-0.328773971,0.7877572182,0.3961373235,4.2097403019864043e-08,1.3091519895969579e-08,2.2706976596248334e-09,-4.783136955517771e-09,-5.265355916611272e-10,1.8899724105438679e-10,4.083811803644639e-09,7.096032415823081e-10,-1.3522082908055685e-09,-1.221113355677199e-10,6.579725292735611e-11,1.288604555129416e-10,-1.9520009144678063e-10,-9.14848484398517e-12,1.3521818527751272e-11,3.0596108015203003e-09,8.310216629470448e-10,1.0907261208557602e-10,2.451297455452213e-10,3.768199383096899e-11,9.610451594430553e-12,b'Classical',b'',7.257108417744016,0.06042440089663079,6.262545467910856,0.033801893224111014,5.943768223787545,0.039367833577771294,5.78323650384157,0.05656376685703668,0.9945629498331613,0.3187772441233118,0.4793089640692866
b'2013 RX124',39.53012187,0.00636491,0.24402106,8.397e-05,29.47599045,2.554e-05,232.50029918,0.01670406,20.53976495,0.0002308,50172.73266261,2.30154987,29.88393974172427,0.008087134246606844,32.62458867,0.00095715,31.8324369,0.00061502,23.29013866,0.04561039,14,26,53.89318,14.282299006,-15.751760582,-23.6897026682,1.1379213518,0.3968944868,0.1767460308,1.641094259730554e-07,-1.9460689375631532e-07,-2.92460223405923e-07,1.3418230910451998e-08,4.268290470434787e-09,2.804335173103061e-09,2.308188009698302e-07,3.4686385719589997e-07,-1.5838808134590517e-08,-5.1559956972406655e-09,-3.4673561163386298e-09,5.212768104780789e-07,-2.3815833128278696e-08,-7.733415357549776e-09,-5.184381475407479e-09,1.2823525413611643e-09,1.0701335436238053e-10,-1.2977875858111559e-10,4.3302489754165673e-10,5.474184063287513e-10,7.543002203600223e-10,b'Resonant 3:2',b'',9.017936361238776,0.09323478928808436,8.166701804719208,0.0650922651976045,8.074645278012957,0.08153032511530874,7.692959950519457,0.0865933000645395,0.8512345565195663,0.09205652670625236,0.47374185419975184
b'2013 RX155',46.783957,0.002596,0.26129312,5.909e-05,27.94917975,0.00011145,126.02964373,0.01017303,174.74645328,4.551e-05,44732.13449976,1.28097961,34.55963107191275,0.0042970934179997295,39.14331012,0.00038737,39.02026889,0.00038429,23.54262945,0.05978713,16,18,30.95521,38.8499331565,3.0992674874,-1.9127516468,0.1332921791,1.0749652729,-0.0886482629,1.4896693467517228e-07,9.996440700838145e-09,-7.997888733718587e-09,-6.669395382532236e-09,3.815248372344166e-09,1.3290638410612145e-10,7.430782463269179e-10,-5.39687351629409e-10,5.3821164492686056e-12,2.949687411058873e-10,-1.5560662463101906e-11,4.4756052412585e-10,3.3367971541400855e-10,-2.070427617925245e-10,-7.474765526295875e-12,4.079061037844702e-09,1.6754593750769152e-10,-2.1008241206376625e-10,1.322208515790461e-10,-1.4887724344403457e-11,1.5354729976446786e-11,b'Detached',b'',8.076916456671382,0.11509898875612995,7.569292525880337,0.0692283099225368,7.236515741770008,0.07716177959611188,7.205298056905066,0.10439129424583933,0.5076239307910445,0.3327767841103265,0.36399446897527094
b'2013 RX156',44.89786883,0.00527558,0.19109916,7.735e-05,31.19624995,0.00011452,165.85795766,0.01774771,171.04777795,9.431e-05,59261.8231432,3.59465716,36.31792375220581,0.007731538887157126,36.99722795,0.00079284,36.39303831,0.00061468,23.87212582,0.07210485,9,15,31.71826,31.0879611543,-18.9205716397,-0.0622687271,0.5586485659,0.9746520457,-0.1729527444,4.52423709931027e-07,-2.824979112007052e-07,-2.767091955154175e-10,9.739725313418044e-09,1.3154836056946857e-08,-2.893781459233266e-09,1.7647186639988792e-07,1.6534892392003454e-10,-5.748600383415778e-09,-8.429102620397463e-09,1.8073110737245665e-09,2.101948170156276e-11,-5.5873364842702864e-11,2.375899397559224e-11,4.212272252171825e-14,2.451932506958835e-09,-1.1422396230395518e-09,-6.005732751236792e-11,1.2968795104724966e-09,-8.55755902576076e-11,2.427782949384086e-11,b'Classical',b'',8.58442169088566,0.11187713171123007,8.19649129888194,0.09942039298348927,7.797354353504192,0.08624414704505912,7.767145408411773,0.15211596677482772,0.3879303920037182,0.399136945377747,0.42934589047016747
b'2013 RX157',41.26207129,0.00349547,0.04063744,0.00011481,12.80657303,0.00012698,88.50320327,0.12329445,19.37779786,0.00016843,84638.27711558,33.53727205,39.58528634425546,0.00770883441252689,41.76873315,0.00079592,41.65808954,0.00079175,23.73668028,0.06143807,11,17,49.70392,41.5306472907,2.6796997103,-1.8495861568,-0.063796652,0.7843619471,0.5661376921,6.307155798272784e-07,3.1354985231477194e-08,-3.5195949927895126e-08,-8.428953962075523e-08,6.801321996537403e-09,1.2419481512099794e-08,1.6264923006048642e-09,-1.7195507895449422e-09,-3.722670061176055e-09,3.691173691988082e-10,5.994240973205773e-10,2.0103326595462123e-09,5.033955414225145e-09,-3.5435348962791065e-10,-7.104534087716487e-10,1.63891606664991e-08,-5.180982501475637e-10,-1.8567720692014451e-09,1.0817374393392381e-10,1.1890350056852147e-10,2.5712839483416037e-10,b'Classical',b'',8.121013896972512,0.10295631258135354,7.488857845597456,0.07997003091808105,7.458023861439274,0.11131913108057971,7.074866356568785,0.12200384012783033,0.6321560513750564,0.030833984158180592,0.41399148902866884
b'2013 RY108',45.56662801,0.00268919,0.46133797,3.899e-05,10.75972309,1.349e-05,5.16151258,0.00222035,93.26681752,0.00038047,68667.2049238,0.3512306,24.545012212137593,0.003167032326600684,34.61767042,0.00020788,34.66624295,0.00019143,23.3280506,0.04159738,18,30,78.54629,33.2126273412,9.5217258296,-2.8295799029,-0.6990874856,0.8262822112,0.4915431682,3.9653369342062046e-08,1.131088995132415e-08,-3.624106463180036e-09,-2.06435394264314e-09,5.985121523959891e-10,6.91515784945538e-10,3.251324388168468e-09,-1.0266757821334699e-09,-4.396237051785803e-10,2.140614373753219e-10,1.842590118474632e-10,3.4146709803198545e-10,2.5159258267693996e-10,-3.612889351636777e-11,-6.944291958436414e-11,1.3990676145306253e-09,3.496814694162059e-10,-1.4861755322679956e-10,1.2334018431023317e-10,-2.2815056381943572e-11,2.374621128117603e-11,b'Scattering',b'',8.497803947999804,0.06631916377692057,7.8582247875294495,0.045643669821824856,7.827256173334144,0.06569778588410144,7.569591123344461,0.08105223301064383,0.6395791604703579,0.030968614195304653,0.2886336641849878
b'2013 RY155',44.98583555,0.00298049,0.19567819,0.00010738,10.90025362,0.00019236,225.4325865,0.01873383,19.69556184,0.00034023,28506.81633183,7.26524152,36.1830886402047,0.006566018620079898,47.44565238,0.0005904,47.29752743,0.00058792,23.696076,0.06171779,10,16,32.12085,47.1984201114,2.1134478,-2.2132731884,0.1582201563,0.7344138166,0.4779391124,3.4709609102799374e-07,1.5290390208669543e-08,-1.676593598920639e-08,3.4460133835941282e-09,6.077570018182095e-09,3.66773111386758e-09,7.651987484321806e-10,-7.028267562761048e-10,9.927013185146694e-10,3.0175713337269565e-10,1.2096754596719682e-10,8.696621197691548e-10,3.801938151801546e-10,-2.6962148777916886e-10,-2.06559895278224e-10,1.2867172129260259e-08,6.246245390300438e-10,-5.818634238061025e-10,1.407442590570741e-10,3.697727172441676e-11,7.803512671812671e-11,b'Resonant 11:6',"b'11,6,-2,0,1,0'",7.488633772044908,0.10526987852103353,6.858169064908088,0.06819926276490308,6.833635257518724,0.09795895107788394,6.900545264986926,0.22072084171243925,0.6304647071368203,0.02453380738936543,-0.042376200078836794
b'2013 RY156',49.30668348,0.00888972,0.28403292,0.00011352,14.87411481,0.00011496,56.80642513,0.01964421,194.33342562,0.00044342,40733.99795157,3.08852962,35.301962156239654,0.011284420866781287,43.31444688,0.00146353,42.68496073,0.00112328,23.44736688,0.06745869,10,12,13.31667,36.1581810925,-22.6496188901,-1.2595937842,0.742522594,0.6887984689,0.1570728433,1.5117615102143017e-06,-9.746443338578476e-07,-5.545356488000501e-08,4.1485801018350345e-08,1.981717926050127e-08,4.4981013205971505e-09,6.285289344609145e-07,3.5768245485620514e-08,-2.5894151992025654e-08,-1.3326295434508785e-08,-2.9308989435962576e-09,2.0689974654591754e-09,-1.409660603960861e-09,-7.985194555966418e-10,-1.7378793911081424e-10,7.135643196720352e-09,-3.2722231773465363e-09,-9.242760903835783e-11,2.6974146968035077e-09,1.9650741872155195e-10,2.779769842934358e-11,b'Detached',b'',8.226993237005603,0.16976205713755446,7.115070135615978,0.08578936341007351,6.819874971528742,0.09384905406024073,6.73474147805115,0.1808159073013998,1.1119231013896251,0.29519516408723606,0.3803286575648233
b'2013 RY157',43.63007765,0.0026955,0.10649438,9.046e-05,2.32994769,0.00016572,292.33290466,0.02100352,158.89720447,0.00198302,79385.7108705,5.2936299,38.98371968876158,0.005747378623032,43.03509394,0.00053001,42.92826109,0.00052811,23.42764877,0.05401857,15,23,40.52388,42.8272317593,2.907458751,0.4588064869,-0.1660370495,0.8871629927,0.3478821077,2.802086403460341e-07,1.4754630782315602e-08,1.0976248635459909e-09,-1.337561090175486e-08,5.530308976825527e-09,2.3822900971301408e-09,8.161395190808677e-10,6.40754602856797e-11,-3.776868441302134e-10,3.0421529981367727e-10,1.27938691243026e-10,2.98600583163335e-11,7.493443806535835e-11,2.957083119951518e-11,3.0326277037491667e-12,7.254235499746747e-09,1.4578176283345386e-10,-6.356565995475108e-11,1.4413057279368188e-10,5.012890822596805e-11,3.022802083594127e-11,b'Resonant 7:4',b'',8.019696192945107,0.12415334851141324,7.134832269523889,0.09436321252376925,6.7694622219626215,0.10162768361804854,6.662813526087165,0.1241367499020933,0.8848639234212221,0.3653700475612631,0.47201874343672184
b'2013 RZ108',55.3642285,0.01084267,0.45232164,0.00017102,13.03172842,0.0002456,333.54352478,0.10305615,65.59710896,0.00087031,58484.69269734,14.21952544,30.321789676621293,0.015369337821446515,30.01946293,0.00138955,30.40915532,0.00108067,22.28570571,0.03440318,10,13,17.25483,25.5676110333,16.2181716324,2.8257569833,-0.7360981176,0.9312400112,0.6905235013,1.4678442150239769e-06,8.192834603626081e-07,9.338320403647114e-08,8.221828883799789e-07,4.548854128484394e-07,4.958705908071661e-08,4.575659549048121e-07,5.2184617531487116e-08,4.5783147452820166e-07,2.5346267107843916e-07,2.7654730187720635e-08,6.129897762951753e-09,5.156975299714757e-08,2.8574630018412065e-08,3.215380833926543e-09,4.744522944802206e-07,2.6174082397993383e-07,2.810312855427296e-08,1.4449214984260702e-07,1.5532155004250874e-08,1.7273601380364955e-09,b'Resonant 5:2',b'',8.675582702879543,0.09191895791101332,8.182988931760113,0.16963628627171065,8.063677153767786,0.13477483639975305,7.713767910392983,0.18099972971852862,0.49259377111942965,0.11931177799232769,0.469221021367129
b'2013 RZ155',40.58132014,0.00273871,0.10643354,5.883e-05,28.88281071,0.00021404,357.42400579,0.07266511,186.23467199,6.755e-05,101091.10500129,23.08348502,36.262106575771305,0.0013241159573430534,44.72869395,0.00079799,44.80611621,0.00075294,23.53904135,0.06068372,9,13,42.95714,43.4748006187,10.7634932799,1.2949800937,-0.2291373564,0.8541379835,-0.0913240784,5.999273429911271e-07,1.4803779457790513e-07,1.7131805532370952e-08,-1.3781610805913255e-08,1.1696081783086917e-08,-5.763970179841392e-10,3.6703295281323987e-08,4.226086454580594e-09,-1.859531253310644e-09,3.294240230197196e-09,-9.811570754444267e-11,5.209008698301876e-10,-4.108333055208276e-10,3.293503148606101e-10,-1.77551892317122e-11,1.7290252908414386e-08,4.230429179008448e-09,4.998523122098203e-10,1.429979400898582e-09,1.177864338715367e-10,2.3264828618821174e-11,b'Classical',b'',7.573497399272069,0.09066847951264234,6.9322035462666545,0.08421964760207139,6.70355389184777,0.10110535608754886,6.585242808144786,0.1322702726105086,0.6412938530054098,0.22864965441888305,0.3469607381218721
b'2013 RZ156',41.07341465,0.00323112,0.06046545,0.0001296,26.4487869,0.0001539,248.19299031,0.04754687,36.36670288,0.00016213,35961.78959306,12.10456468,38.58989229957334,0.007653512987257868,40.7239692,0.00067705,40.80192336,0.00061591,23.87931359,0.07318493,8,12,11.46467,38.8930810918,11.9444195763,-3.0750665623,-0.0883951065,0.6748093802,0.7155744636,4.1344442455695104e-07,1.3283382235568806e-07,-3.0732656545131344e-08,3.438477169376588e-08,1.901230940212563e-08,5.2138014783528215e-09,4.2784078386987555e-08,-9.805526215175406e-09,1.19329143302009e-08,6.386173761992925e-09,1.6043900844978546e-09,2.38332385252877e-09,-1.6993303610969214e-09,-1.1441752340526162e-09,-4.5678419936532566e-10,1.3821377160498094e-08,5.022487290196461e-09,-4.437729442172594e-10,1.9632228639975704e-09,-3.5867482078041404e-11,1.4383310385884426e-10,b'Classical',b'',8.609945709297778,0.14847696314701264,7.705117396458407,0.07885059312988435,7.514359918482805,0.11303990495753255,7.400134564702961,0.15169432075516232,0.9048283128393684,0.19075747797559847,0.3049828317554465
b'2013 SA100',46.29443245,0.00219807,0.1660726,7.115e-05,8.47794424,0.00010131,114.0682623,0.02587072,27.81330927,0.00018757,93476.88492859,9.75797291,38.60619575427101,0.004889171650000011,50.22607851,0.00034627,50.27045455,0.00032926,22.91793844,0.03051777,18,35,68.88019,48.9374245137,11.1637643142,2.7599726946,-0.3008296797,0.6689001924,0.4253033749,1.1411153039335109e-07,2.503213059521283e-08,5.825074122000402e-09,-1.5983968754942396e-08,-1.4558994697286041e-09,3.7296921899748604e-10,5.511254165201714e-09,1.2855730051703109e-09,-3.2199251373275543e-09,-2.5646474810280416e-10,9.60008165735319e-11,3.0830002683844946e-10,-6.502185571727816e-10,-3.831566125341573e-11,2.7893805681377786e-11,8.455110639998516e-09,1.553746161897437e-09,2.552011844390823e-10,3.141787022790712e-10,6.204393410674718e-11,1.8788083122586492e-11,b'Resonant 29:16',b'',6.649275823025162,0.07409644631265982,5.894031396026376,0.05964959869675798,5.66746602852537,0.05042746787626878,5.511333226012804,0.0652377960140153,0.7552444269987851,0.22656536750100822,0.3826981700135722
b'2013 SA112',43.23987743,0.00425464,0.07924555,7.006e-05,11.7459248,0.000125,359.94924838,0.0618938,8.78123621,4.171e-05,57613.14929573,15.17880561,39.813309433298805,0.006946466625867741,39.86345047,0.00089424,39.81368323,0.00087952,23.57316992,0.0886452,7,11,9.3514,39.4418296554,5.0336197313,2.0332531133,-0.1386365794,0.8372995141,0.5926666061,7.880377299676431e-07,8.898926811634411e-08,3.538610949774017e-08,-8.07221978593409e-09,1.4791296734750898e-08,1.1095161649742206e-08,1.0131703525032192e-08,4.0396027666125015e-09,-2.875634712787705e-10,1.7485201843104608e-09,1.2857411060775053e-09,1.6438290540398347e-09,9.44089799479839e-11,7.207137925862008e-10,5.231979251129669e-10,6.640591530910864e-09,6.592829570047687e-10,2.308715949851736e-10,3.8286312930027184e-10,2.5089180114888656e-10,1.7923033410951759e-10,b'Classical',b'',8.355099569722244,0.17732500541279816,7.449318392978329,0.17489790033999686,7.171656300441546,0.1612472317754214,6.9120913797527965,0.11943751598984607,0.9057811767439156,0.27766209253678015,0.5372270132255289
b'2013 SA113',40.34937671,0.00493322,0.0409174,0.00011448,20.55769759,0.00027501,157.23139012,0.35117736,359.33703875,4.411e-05,96872.19893442,95.53329413,38.69838502866591,0.0053777454492933635,41.96325705,0.00122526,41.82041273,0.00122326,24.0604301,0.08950805,7,9,9.54778,41.778148868,1.2287943617,1.4224143074,-0.0604335442,0.6853385118,0.6613833749,1.4993956816402045e-06,3.231841801830197e-08,4.477608171344997e-08,-7.437015353710361e-08,2.6280545413046646e-08,2.371295421144757e-08,9.452144609744234e-10,1.1269605194976504e-09,1.6972006095748793e-09,6.199543698734458e-10,5.746587850135232e-10,1.5596377290789357e-09,8.201555508408314e-10,8.170510541404649e-10,7.854176087681465e-10,6.580255609445527e-08,-6.471770906792325e-10,1.7763078199426265e-11,4.876828839356759e-10,4.2830729556657683e-10,4.1815437182670004e-10,b'Classical',b'',8.345129774046795,0.1451172678133956,7.784064087297294,0.09707187946978632,7.675596198312958,0.11580610950812695,7.704334420527614,0.18644049206087013,0.5610656867495013,0.10846788898433313,0.07972966676968231
b'2013 SB112',38.30999668,0.0023233,0.0816883,8.069e-05,33.32174183,0.00014965,44.55256575,0.04631157,14.53990157,3.059e-05,67742.2480937,8.73696938,35.18051816591522,0.00469730037772386,36.16203886,0.00045332,36.15412985,0.00043877,23.89727933,0.07507991,9,14,28.73957,35.5547357242,6.5089565303,0.7844475229,-0.1889858219,0.5709704981,0.8906050195,1.9884210694347375e-07,3.621586007676178e-08,3.9776576390910546e-09,-2.070995782960882e-09,3.776865428327229e-09,5.384122982990008e-09,6.64847144549267e-09,7.647200035352034e-10,1.4819312117161668e-10,7.809610450651603e-10,9.852645370696905e-10,1.5281543854007616e-10,6.436264037258325e-10,1.9457376028775554e-10,1.1528182980687119e-10,8.998493991060013e-09,1.5189220192859614e-09,2.1289984239082648e-11,3.4960613387553093e-10,1.1574139676185429e-10,1.5364932519326946e-10,b'Classical',b'',8.94270191482664,0.13983554724414415,8.23171884881645,0.08326012581480008,7.976432909133356,0.0909419205418511,8.127463206975593,0.18325567442763774,0.7109830660101862,0.25528593968309804,0.10425564184085587
b'2013 SB113',45.62296503,0.00331485,0.09176095,9.043e-05,3.01783372,0.00016933,230.17013321,0.05788097,182.27013896,0.00031499,69444.25267793,14.03428796,41.43655851881963,0.006299153894932713,42.57674172,0.00066051,42.51724717,0.00065199,23.7756678,0.08189216,8,10,11.46476,42.2293303677,4.597645095,1.8059964589,-0.1765773,0.9192152841,0.3418950629,4.3085398926835813e-07,4.501032431729911e-08,1.7533429185214114e-08,3.633161142186554e-09,1.0760844097020814e-08,4.050789015219758e-09,4.851968499328834e-09,1.8744432077371755e-09,1.5437574315719027e-09,1.2496336321122198e-09,4.731749795317312e-10,7.658530232010403e-10,5.857179923650381e-10,4.863739537821697e-10,1.80323795986542e-10,1.2002717023019918e-08,1.4141356094236029e-09,5.476578607590878e-10,4.2387338581177643e-10,1.5799054608391228e-10,6.884327763564989e-11,b'Classical',b'',8.479452893738797,0.18713122920782246,7.364675250550155,0.0881573601900651,7.216380869417462,0.10398558478323261,6.803208010068245,0.11349967123516659,1.1147776431886351,0.1482943811326985,0.5614672404819141
b'2013 SC112',44.73970076,0.00163834,0.12458285,6.629e-05,9.48017108,0.00013669,47.58979956,0.02075674,23.56932179,0.00016822,72121.68475109,3.98906104,39.165901211255324,0.003943034500521043,41.4636975,0.00029763,41.49174054,0.00028698,23.33878926,0.05390579,14,21,34.71477,40.7116093399,7.8171816356,1.7381224525,-0.2831350039,0.8115989281,0.5319993124,8.543112386963837e-08,1.609218940546787e-08,3.4619997367554402e-09,6.454323869388215e-10,2.162351314564215e-09,1.2718548937397704e-09,3.074187208133695e-09,6.655504170254277e-10,4.5493241793360023e-10,4.672611984467776e-10,2.557060807435236e-10,1.6853903958399012e-10,2.2533201664405556e-10,1.2743089054164787e-10,5.4576508722927803e-11,4.986643311434247e-09,1.0116944715179847e-09,2.505919257443774e-10,2.5977381693503054e-10,8.03803883049384e-11,3.6611150804520215e-11,b'Classical',b'',7.750822662880045,0.0801494993973609,7.181634036643084,0.0732642298895522,6.865463150342157,0.06430227556625838,6.69935675824849,0.08439535769237565,0.5691886262369589,0.3161708863009258,0.4822772783945962
b'2013 SC113',43.63263764,0.00481577,0.18527575,6.177e-05,2.49379747,0.00011789,214.00553551,0.0379057,167.55476258,0.00094131,60490.0165714,7.40689865,35.54856790605406,0.006543592343890389,35.82068013,0.00074469,35.7558131,0.00073588,23.92472227,0.08160948,10,12,27.27553,35.5635502598,3.5624238033,1.0105442384,-0.165875874,1.0546554007,0.4065951421,5.473281003119003e-07,6.048333691318942e-08,1.7418991941043035e-08,4.980045230355786e-08,2.3325703971243067e-08,8.474089227129362e-09,6.881862708255643e-09,1.9903134418778182e-09,6.584920429266049e-09,2.686586084528884e-09,9.672488462365104e-10,6.087582098902843e-10,2.003574586022718e-09,7.851176603410182e-10,2.8006793512259985e-10,1.147196879870427e-08,2.830542754810928e-09,9.684046434211775e-10,1.072593191185302e-09,3.8132007084885635e-10,1.4298066134871375e-10,b'Resonant 7:4',"b'7,4,-2,0,-1,0'",9.27731222623279,0.21028969899605102,8.360867861830448,0.13499438871381853,7.816432487917096,0.1305358900988804,7.886607612292492,0.13832139970840507,0.9164443644023426,0.5444353739133492,0.47426024953795426
b'2013 SD106',44.16726885,0.00200852,0.15021401,3.495e-05,21.88537769,0.0002183,173.63473519,0.06593171,4.89248757,2.385e-05,107596.79315334,24.81369282,37.53272647261336,0.001379535491729233,50.76735709,0.00063984,50.70442852,0.00063152,23.53843117,0.05128056,14,25,47.11823,50.3398926631,5.2583606838,3.0304985059,-0.1149965954,0.5654035745,0.5756030225,4.04566230145545e-07,3.8120759226233765e-08,2.239226537862536e-08,-2.003750883851178e-08,2.874217971762897e-09,3.727622453470025e-09,3.6273121920258393e-09,2.124700442640081e-09,-1.2723463860664225e-09,3.296362427908724e-10,3.822925090502605e-10,1.2748666006770063e-09,-4.895804271269455e-10,2.1484725690445343e-10,2.4090574676943365e-10,2.7078601056215696e-08,2.2047843417778914e-09,1.1299474705673707e-09,2.4102345554170455e-10,1.4481582333383378e-10,1.0997322807415923e-10,b'Classical',b'',7.557822617617708,0.1359167499913303,6.440909638386154,0.0692915183069345,5.988681540585949,0.06669137417573381,5.792565371048861,0.08885407332969544,1.1169129792315518,0.4522280978002057,0.648344267337293
b'2013 SD112',34.81406745,0.002192,0.07144126,4.579e-05,5.39865133,7.961e-05,244.60277268,0.03819938,60.55101024,0.00084139,44692.33628834,6.45181826,32.32690671793214,0.0030931832430104752,33.63238616,0.000471,33.74951448,0.00044372,23.49409104,0.0636373,11,16,28.9576,32.7117486036,8.2392777303,1.04188947,-0.1856105455,0.9656546975,0.4900492649,2.087348370805798e-07,5.2505699947085015e-08,6.151874116464452e-09,-4.371405877207781e-09,6.376922443450993e-09,3.4607133659097818e-09,1.3263479543335387e-08,1.5645526293742394e-09,-8.213814386403794e-10,1.676302568327044e-09,8.824252239948587e-10,2.090993579057225e-10,4.4776206835499675e-12,2.2518653837894615e-10,1.0234635948370795e-10,2.274724378011445e-09,4.758989472292165e-10,2.0735797601338283e-11,3.697660265436707e-10,1.317911463748956e-10,6.591788953044648e-11,b'Resonant 5:4',b'',8.832726268449873,0.1044686419862614,8.081987554749185,0.07672746017708248,7.955362734068268,0.09502746958830162,7.740277622038322,0.10479737316627508,0.750738713700693,0.126624820680914,0.3417099327108615
b'2013 SD113',45.91772464,0.00183485,0.13669545,2.545e-05,19.58641392,0.00010806,356.66814937,0.02628358,25.55872765,0.00011009,61426.75095781,6.17907148,39.64098050225299,0.0026484194515213025,39.91031037,0.00033933,39.84925093,0.00033068,23.60679018,0.05962492,12,22,47.84683,39.3357182785,5.8639128141,-2.5057122327,-0.1093847815,0.7820546307,0.706761687,1.1216424117889966e-07,1.678699161627896e-08,-7.2295085629612565e-09,7.764185320541818e-09,3.352353797366036e-09,1.5500076174318574e-09,2.5376466328051877e-09,-1.074483200908508e-09,1.3150452135443178e-09,5.212316246217937e-10,2.237886821007497e-10,4.887908516376062e-10,-3.6880329272212787e-10,-1.9537544450216781e-10,-1.115526724778567e-10,3.1869917948183687e-09,6.482396337504373e-10,-3.494741080426876e-11,1.7005850019886122e-10,2.3972813851453563e-11,3.347556637177957e-11,b'Classical',b'',8.240401849372185,0.09277159562759722,7.5437909338661715,0.0675332748648452,7.236178609689487,0.06762161762153551,7.009872162921299,0.09927821354299862,0.6966109155060128,0.3076123241766857,0.5339187709448731
b'2013 SE106',42.79745871,0.00159448,0.03558127,4.53e-05,0.2018192,9.751e-05,291.39375838,0.05917816,359.36565277,0.00289701,37500.43814189,14.60954508,41.2746708479119,0.0022322231933559794,42.42727745,0.0003661,42.32682395,0.00036407,23.39785715,0.04559901,14,22,44.96735,42.1840864497,3.181021085,1.3942670796,-0.0469150482,0.8891083469,0.3891994029,1.3344215078652983e-07,8.134393821443713e-09,3.574605415051666e-09,-7.716388189817862e-09,2.767610299632301e-09,1.2091900084496355e-09,5.147410087111725e-10,2.2253305985983659e-10,-3.2838645904797347e-10,1.7806160048199098e-10,7.797709564310098e-11,1.0611686797498862e-10,-1.447627840743678e-10,7.838980575161501e-11,3.3865651011299964e-11,2.3622185537211345e-09,-2.8850514363133645e-11,-1.2489802225048975e-11,6.915220985500966e-11,2.9028263751217642e-11,1.544764071044153e-11,b'Classical',b'',7.982218934729707,0.10877478493757325,7.100057158864827,0.07708770443768392,6.747944881730591,0.07417738574630332,6.551857075339351,0.12927758436750544,0.8821617758648795,0.35211227713423643,0.5482000835254786
b'2013 SE112',42.30173163,0.00713667,0.13023629,0.00022228,6.45874244,0.00014065,346.13636629,0.05571002,329.90052002,0.00075215,47580.25892315,10.54607484,36.792510864600544,0.015406005586472725,38.24054437,0.00112486,38.07843829,0.00112054,23.93351444,0.08541407,8,13,23.09674,38.0093299848,-0.339562763,2.26781694,0.0672095593,0.9305613094,0.5208637748,1.2601543968674875e-06,-1.5243313814770387e-09,8.320839477920239e-08,2.0394480480388688e-07,2.6898982256800394e-08,2.8395188741018483e-08,1.3557672465079803e-10,-4.1623815724965574e-11,1.163615128927663e-09,-8.20300313052068e-11,3.254761697442241e-11,5.553163723383519e-09,1.4240790325657648e-08,1.7486135362268e-09,1.9125035443500343e-09,5.153215420987315e-08,3.6934655565310375e-09,5.4736428459743115e-09,6.06860891630816e-10,5.748537883444963e-10,6.906481699265569e-10,b'Resonant 5:3',b'',8.777866318019635,0.20671543106949009,8.087537625277681,0.12515923558157274,7.455046377647951,0.13945182421520802,7.586349069683136,0.2124300244890137,0.6903286927419575,0.6324912476297229,0.5011885555945408
b'2013 SE113',43.66925233,0.00191999,0.24409993,2.811e-05,31.27675809,8.277e-05,339.39839362,0.00970488,18.23116625,2.982e-05,55843.44373016,1.66679691,33.009590904228446,0.002670792080778114,33.11214859,0.00023291,33.08859699,0.00022592,23.60775894,0.05042392,17,23,37.59882,32.5669207051,5.7041318614,-1.3091242369,-0.0485935396,0.7189470188,0.982282653,5.264202384755021e-08,8.904207535304274e-09,-2.461708612658134e-09,-9.231004114352782e-10,1.1931577487615108e-09,1.7213512656221794e-09,1.5243725213104994e-09,-4.057041361249801e-10,-3.920583710310431e-11,2.201276154590923e-10,2.8684630515044464e-10,1.3786933525782917e-10,1.8782411250131788e-10,-3.02972155752985e-11,-8.816397843603341e-11,1.5916834577237027e-09,2.5650988439415413e-10,-8.865705637736728e-11,7.903838146415804e-11,2.8710310734389758e-11,6.15551548480208e-11,b'Resonant 7:4',b'',8.99888083907265,0.10566129933229015,8.366099919126858,0.07689966647191417,8.02593963778065,0.0856322176628155,7.893992383580651,0.11342681342850083,0.632780919945791,0.3401602813462072,0.47210753554620805
b'2013 SF106',75.6225846,0.00140355,0.42452144,1.086e-05,39.84609459,1.45e-06,257.80198124,0.00280734,54.35369915,3.834e-05,53947.54658098,0.67138675,43.51917584642113,0.0016220382619369562,44.42651899,8.728e-05,43.90924016,6.157e-05,21.50264729,0.00913301,23,32,58.46032,28.1973078263,-5.7874458642,-33.1577845047,0.6870299781,0.8349057543,0.3297326632,3.0684720547288308e-09,-6.26611580397751e-10,-3.6829540126382027e-09,3.222297288571121e-10,3.6289470616836114e-11,-2.6512666010439625e-10,1.3046952859707854e-10,7.542092445921504e-10,-5.3280418871521505e-11,-1.0129528873602656e-11,3.8740415976129656e-11,4.424763487494329e-09,-3.7198151253517793e-10,-4.6981643530154137e-11,3.0043701469462926e-10,1.3070336608063668e-10,-1.8740546698077655e-11,-1.470922234151815e-10,5.905030194248082e-12,2.468536238985005e-11,1.7024227025621426e-10,b'Detached',b'',5.71537281056135,0.020357544055017014,5.008025218524891,0.014110875793816086,4.709091912541416,0.0127416694453473,4.544919671142269,0.01732270504220188,0.7073475920364571,0.29893330598347434,0.46310554738262316
b'2013 SF112',43.81169054,0.0113651,0.01292208,0.0005005,3.75751102,1.735e-05,326.92942978,2.64943768,256.97512627,0.00294167,20025.9468836,790.78631181,43.24555257223522,0.032418005155645,44.46862664,0.00325287,44.15756482,0.00318061,23.83971102,0.06980367,10,16,26.74346,43.6512028924,-6.6632819908,0.2523686718,0.1384868926,0.8572078933,0.3662646869,1.0346829045077648e-05,-1.5672294741828598e-06,7.781441667264116e-08,2.1934569857188023e-06,-1.9428835234200986e-07,7.291977962573179e-08,2.3757198425261175e-07,-1.1723531995784793e-08,-3.2944985580282696e-07,2.8927887734565087e-08,-1.1057944646591353e-08,6.419194109579538e-10,1.7644710478561228e-08,-1.6686615767157988e-09,5.467296314236862e-10,5.159410358926592e-07,-5.038968864304071e-08,1.5225074821804464e-08,5.320490424548055e-09,-1.3270781964371772e-09,5.247755063022729e-10,b'Classical',b'',8.206736835093261,0.14093500100700268,7.34390962691892,0.08072559345245794,7.0029917419869125,0.09303582877806321,7.014597709456767,0.13370682452792013,0.862827208174341,0.34091788493201214,0.32931191746215516
b'2013 SF113',39.34288122,0.00312231,0.0263585,0.00010533,37.67452661,2.915e-05,51.45078678,0.17881446,46.94871169,0.00038779,90387.23960934,46.92356087,38.30586199759063,0.0033727423034625864,40.58702893,0.00084263,40.04998223,0.00058386,23.97550954,0.07508834,8,11,16.31548,26.4784234142,-6.5910556878,-29.3164144262,0.5808630107,0.6895010279,0.395551794,3.006612562220064e-07,-7.718269997364014e-08,-3.422659613857925e-07,2.2363086710745932e-08,3.437569911184861e-09,-1.2966713785362378e-08,1.996544311092823e-08,8.799617085116924e-08,-5.085673985544208e-09,-1.0392675223790318e-09,2.578451804499455e-09,3.899355185837567e-07,-2.4539428099450644e-08,-4.156996870918516e-09,1.3743102224837438e-08,6.8340738155795206e-09,-1.1330384444288116e-09,-6.908235412315182e-09,4.2894940392084067e-10,1.452191356218649e-09,7.426586499956796e-09,b'Resonant 3:2',b'',8.376561839075363,0.1623845246182358,7.834283227892003,0.07676613377962238,7.571630715454935,0.10074820557314006,7.805754503789226,0.2367289811934804,0.5422786111833584,0.2626525124370709,0.028528724102776706
b'2013 SG102',43.06925688,0.00165535,0.00739986,5.573e-05,7.98604113,7.549e-05,201.49072846,0.29110061,200.56515044,0.00032624,72059.6540603,81.54430679,42.75055029428922,0.0036077465892965285,43.20503543,0.00040145,42.87096481,0.00038781,23.39947739,0.0479895,16,25,48.52092,42.1713659913,-7.713082729,-0.0622018828,0.1611844397,0.9101041474,0.2684066745,1.5523003337626973e-07,-3.0357796698088583e-08,-7.525498709037717e-10,-4.68479767005407e-09,4.393005944515409e-09,9.95436953539204e-10,5.968109610351006e-09,1.534647705001628e-10,1.1776266764784548e-09,-9.099866802994103e-10,-1.961001476503025e-10,1.3983446397719903e-11,9.616908523672306e-11,-3.585160531199253e-11,-4.27881564238445e-12,3.2026819147185682e-09,-7.386728795805016e-10,-4.66119629600545e-11,2.465713938037166e-10,3.1456569370306753e-11,8.655605759268024e-12,b'Classical',b'',7.8119951865358015,0.08935037943102925,6.9495258720843385,0.06000358259818127,6.555267415351997,0.0666454465625771,6.465700887807307,0.08864011453120181,0.862469314451462,0.3942584567323459,0.48382498427703285
b'2013 SG106',61.60241355,0.00896349,0.38789797,8.248e-05,20.5101234,0.00016313,167.24317963,0.01222382,186.88599443,2.745e-05,55881.71787296,2.42313244,37.70696224922291,0.01056378034554053,37.89876049,0.00065412,37.79852307,0.00065273,22.9678711,0.03902405,9,16,17.56864,37.7562357445,0.7355339693,1.6291096325,0.0181079232,1.2022255955,0.0651340954,4.270071840555631e-07,9.766552779737674e-09,1.9302929148552583e-08,3.578134173694165e-08,1.4670872512561944e-08,1.5757347253845368e-09,2.5042227136631923e-10,4.421160033241835e-10,8.847822366657031e-10,3.265775048501617e-10,3.8649048421516154e-11,8.985602007503797e-10,1.6369671217765653e-09,6.643182550072303e-10,5.892377974984353e-11,5.964151683580853e-09,1.4090846709901662e-09,2.5129101880723033e-10,5.253774916160747e-10,6.139758781458392e-11,2.1073800166477363e-11,b'Detached',b'',7.793767092590906,0.07185313813463179,7.122013643632519,0.06398344937457225,6.9190975056833945,0.09010695993053888,6.855642761451202,0.1238148305335271,0.6717534489583871,0.2029161379491269,0.2663708821813149
b'2013 SG112',43.80834003,0.00450351,0.15575,7.821e-05,4.13212821,0.00015647,283.96559635,0.03420372,42.78380188,0.00177301,49626.95379215,6.88111846,36.98519106456656,0.0068716429064570005,38.08831207,0.00073537,37.95950289,0.0007323,24.22326957,0.09358952,7,8,12.31408,37.8742430583,2.3832342313,-0.8864349861,0.0382062228,0.9727621045,0.4823665069,5.386664395272411e-07,3.029522611404328e-08,-1.4822515789216654e-08,-8.018475168826296e-09,1.5538140878288822e-08,8.021505920733717e-09,1.8368698921344029e-09,-7.920484222481166e-10,4.066238250406102e-10,9.131375017194337e-10,4.269800886909982e-10,4.760934440285043e-10,6.38739941564777e-10,-4.0463330353148787e-10,-2.4036158894312093e-10,8.747820556874142e-09,2.4199255657385517e-10,-3.624457005801062e-10,4.886498081941814e-10,2.1807581097775368e-10,1.4081892959402917e-10,b'Classical',b'',9.453999321544211,0.305880771085534,8.382008365074364,0.09966430245793433,8.005283451967186,0.10514645511787288,7.867301503687935,0.19053643810469442,1.0719909564698507,0.37672491310717776,0.5147068613864277
b'2013 SG113',46.61259702,0.00268352,0.17909431,0.00010937,8.03988361,0.00013681,301.54997779,0.01642999,336.05453928,0.00040353,37363.3400413,2.31239417,38.26454598079395,0.0062926759812143,44.19996702,0.00059895,44.00647587,0.00059688,23.80373671,0.07112634,12,14,27.09871,43.9349533243,-1.4704125355,2.0316696736,0.1705478515,0.8186567094,0.4992113011,3.5742893542013416e-07,-1.575722979793805e-08,1.5014179320522553e-08,-2.426344629568667e-08,7.851502751994403e-09,3.016771113663796e-09,7.77280615667491e-10,-6.279587649122341e-10,1.8182212519059694e-09,-3.713148124221659e-10,-1.0046402312806052e-10,6.761571838743771e-10,-5.768089708023226e-10,3.115927691347219e-10,1.5169428102333702e-10,1.1412591167836172e-08,-9.355017708151651e-10,2.193624268413845e-10,1.9520066214729033e-10,4.879322776265856e-11,5.006569718395902e-11,b'Classical',b'',7.636368143051056,0.09084879042684736,7.041043677701703,0.08315631212148489,6.740063511537359,0.10340612270371707,6.94149965259607,0.3162929366554164,0.5953244653493451,0.30098016616434636,0.09954402510563756
b'2013 SH102',37.90112025,0.00124947,0.05288595,3.712e-05,19.38210985,9.193e-05,83.06719964,0.0275889,180.22738028,3.721e-05,34469.53124054,5.74256547,35.89668354614846,0.0016871091617717373,38.3066673,0.000301,38.24437981,0.00029787,23.15275901,0.04554832,15,21,46.56844,38.0267029735,4.0605477565,0.3382307877,-0.0552361449,1.0080174352,0.0714278093,8.973606552969127e-08,8.924665475993458e-09,5.077381404289032e-10,-2.244821220478222e-09,2.4733038308613713e-09,2.744464867544507e-10,9.127344425955636e-10,5.206240056045959e-11,-7.928125676437133e-11,2.613363771691235e-10,2.8488814300918252e-11,1.2944195136393762e-11,1.9944833834376535e-12,1.5760456018286163e-11,-2.3361932465307314e-13,1.4227685537201346e-09,1.0199403450728684e-10,4.427974390309802e-12,9.038574831458333e-11,8.929126494550663e-12,3.4793482475340776e-12,b'Classical',b'',8.372531264392583,0.09695892321438973,7.368592891806648,0.0775695879908828,6.985582995244977,0.05832115135787175,6.849628710850174,0.1173426332590165,1.003938372585939,0.3830098965616691,0.5189641809564738
b'2013 SH106',47.88634006,0.00220651,0.21665396,4.024e-05,15.45315765,8.528e-05,195.08251597,0.02028292,149.66259773,0.00031917,50950.74990353,4.05926078,37.511575046161205,0.0033605294987700068,38.36696666,0.00032413,38.4278686,0.00029653,23.61751477,0.05289866,16,23,44.40528,36.6669505173,11.0734838121,-3.1006098025,-0.199247671,1.0701689278,0.2165648212,9.579774196079898e-08,2.8506268420366064e-08,-8.633709729704028e-09,-7.88724805505102e-09,8.988614554702601e-10,1.32288920842611e-09,8.525989505999789e-09,-2.5638911134067083e-09,-1.979853616666775e-09,3.75006848523777e-10,3.601124359452859e-10,7.922125469865567e-10,7.80741692027296e-10,-6.081840870036997e-11,-1.246977029108201e-10,5.266264240138042e-09,1.2625292892531505e-09,-5.300621078244158e-10,4.0107212648708374e-10,-1.0963674756968281e-10,6.196591171969511e-11,b'Resonant 2:1',b'',8.482010552920224,0.10052090422115263,7.714004543015205,0.056949171645453586,7.561863317241587,0.07294983427318213,7.6169539338723045,0.15371534180254515,0.7680060099050194,0.15214122577362033,0.09705060914290357
b'2013 SH112',45.77587007,0.00326038,0.09374421,0.00019867,1.7767093,0.00013292,165.22090296,0.05185244,119.1133042,0.00930156,35801.38326449,9.23696922,41.484647520056065,0.009910491483925334,44.69250052,0.00080692,44.58618468,0.0008039,23.96058474,0.071371,9,12,33.39766,44.4873022801,2.9669192847,-0.0720443514,0.0279879443,0.8805846503,0.3652733191,6.49121330527261e-07,3.723009172599412e-08,-4.02364080670242e-09,-6.071333110000695e-08,9.751446202605504e-09,5.883079951579464e-09,2.25759399331995e-09,-2.031096684419428e-10,-2.021969465981265e-09,6.192718100235708e-10,3.271251575951861e-10,9.222566375036254e-11,9.847322849707986e-10,-2.674132473171305e-11,-6.159020781976003e-11,3.783186757574226e-08,8.694160060206746e-10,-7.768713842503996e-10,2.7294151676341813e-10,7.585579337800202e-11,8.253111498864663e-11,b'Classical',b'',8.561544058075933,0.20585765030597916,7.350863283928822,0.1000334253758447,7.003320540813503,0.10848194743097248,6.608190343592506,0.20657902107392445,1.2106807741471146,0.347542743115315,0.7426729403363129
b'2013 SH113',45.34622718,0.00190313,0.08050985,3.609e-05,1.18651409,1.89e-05,249.54029485,0.07351723,109.13443602,0.00607671,54145.63237021,19.15370203,41.695409112416534,0.0032561635970510473,41.75880671,0.00036072,41.76724102,0.00034784,23.73929683,0.07459451,13,20,35.67801,40.9902556423,7.6556349151,2.3859209695,-0.1771619176,0.9140681614,0.3927137333,1.2546833500644763e-07,2.309850810666054e-08,7.105367926449376e-09,1.450943030120317e-10,3.292823325201561e-09,1.4011518372961292e-09,4.338782835356296e-09,1.3377647266159635e-09,8.259529217896e-10,7.438968249609913e-10,2.9911979707564205e-10,4.3179123796444935e-10,3.4936056906596014e-10,2.451691590636792e-10,9.708018560613626e-11,9.242661503474195e-09,1.5930259043041942e-09,4.773055316879827e-10,3.64844642559964e-10,1.1861196912163643e-10,4.516968561727673e-11,b'Classical',b'',8.273065393960225,0.13464359890478148,7.434418331071962,0.08049246804076132,7.03735224382241,0.07390493038100401,6.762049419883551,0.09531899565964759,0.8386470628882647,0.3970660872495501,0.6723689111884106
b'2013 SJ102',43.61745973,0.00091533,0.27652572,1.47e-05,7.34558075,5.64e-06,315.53300073,0.00318063,93.72110947,0.0003269,64047.23167976,0.44674219,31.55611011864981,0.0012620649992305802,33.29287622,0.00010818,33.27291714,0.00010395,22.79209616,0.02450906,19,31,45.85383,32.6028829986,6.3804782802,-1.8516295015,-0.3580879655,1.0476963843,0.4938822773,1.1238551970433301e-08,2.1804089864082285e-09,-6.869847811586804e-10,-4.033918293718977e-11,4.2894965328040237e-10,1.8509392283842505e-10,4.286919913935515e-10,-1.3203670734762178e-10,2.027166522840054e-11,8.856653328728695e-11,3.443283313476657e-11,4.506901621130492e-11,1.4088483627273392e-11,-2.3729487951035044e-11,-1.2620506158337618e-11,2.586299002906538e-10,5.382797556936623e-11,-1.4273146038673267e-11,2.904355961973881e-11,4.1474626293598086e-12,4.552199973095865e-12,b'Resonant 7:4',"b'7,4,-3,0,1,0'",8.312707734487228,0.056752825362928534,7.498127235428759,0.0321690879783088,7.075026575857004,0.031441887107945245,6.917381606960317,0.056960517477346324,0.814580499058469,0.4231006595717557,0.5807456284684431
b'2013 SJ106',44.47755858,0.00149323,0.03364384,3.609e-05,2.83915742,4.962e-05,179.32370053,0.07113361,129.46550616,0.0013958,41950.28172382,19.33427211,42.98116277859712,0.0022157129751225013,43.69552661,0.00033868,43.57425349,0.00033731,23.27821514,0.03843917,20,29,58.29268,43.4725841811,2.9058617426,-0.6371492001,-0.0286433566,0.8935145315,0.3555563323,1.1430743895935617e-07,6.374833640118891e-09,-2.2993956543707405e-09,-6.521009306087723e-09,2.2611959631182478e-09,1.1780533758208888e-09,3.7511013016429407e-10,-1.2339544538023234e-10,-2.1898996369200847e-10,1.3470657147715716e-10,6.340749526025711e-11,5.5663391272641817e-11,1.8891586206201195e-10,-4.166948090785735e-11,-2.5598135026880727e-11,2.107574037291665e-09,-1.3777681040545851e-11,-9.449512244835433e-11,5.443698031066867e-11,2.1500229007979065e-11,1.4609321819715777e-11,b'Classical',b'',7.450861650307074,0.08075118954097077,6.666942474873823,0.0414255745518409,6.287513530402107,0.04126617693962731,6.187993055172361,0.07147139778084208,0.7839191754332506,0.3794289444717193,0.47894941970146404
b'2013 SJ112',43.74506501,0.00290585,0.00620689,0.00015592,3.84210876,1.041e-05,22.09477469,0.71172485,95.8352549,0.00293166,89539.29832503,211.07755549,43.473544215937146,0.007278735147595834,43.88185317,0.00065561,43.83761883,0.00064156,23.64563552,0.06266667,10,13,21.0413,43.3478523486,6.5239950835,-0.3714968525,-0.1319445217,0.8608978591,0.3758620392,4.207517153745122e-07,6.158800798877045e-08,-4.9437217861453634e-09,-2.3141749350472595e-10,1.0328364940252141e-08,4.355429655928422e-09,9.148305423184938e-09,-6.794306106949961e-10,1.5688731568624742e-09,1.7346886800163635e-09,6.155622775431298e-10,1.0400283195695157e-10,6.751834611945257e-10,-2.6079704766293e-11,-6.466054779465269e-11,2.436421263110576e-08,3.445540142252343e-09,-3.3665439718730434e-10,7.531373690244683e-10,5.95539460784875e-11,6.02329246936972e-11,b'Classical',b'',8.0840879551401,0.13218043066078872,7.156066997652841,0.08173563720065147,7.058962194122179,0.10364526576007295,6.626712737466606,0.12038716756811835,0.9280209574872635,0.09710480353066318,0.5293542601862338
b'2013 SK102',43.48649049,0.00128688,0.18394664,4.171e-05,7.41831521,6.821e-05,151.52277888,0.02117895,66.34299031,0.00087758,17651.71873374,7.97404652,35.487296837770714,0.0022883149611487357,49.9284836,0.00036064,49.87547721,0.00035117,23.29670862,0.04221501,21,29,41.13129,49.1928111357,7.7756387281,-2.6776859502,-0.0031313494,0.7361541191,0.366326848,1.2668875500947347e-07,1.930249205653357e-08,-7.440595690367275e-09,1.567938289854243e-09,2.2866326822685403e-09,9.113490977091496e-10,2.967398210908726e-09,-1.1269500160032763e-09,5.140101904427468e-10,3.904434307686696e-10,1.2385654808422963e-10,4.5268009159080503e-10,4.233653433887242e-11,-1.1273099414763896e-10,-6.293929218018379e-11,5.444612156928329e-09,8.976196880784927e-10,-2.8499352146334633e-10,1.841847841307129e-10,-3.105371080345369e-11,2.6288074000241608e-11,b'Classical',b'',6.983670222218576,0.08475761597933103,6.2508883396659005,0.04585202470784855,5.824879414774591,0.0473447629622211,5.632110135516941,0.0682471091950474,0.7327818825526776,0.42600892489130504,0.6187782041489551
b'2013 SK106',44.62977897,0.00163689,0.02329658,2.555e-05,1.1636625,0.00010679,320.19103543,0.70376788,49.15662959,0.00421108,56851.29330206,202.98592363,43.59005761836742,0.0027324102918514564,43.58135247,0.00030007,43.59058179,0.00028914,23.17702239,0.05040151,11,21,36.28792,42.7547490731,7.994811068,2.8728467663,-0.1864542489,0.8608549321,0.3900311001,8.679765869139503e-08,1.5848764910512547e-08,5.643293704575726e-09,-6.160618416369975e-10,1.836449277966942e-09,8.353502238173564e-10,2.9982296742546625e-09,1.071580984941909e-09,2.4219178710039413e-09,7.243590950989965e-10,2.8284733577665366e-10,3.9814246222981556e-10,1.0983770137987426e-09,2.927937057029938e-10,1.1589877188424118e-10,7.044323772474809e-08,1.0711346742161072e-08,3.6141239317062534e-09,1.6770817784819542e-09,5.688914303945582e-10,1.9939335609469933e-10,b'Classical',b'',7.588626298180058,0.09494918878337598,6.735515417952405,0.06760309245337634,6.440829918765102,0.06827644935796104,6.308302256099116,0.08819413842745182,0.8531108802276496,0.2946854991873058,0.4272131618532884
b'2013 SK112',44.11702799,0.00258961,0.07816977,0.00010759,1.9275997,6.346e-05,122.44106097,0.07166266,116.68799891,0.00658138,20549.3564805,24.22092389,40.668410009145326,0.005395004089713846,46.20877838,0.00066008,46.21849904,0.00063962,24.12666707,0.08204643,8,13,33.47054,45.4734151222,8.0519490464,1.8666244772,-0.1037011944,0.8266559835,0.3470279709,4.2221720271935e-07,7.372771188030691e-08,1.6609052168770263e-08,-9.092221827916519e-10,8.44535299520979e-09,3.5439592859621643e-09,1.3027099902961727e-08,2.9424097467361495e-09,1.1332536626551124e-09,1.697131800943234e-09,6.715466941467373e-10,7.219047868922009e-10,5.024585541324132e-10,4.2813018907074976e-10,1.5355510869746644e-10,1.6652047899821666e-08,2.9473154234350954e-09,6.708831010125465e-10,7.105615293499745e-10,1.918359541020392e-10,7.048824087063225e-11,b'Classical',b'',8.251187499286305,0.220764931374286,7.430648674328973,0.11685386837841576,7.01095341253655,0.13830046585882771,6.8324024714007034,0.22085523341482546,0.8205388249573291,0.41969526179242794,0.5982462029282697
b'2013 SL100',43.7912704,0.00357083,0.05948203,0.00011387,3.42089123,0.0001005,262.46392384,0.24139197,128.80168658,0.0038519,61422.86675584,62.45057457,41.186476900310005,0.00806039651635307,41.18375704,0.00061739,41.27046223,0.00057334,23.86129925,0.07296051,8,13,29.08346,39.6600178237,11.1674450073,2.3711202441,-0.2889328346,0.8933030092,0.3626146658,3.538645344938135e-07,9.641234012628112e-08,1.9368506725737357e-08,-3.0765999991361196e-08,1.8360724241757885e-09,2.3065448182546714e-09,2.6365343700020845e-08,5.30124785565812e-09,-6.49725475819103e-09,9.586116321903034e-10,7.069489871498574e-10,1.1041650348037851e-09,-9.432434456805871e-10,2.774174075010232e-10,1.648286697475666e-10,6.197968558489212e-08,1.3987982586400857e-08,2.262727757115041e-09,3.405041540645848e-09,5.998529077863352e-10,1.366745755549479e-10,b'Classical',b'',8.874278306185753,0.2156089521787176,7.596170152462177,0.1087912720522534,7.2669653849892715,0.11601220365316041,7.325405247625801,0.1842173987114339,1.278108153723571,0.3292047674729116,0.27076490483637944
b'2013 SL102',314.38495321,0.07106389,0.87872156,2.693e-05,6.50488761,7.69e-06,265.48205929,0.00211754,94.73207264,0.00047401,55320.76263275,0.3496214,38.128117649726306,0.01708485017803789,38.47779934,0.00017046,38.50838018,0.00016133,23.06588299,0.03480432,26,38,81.39552,37.420617843,9.0535269501,-0.7914253292,-0.1567235231,1.2636477597,0.5531266884,2.7469207964701136e-08,6.567825172534006e-09,-6.926701726155407e-10,-5.200027885720606e-10,9.389903919411277e-10,4.5901465973952034e-10,1.5786304009522113e-09,-1.6391793275674557e-10,-7.846426727623582e-11,2.3561395443371486e-10,1.0872421628809958e-10,2.2133682397385972e-11,3.2386970943786286e-11,-1.8955425583302937e-11,-1.2203236472486165e-11,5.219004381718889e-10,1.0758740551794692e-10,-2.0172819573562215e-11,6.459166649657542e-11,1.2865253804010417e-11,9.626277779284535e-12,b'Scattering',b'',7.927950384216503,0.06229050687263878,7.14743690398633,0.04007962720644657,6.801651922190738,0.03971626996527288,6.570137435730791,0.05042337167831721,0.7805134802301772,0.3457849817955902,0.5772994682555411
b'2013 SL112',34.83307716,0.00174536,0.08764756,8.401e-05,2.09053696,1.356e-05,339.19113497,0.01755841,106.05252445,0.00391887,70687.92126216,2.719783,31.78004285201572,0.004279289737858982,33.69159708,0.00030088,33.71287022,0.00028868,23.59866463,0.07701183,11,16,41.6952,32.9528541163,6.9209622151,1.6635220907,-0.3160097187,0.9666194398,0.419570214,8.707850996506136e-08,1.6927241115723816e-08,3.7351111121525975e-09,-1.067082472152482e-08,9.940952291721746e-10,8.384684880451985e-10,3.3343584304615104e-09,7.372695138511811e-10,-1.6755599760543212e-09,2.6597653708332455e-10,1.7696022533381457e-10,1.8198140877468586e-10,-2.890381579066384e-10,7.226996500207807e-11,4.44464917860658e-11,7.4247191092279244e-09,9.49741198598339e-10,1.1029321954385773e-10,2.068679148479384e-10,4.6965068007686476e-11,2.302635465712456e-11,b'Resonant 5:4',"b'5,4,-10,0,1,0'",9.048645359353818,0.1464088966689907,8.239588672305272,0.09388210074393116,7.947953601668184,0.08414732557769376,7.941769965116924,0.1464645122193495,0.8090566870485456,0.2916350706370878,0.29781870718834624
b'2013 SM102',52.27585608,0.00226389,0.25571269,2.78e-05,11.40734824,6.314e-05,226.96856035,0.00992748,154.01510492,0.00026596,59140.92496385,2.16830774,38.90825645825264,0.0031303673585277767,38.9467948,0.0002548,38.98493555,0.00023982,23.23710254,0.04154401,22,31,55.70127,37.7712935065,9.5849155861,-1.1331284776,-0.2923298545,1.0545057042,0.2726530507,6.102159116804546e-08,1.5287696471480174e-08,-2.088513913552329e-09,-7.139222376318829e-10,1.916273171948772e-09,5.469541997171559e-10,3.856833453591742e-09,-5.188909300390192e-10,-1.6603663225244794e-11,5.221005650631878e-10,1.3205079405851605e-10,8.117432444362683e-11,6.487127936365728e-11,-5.485297999529116e-11,-2.10637240041105e-11,1.493656450510839e-09,3.713806443919327e-10,-5.2073467543275035e-11,1.673348429433429e-10,5.047732137664298e-12,8.882543627339249e-12,b'Detached',b'',7.823160731368931,0.06297538494805707,7.2781234678816435,0.0478082234255149,7.136807081962607,0.06108387068721761,6.8007705138666115,0.07321789751403228,0.5450372634872824,0.1413163859190383,0.47735295401503586
b'2013 SM106',45.30377305,0.00931896,0.17149528,0.00066688,16.89965968,0.00057905,336.27862998,0.82218524,21.23041464,0.00024015,53186.65948279,174.97405572,37.53438960075912,0.03725217324263667,37.72804816,0.00396613,37.8488795,0.00368355,23.25906224,0.05767927,9,13,23.07739,36.1685314363,10.533740222,3.6626943808,-0.2515455472,0.8144080499,0.6998144527,1.4782890083450805e-05,3.6130805387979513e-06,9.75672579962575e-07,8.860616685911782e-06,2.1322161665011425e-06,5.581589359244528e-07,8.842287528944749e-07,2.3919725064888775e-07,2.15157080630413e-06,5.185002933451958e-07,1.360155638323583e-07,6.520821027054752e-08,5.735828148075307e-07,1.385066145508837e-07,3.665583719980161e-08,5.526951626985727e-06,1.320809750643594e-06,3.407979499196449e-07,3.1611803780942715e-07,8.174524168740614e-08,2.1350257978140216e-08,b'Classical',b'',7.9062643565633035,0.12322434724444715,7.415731098490719,0.08362518345006728,7.19845057978811,0.1234538509869419,6.978821044837053,0.19971040205791551,0.4905332580725863,0.21728051870260723,0.4369100536536667
b'2013 SM112',44.19712766,0.00406342,0.07220507,6.842e-05,2.71538874,1.658e-05,77.65360305,0.18079997,97.5711445,0.00512844,105664.27301563,58.54813041,41.00587087283207,0.0033606129755347656,47.23941103,0.00103797,47.25278038,0.00100093,23.99509954,0.07674187,8,12,28.8548,46.3582334559,9.0305726496,1.4792571237,-0.1838302026,0.7905753587,0.3462976912,1.039484708005427e-06,1.9635189541930947e-07,2.9509788339198446e-08,-9.44107778947268e-08,4.0017313336185114e-09,6.629768476560109e-09,3.738331345051156e-08,5.676320916834314e-09,-1.4874099889857672e-08,1.32055711471634e-09,1.338846298659066e-09,9.343618777321141e-10,-1.4178226711159724e-09,3.545497875217988e-10,2.2472095185060498e-10,4.532770331810848e-08,6.6495310319239466e-09,4.716219842093635e-10,1.3681654771199353e-09,2.3052760034895052e-10,8.768893295597698e-11,b'Classical',b'',8.267852294374732,0.16373607677318344,7.2491284955236654,0.10250253696340364,6.986304329776564,0.10977368134461364,6.67022862054406,0.12866813626946116,1.0187237988510691,0.2628241657471026,0.5788998749796045
b'2013 SN102',67.71102692,0.0056318,0.43869236,4.198e-05,4.45459328,1.747e-05,247.35865174,0.00617142,114.14716819,0.00077774,55912.80433745,1.20078736,38.00671649965894,0.00600052833995652,38.13566769,0.00032894,38.10447732,0.00031967,23.25524267,0.04544092,15,24,39.59197,37.5398438089,6.5293019386,-0.2820190556,-0.1429940322,1.1236206419,0.4561171246,1.0519585512832218e-07,1.7783792689550393e-08,-1.1972963788124794e-09,-6.076599309905014e-10,3.700933183014756e-09,1.511615743550314e-09,3.0420600357564385e-09,-1.910699657992549e-10,1.0614515106023726e-10,6.613302327238881e-10,2.5309199982600676e-10,2.4928099986249392e-11,8.960937397741071e-11,-2.823845966672258e-11,-1.763499954910707e-11,1.5264811271378845e-09,2.3409446922728186e-10,-2.670836399752485e-11,1.7489100747557405e-10,5.016478418192909e-11,2.3718335665293203e-11,b'Detached',b'',8.323782548548783,0.0974041851288107,7.335668566431087,0.051621466749940115,7.052117924560692,0.05900509633639285,6.8596991477378015,0.07752778977512056,0.988113982117694,0.28355064187039863,0.4759694186932837
b'2013 SN106',43.62322787,0.00395615,0.04518666,4.343e-05,6.48572183,0.00010472,280.98254253,0.12936626,202.72866281,0.00064763,96171.25282159,35.91838016,41.652039825779894,0.0040932742089579924,45.39232912,0.00099134,45.00731231,0.00093902,23.44444412,0.05622313,10,17,33.31835,43.8408800189,-10.1124769883,-1.1718403488,0.1756471636,0.8612953607,0.2788386797,9.263531590883087e-07,-2.2679033006597104e-07,-2.848503819043083e-08,-4.991189185846143e-08,3.186477045013713e-08,7.795379789730893e-09,5.5559775024816425e-08,6.980234727801188e-09,1.2477901994085158e-08,-7.862812046976846e-09,-1.9151591412069112e-09,8.936984463103458e-10,1.617061207378499e-09,-9.987968892699659e-10,-2.437493653707713e-10,6.028188048090146e-09,-2.4846356462150755e-09,-5.058640220902743e-10,1.2771046045525708e-09,2.8791763085551425e-10,7.202145458151344e-11,b'Classical',b'',7.758065187354612,0.1358531216985477,6.8688459534544375,0.09612043315374226,6.447125325059721,0.10564908722421519,6.201327943863754,0.10721921772506414,0.8892192339001769,0.4217206283947105,0.6675180095906834
b'2013 SN112',43.21688962,0.00192718,0.04307442,0.00026554,12.72173928,0.00019245,250.39376639,0.21528401,77.70849854,0.00086814,39960.60946118,51.58860692,41.35534724765323,0.011194176760024379,41.9792968,0.00042978,42.36290875,0.00032179,23.28680089,0.07304156,11,15,21.94499,34.8092101687,23.9280532815,3.2222960101,-0.4837546313,0.7070260832,0.4665400915,1.2599649745756136e-07,8.533462615962169e-08,1.0557581256814961e-08,-4.298684760114323e-08,-2.3660836027791035e-08,-1.0400375521637693e-09,5.790773634048578e-08,7.187210643478484e-09,-2.720845341377111e-08,-1.4766191606173682e-08,-5.629998588002593e-10,9.249968418668278e-10,-2.7274984544966653e-09,-1.40626575902528e-09,-2.066517160629373e-11,6.197898704616403e-08,3.9229892216436856e-08,3.854135026521285e-09,2.499122995932093e-08,2.5007909939703032e-09,2.880592917054228e-10,b'Classical',b'',7.741586557131766,0.11532076073039134,6.93716540528599,0.09067388556407169,6.772887011887969,0.10182512949214205,6.5241015314132955,0.13453922199829013,0.8044211518457791,0.16427839339802228,0.4130638738726943
b'2013 SO102',39.35062866,0.00075501,0.219608,1.378e-05,9.85156109,1.816e-05,257.86729175,0.00417658,145.22601531,0.00020337,59849.12929406,0.64146695,30.70891589386477,0.001125800736964326,30.62820974,9.941e-05,30.91604008,8.042e-05,22.43862916,0.0222605,23,28,47.32947,27.2140721671,14.6172271857,1.2379336156,-0.6315927681,1.0178783593,0.343075087,7.727372315268968e-09,4.070580953053344e-09,2.8708179754883907e-10,-7.623712433297913e-10,-2.6406660135016475e-11,7.612902761994994e-11,2.1488536602896102e-09,1.5197569987738381e-10,-3.801197851443905e-10,-1.1063219860808622e-12,4.135098461916846e-11,1.2504444162074086e-11,-2.2286703971872132e-11,2.6416352628547233e-12,3.0752113213131358e-12,2.595357178910981e-10,1.1299396376936285e-10,3.1364082508107482e-12,6.716089622604687e-11,6.143203595224817e-12,2.0856209901351033e-12,b'Resonant 3:2',b'',8.114739826890526,0.05626082865694904,7.530352343619926,0.033607263236429034,7.403364757390461,0.04946875909685695,7.327731417492567,0.07308458174291282,0.5843874832705985,0.12698758622946923,0.2026209261273636
b'2013 SO112',50.64718026,0.02779361,0.31535495,0.00071131,24.49681576,0.00035427,63.84041696,0.04064514,177.17477349,0.00020072,32618.50205323,24.40073838,34.67534112283931,0.05454497304904461,49.87717263,0.00209129,49.47683846,0.00196363,24.12696663,0.08799004,8,9,9.35876,47.9160407648,-12.3059259993,-0.75813386,0.4885920118,0.7603532208,-0.0236762216,4.092512900078197e-06,-1.0713279524097151e-06,-8.23505912837132e-08,5.271278207337434e-07,-7.345955319819835e-08,-1.3631036699313528e-08,2.8222225273691253e-07,2.1476387403479308e-08,-1.1310507298385995e-07,1.2283035133626617e-08,3.082389756266634e-09,1.743459838939796e-09,-1.1812319349154873e-08,1.8156086176042316e-09,3.153254131722179e-10,4.354467235240887e-07,-1.1233478115716487e-07,-8.933776739444843e-09,3.013241844431758e-08,2.253835341610394e-09,2.0519421965012584e-10,b'Detached',b'',8.376843654096097,0.3580838622982831,7.19851175800955,0.13972175049184513,6.7628788405554925,0.14085912079625665,6.675461682394692,0.20594596658307715,1.1783318960865483,0.4356329174540595,0.5230500756148587
b'2013 SP102',39.35715278,0.0005418,0.15298854,2.013e-05,11.59985245,3.972e-05,75.54855334,0.01702851,146.68722972,0.00039636,16787.88398645,6.19623982,33.33595926973253,0.0005007534989937919,44.83837218,0.00022565,45.15986364,0.00017841,22.61695994,0.02185945,24,34,88.87528,39.0704699164,22.6232534944,1.0488400349,-0.3913761046,0.7367046164,0.2244258294,3.8292788612721243e-08,2.1981861163999445e-08,8.302076494515349e-10,-6.112978559388715e-09,-2.717607694008366e-09,6.751521313809013e-11,1.2628916966531828e-08,4.77251553492933e-10,-3.4616156589050953e-09,-1.5331410317470207e-09,4.0354608016262176e-11,2.4121567261025285e-11,-1.2083385118036117e-10,-5.1679296079939856e-11,-1.265683277336185e-13,1.887254243581072e-09,9.98602458772811e-10,2.0049313078471896e-11,5.45204755130418e-10,1.4340338681573415e-11,2.9261404899261447e-12,b'Resonant 3:2',b'',6.5989293238081554,0.04521324513422871,6.01023613984564,0.03061426546165602,5.848495884127855,0.03560691237950403,5.778624315077822,0.06574136577399185,0.5886931839625165,0.1617402557177853,0.23161182476782105
b'2013 SP112',51.66964625,0.00826477,0.21857988,0.00015789,38.6681899,0.00020357,125.39539588,0.05553202,180.23218131,3.095e-05,44852.42218684,11.040864,40.3757012367994,0.012395196444960021,43.45080954,0.00146052,43.22468784,0.00145357,24.00859164,0.08616367,7,8,16.21834,43.1363139029,-2.6348370671,0.8304788876,0.2165944362,0.9732336828,-0.2643765806,2.121480949392961e-06,-1.5339629615914475e-07,4.017824182493369e-08,-1.3572343636362788e-07,6.359957039105128e-08,-1.569917776372612e-08,1.13515736541797e-08,-2.9541802819205072e-09,1.259287540345237e-08,-4.820483054325097e-09,1.1986975708691591e-09,8.172568991664263e-10,-3.2045437860246617e-09,1.2582146829272548e-09,-2.982633203746746e-10,4.463012296906782e-08,-7.113061450070215e-09,1.8261106513931237e-09,2.1757719279762964e-09,-5.402455378808465e-10,1.462647718991806e-10,b'Classical',b'',8.710318506146239,0.20312555214474262,7.5830634503496785,0.10054341734421197,7.223451396746119,0.09912699091846221,7.10718928108704,0.17600500618812362,1.1272550557965602,0.35961205360355686,0.4758741692626376
b'2013 SQ102',91.67242762,0.03634361,0.61641661,0.00016967,29.54838505,3.698e-05,357.67082001,0.00957878,14.30627513,0.00021977,71420.77379307,1.05405795,35.164020749106975,0.02923841251470795,47.35362954,0.00132488,46.56915469,0.00082096,23.03220425,0.03704086,18,25,53.0165,23.905130788,-22.0984010681,-33.3000234401,0.6182637311,0.6341979925,0.6942770193,4.344316488204296e-07,-4.195082203044331e-07,-6.306840244782544e-07,1.79873120804495e-08,5.732712667308018e-09,4.059569430544259e-09,4.052031333932975e-07,6.091455084210683e-07,-1.6727951480667133e-08,-6.1504389593525405e-09,-4.844780247474225e-09,9.157705737033125e-07,-2.5275746411481286e-08,-9.124937230281668e-09,-7.100219294611622e-09,5.535567557764939e-09,-4.347669389067218e-09,-6.728697689185e-09,4.4714564552315186e-09,6.659650789047241e-09,9.97881380228656e-09,b'Detached',b'',6.842893129623603,0.056512620632566235,6.2378091282541686,0.04196900908011992,5.918863916345378,0.04815294773812247,5.867202076586439,0.07183522729972446,0.6050840013694317,0.3189452119087906,0.3706070516677301
b'2013 SQ112',42.69300251,0.00520313,0.1053799,8.641e-05,22.47065647,0.00019,151.08085096,0.06270407,180.90482927,8.057e-05,52501.52163963,14.10213836,38.19401823809187,0.008164515117819687,38.72957524,0.00097929,38.44610435,0.00096479,24.14389469,0.0959183,8,11,22.57254,38.1821341592,-4.4948595883,0.1542996669,0.1610456179,1.0508001068,0.0187846465,9.435056948476255e-07,-1.212939252222326e-07,1.264408078417018e-09,-9.119421911423663e-09,2.9170740948457506e-08,8.132333593583113e-10,1.5818026161741366e-08,-1.5710161997657705e-10,2.5982844876242283e-09,-3.929578419156708e-09,-1.0243248928658535e-10,5.447568065276679e-11,3.2870039227252165e-11,3.311140862835989e-11,1.0985482970584217e-11,1.193414011006599e-08,-1.853273402188799e-09,9.698590706272223e-12,1.1230010897818547e-09,2.2814619010560415e-11,1.323151136983862e-11,b'Resonant candidate 22:13',b'',9.037078408521145,0.15751754535702014,8.254614215538604,0.11987042989030422,7.961079446443756,0.12391217913561701,7.93918489763316,0.18269772187525266,0.7824641929825399,0.2935347690948495,0.3154293179054446
b'2013 SQ99',44.1502509,0.00128826,0.09290491,5.492e-05,3.46757093,8.743e-05,175.36933453,0.03737649,51.99791601,0.00116713,15921.7249113,13.87235481,40.04847567313447,0.002175943830507834,47.34749134,0.00037306,47.41052907,0.00035423,23.21304241,0.04117008,14,28,41.54331,46.1283967714,10.6267810286,2.6459030021,-0.149962785,0.7779057919,0.3802396155,1.3219802835008602e-07,2.9595752133642337e-08,7.087233358443724e-09,-9.610086137561472e-09,5.95865859250251e-10,7.811615440460252e-10,6.655279181288256e-09,1.5960909834324135e-09,-1.850172737283482e-09,2.0082237713990763e-10,1.9094259833239524e-10,3.937403146304985e-10,-3.7287111013715565e-10,6.37352701559648e-11,4.9564492259739614e-11,5.324022787684445e-09,9.89641624937004e-10,1.8971568340826173e-10,2.3651484717611405e-10,5.862804714562615e-11,2.072718355313265e-11,b'Classical',b'',7.243480463649954,0.07720989368966752,6.39951638859784,0.04574942477377191,5.9225048867502235,0.03998322660713735,5.955184447493233,0.07311026897636169,0.8439640750521153,0.4770115018476148,0.44433194110460655
b'2013 SR102',52.87656789,0.00932043,0.38362123,0.00011085,29.92055869,2.275e-05,9.71226681,0.01629743,41.44394186,0.00035318,80512.74348127,3.30070426,32.59199400807788,0.010116267221439844,50.47492659,0.00185406,49.71256047,0.00117506,22.89107482,0.03813761,15,23,27.10467,25.6442679224,-21.9771818058,-36.4789483329,0.4916107106,0.6430380263,0.4330949642,8.652077561683882e-07,-7.693429524933211e-07,-1.2781670327510181e-06,2.9097453193670518e-08,1.3217058079892964e-08,-1.7688242828443463e-09,6.841971600224617e-07,1.1366378719480544e-06,-2.5448826495895766e-08,-1.2129904243750525e-08,9.45966696679402e-10,1.8883603050890307e-06,-4.253850284576187e-08,-1.992330614767185e-08,1.9531621009097057e-09,3.8510774286455375e-09,-2.1007312756191484e-09,-4.288367024104698e-09,2.467572456088294e-09,3.7276735872107824e-09,6.247825210993323e-09,b'Resonant 7:3',b'',6.290844537757584,0.0474891920937969,5.837276694067723,0.04932340531397457,5.704062457351322,0.08859753715323715,5.384705701981767,0.06772990803911831,0.45356784368985664,0.13321423671640195,0.4525709920859591
b'2013 SR112',46.25625591,0.00934418,0.03521344,0.00017021,24.06876363,0.00030624,100.73059222,0.30211519,178.84139744,8.941e-05,35147.39138951,84.8508278,44.62741421816589,0.010499814602293087,46.02968367,0.00223698,45.743222,0.00220357,24.19673535,0.10117757,7,7,9.25553,45.4236457951,-5.3884150736,-0.3158242898,0.1409923708,0.9239853032,-0.011244264,4.923149225093822e-06,-6.303971095844618e-07,-4.3758473490285244e-08,-1.834528602285691e-07,1.3342067434959935e-07,2.2751642633125202e-09,8.093698261955952e-08,5.605695347693022e-09,2.528592648411842e-08,-1.7304483944739653e-08,-3.0560677024210426e-10,4.750830569945582e-10,1.6695044489520482e-09,-1.191313612342881e-09,-9.414230633190306e-13,3.184034046492663e-08,-8.31238079191144e-09,-2.8045531977295037e-10,4.0867741905648384e-09,8.769880900920632e-11,2.6824334123405148e-11,b'Classical',b'',9.119256314420921,0.36986649262178883,7.564054191319622,0.13739303078826867,7.380334505536956,0.1385759412738122,7.263874257843343,0.1750242123133998,1.5552021231012971,0.18371968578266668,0.30017993347627897
b'2013 SS102',47.2505529,0.00106246,0.19666949,1.911e-05,26.37803593,4.898e-05,19.65904429,0.00814169,21.52761263,3.017e-05,65256.71159806,1.64661286,37.95781052548717,0.001625027936892482,39.2029075,0.00017112,39.15690712,0.00016595,22.79566261,0.02712155,16,26,62.32567,38.5576957886,6.3788623589,-2.4243733273,-0.1716603432,0.6942406304,0.8191531899,2.838010261287772e-08,4.724773614314603e-09,-1.8021952183354885e-09,1.0645278711565952e-09,7.17006688606091e-10,5.47038880186026e-10,7.938282946633494e-10,-2.9604021936409487e-10,2.2828463942735662e-10,1.275104520555049e-10,8.813276428293947e-11,1.2255555513919528e-10,-1.0402268826234953e-11,-3.58513191798156e-11,-3.85532725742893e-11,7.664528170162098e-10,1.4980779775858802e-10,-2.135228336782117e-11,3.98544208217651e-11,6.729515947988537e-12,1.3882532284844422e-11,b'Classical',b'',7.70100001727152,0.07408806748691862,6.836538173685716,0.03766827441895824,6.482235722123692,0.03937511920192344,6.407528903298951,0.06932165370541223,0.8644618435858058,0.35430245156202617,0.4290092703867645
b'2013 SS112',40.02598818,0.00444051,0.0733801,0.00010544,14.74266516,0.0001764,254.76197797,0.06283555,185.45915157,0.00020523,78517.42891262,13.75337468,37.088877276588256,0.007034078593640308,40.1921863,0.0010065,39.84611209,0.00096965,24.14986691,0.0834878,8,11,26.06516,39.1474725254,-7.4265559336,-0.1852302703,0.1122092995,0.9799431514,0.1537625557,9.726222928779774e-07,-1.9814918729927797e-07,-8.05415080804927e-09,-2.0549848432547056e-08,3.080293799128107e-08,4.612485637792211e-09,4.0532962218501206e-08,1.661423720997668e-09,5.2763240114902e-09,-6.490331564884515e-09,-9.478284655450321e-10,1.1100196242761321e-10,3.528584429802979e-10,-2.9155660260075896e-10,-3.6806566987107236e-11,1.0149964083297263e-08,-2.588742911245648e-09,-1.69663694774709e-10,1.3725005907141157e-09,1.6050030250465353e-10,3.2446686216280286e-11,b'Classical',b'',8.723244201254671,0.13574899743637553,8.105164341108791,0.10435605283096912,7.848239823620867,0.1257060789817863,7.754685498305667,0.19659096461144904,0.6180798601458789,0.25692451748792816,0.3504788428031195
b'2013 ST112',43.58436543,0.00557918,0.04495974,0.00012857,4.5169541,0.00010011,26.26976037,0.25498587,323.35778952,0.00099273,54228.59218309,67.76612266,41.62482390404601,0.01088911749026173,41.8045805,0.00123529,41.66306224,0.00123116,23.58968534,0.06343907,10,15,27.8967,41.6014235403,0.1247971653,2.2620212559,-0.0184195122,0.886539195,0.4520331411,1.5202449432725084e-06,1.7687854320888412e-08,9.172083402445688e-08,2.137545041060247e-07,3.178067182219053e-08,2.7880357925797e-08,3.322606518623913e-10,1.1217237208620533e-09,3.668264693667199e-09,3.622416645701757e-10,3.8487809619451484e-10,5.581520591966973e-09,1.3499949712206763e-08,1.913507045954095e-09,1.7132238906328492e-09,4.3133899642380495e-08,4.383098677801527e-09,4.589600519948007e-09,6.696986689723096e-10,5.784766768011115e-10,5.503656028773114e-10,b'Classical',b'',8.356823283404863,0.16238655878790237,7.325867713370487,0.10331611752727886,7.063857618697073,0.12454029671706639,6.816451717623883,0.12486210600216278,1.0309555700343753,0.2620100946734145,0.509415995746605
b'2013 SU112',39.2808949,0.00546763,0.20547401,0.00028881,2.39359246,0.00012026,2.15763737,0.05175338,235.33174403,0.00415705,32043.63973221,18.39254255,31.209691802940192,0.014989406779320683,42.52731577,0.00086237,42.35886931,0.0008613,24.06736523,0.08536251,8,11,33.02671,42.3326530925,-0.2488443004,1.4691384607,0.1696842488,0.8426939274,0.3480855379,7.42749121620182e-07,-3.447755389475946e-09,2.676683884385836e-08,1.6259794971818604e-08,1.6672544539029652e-08,7.4225615771631684e-09,8.586515585438753e-10,2.0227568065689037e-10,9.705564258667544e-09,-2.71777697877851e-10,2.553506569757889e-10,1.1405822925085742e-09,4.577536382755482e-09,5.198125373073078e-10,3.900404094231422e-10,1.1994566193887048e-07,-2.0630666995087107e-09,3.7056415222517314e-09,4.3477799832947536e-10,9.469198298815525e-11,1.9038757485859182e-10,b'Resonant 3:2',b'',8.642706311979824,0.16501180311985209,7.6987978584200025,0.10446984056709369,7.3186213084930944,0.10631785034418034,7.060063077769344,0.16147642184073438,0.9439084535598242,0.3801765499269075,0.6387347806506571
b'2013 SV112',43.906992,0.00226007,0.15767846,3.959e-05,32.37219985,9.171e-05,153.06349271,0.02443445,181.02415163,1.088e-05,51512.40212096,5.02025168,36.98380530687778,0.003429489974000324,37.71736683,0.00038165,37.55926295,0.00038151,23.47422805,0.05348979,14,22,38.83054,37.5468627621,0.9405773223,0.2159722185,0.0436712258,1.0834600418,-0.1697998659,1.456496701320164e-07,1.9188175121009036e-09,4.962626065808933e-10,-5.68761921801235e-09,4.395436151908884e-09,-6.306379207768817e-10,1.0761971486921309e-10,-2.593359049931271e-12,4.637062992742605e-10,6.700024670614033e-11,-6.061635558748441e-12,1.5699130569981244e-11,-9.010952072700743e-11,1.4076641327882558e-11,-1.305061764492916e-13,4.399113999539811e-09,-1.1934411988718438e-10,4.2156783569363425e-11,1.3626056543249975e-10,-1.8815368674245442e-11,5.745791427220477e-12,b'Classical',b'',8.562365237300982,0.12928449785319882,7.676988113309031,0.08458151885642809,7.4323371512136,0.08802154157110793,7.1405883417776845,0.1272029731238892,0.8853771239919526,0.24465096209543297,0.5363997715313461
b'2013 SW112',43.80907546,0.00233653,0.09154715,0.00010237,0.6871973,4.881e-05,346.04229941,0.0319774,297.50982746,0.00925278,36680.53971762,5.86758707,39.79847962474237,0.00523732457971304,42.91413645,0.00054316,42.80579396,0.00054057,23.72984499,0.06537695,13,16,20.91962,42.687778112,2.6944506136,1.6821213978,0.0148369133,0.8893921318,0.3916386633,2.9383438753220463e-07,1.5538773645254828e-08,1.0339041305107709e-08,-1.5727288141461846e-08,5.828919997606596e-09,2.3766783920992183e-09,9.454247227420874e-10,5.927743255155377e-10,1.5637588507093343e-10,3.691027927651775e-10,1.637491541721336e-10,4.0318017196257165e-10,-1.191163553361664e-10,2.3138682622818408e-10,1.014334858055979e-10,1.0185789722949342e-08,2.5287694553194026e-10,2.3242861947140845e-10,1.539885680529034e-10,6.89116555105202e-11,3.7272804396709024e-11,b'Classical',b'',8.599900649222091,0.20437748347595092,7.355654579487018,0.087312099431826,6.870387576918899,0.08961322556177954,6.817960551627062,0.10393505070946078,1.244246069735068,0.4852670025681206,0.5376940278599598
b'2013 SX112',53.03088771,0.0042194,0.27029703,5.307e-05,1.99881136,0.00013401,129.65590616,0.01686505,198.83028302,0.00100134,49310.59761887,3.3354614,38.69679605543164,0.005576749241908138,40.45120973,0.00056101,40.35934834,0.0005578,23.91051935,0.06975169,10,13,30.22242,40.2193832196,2.9287821606,1.6433037821,0.0527956013,1.0232017146,0.4046664013,3.132987087491248e-07,1.856373991359336e-08,1.1077594310104214e-08,-1.542874686599688e-08,7.48753530523154e-09,2.7913205711893874e-09,1.1813750862486743e-09,6.778724782696547e-10,-4.2586944574950826e-10,4.811711474674492e-10,1.8568264942939935e-10,4.277023272365641e-10,-3.5172242624695756e-10,2.792162923901154e-10,1.0782642860716416e-10,5.193601437364239e-09,-3.8905903528126585e-11,4.6258902113463424e-11,2.105011024433001e-10,8.042563205029806e-11,3.946698280431525e-11,b'Resonant 7:3',"b'7,3,0,0,0,0'",8.293964503045382,0.15886122716573836,7.955780740204885,0.11603584884407209,7.777846447564409,0.13768344970660365,8.129917458592983,0.23639441125582145,0.33818376284049595,0.17793429264047778,-0.17413671838809452
b'2013 SY111',54.27258188,0.00671394,0.31422651,0.00012303,45.10771667,0.00012587,22.17599099,0.01411843,8.89551722,0.00022515,74387.1941789,1.77394287,37.21869812809052,0.010526521878995871,45.55121594,0.00096848,44.99364012,0.00065926,23.81744482,0.08908898,7,11,22.42551,31.3896181249,-8.6897910305,-31.0420208235,0.5026005538,0.3779550308,0.7958120595,4.440905034699047e-07,-1.2991898911664377e-07,-4.49874758914258e-07,2.151824085145651e-08,7.692842544244421e-10,-3.328927456791919e-09,3.808764983982162e-08,1.3169704923063274e-07,-5.878903654440352e-09,-3.4897150667758677e-10,5.57086621154364e-10,4.560149955221002e-07,-2.0731782336659723e-08,-1.090757864860374e-09,2.3005297576458397e-09,7.299359267573609e-09,-1.7772876959387325e-09,-6.394670083859351e-09,5.396110804113459e-10,1.805333483312005e-09,6.257391944330691e-09,b'Detached',b'',8.01562725300967,0.18173480882374196,7.110782199626557,0.1310770959866376,7.025904793731902,0.12130597626139836,6.8176100027959325,0.204801074004062,0.9048450533831154,0.08487740589465412,0.29317219683062473
b'2013 SY112',38.14769191,0.02854788,0.31424863,0.0010323,13.47390791,0.0008239,256.66990301,0.09164325,343.73025856,0.00070043,37806.82159962,33.73974018,26.15983192172781,0.05850563366333725,40.37930399,0.00301452,40.17053738,0.00299533,24.76685365,0.18974471,7,8,16.9001,40.0634283554,-2.6122011726,1.3304838003,0.3285687794,0.7177157111,0.5556956967,9.019757400339432e-06,-7.979003772629171e-07,2.0350859091329016e-07,2.571300675377741e-06,-1.8630975810788256e-07,9.218474917949487e-08,7.139298714057939e-08,-1.7888468574772942e-08,-2.3731989638624817e-07,1.79927699324221e-08,-8.102406792649504e-09,5.369938194563694e-09,4.9218732724119215e-08,-3.1347275147995015e-09,2.4377515701200983e-09,1.4868174573889607e-06,-1.4474389396722231e-07,2.2245242045472553e-08,1.514013254715547e-08,-1.4138980564605896e-09,1.1156426342026632e-09,b'Scattering',b'',8.180792889119827,0.48826193448228566,8.665603199618685,0.21514265265547555,7.983026712879502,0.17150292650152135,8.054559837595347,0.2626168266362216,-0.4848103104988562,0.6825764867391846,0.6110433620233408
b'2013 SZ111',41.46763452,0.02776108,0.12331376,0.00248274,25.93241126,0.00176832,330.22334034,1.62343621,357.19341943,0.00034458,49254.01266031,323.68157378,36.35410473870336,0.12710083295197763,37.30141912,0.00853766,37.22805705,0.00847683,23.4512357,0.06823089,10,14,28.34325,37.0242483734,1.8796665827,3.4058945062,-0.0358106348,0.7050259313,0.819784447,7.264772503123362e-05,8.127817737555383e-07,4.230956003765844e-06,3.5720213904129954e-05,3.7030666949302614e-07,2.0261679822142225e-06,9.616732940599517e-09,4.762500326833161e-08,3.934695496215526e-07,4.381625743288066e-09,2.254907961107232e-08,2.473236811204568e-07,2.0687255908554813e-06,2.168274851189389e-08,1.1795549004007698e-07,1.7811200696038194e-05,1.795966538176744e-07,1.0010710801467575e-06,2.0011763136521093e-09,1.0279927813805392e-08,5.669377175384502e-08,b'Classical',b'',8.095311695138461,0.17590723037983302,7.734383261174328,0.10843406368069673,7.662699809804208,0.11170538981499345,7.307721588454166,0.13064369151146496,0.36092843396413926,0.07168345137011709,0.4266616727201595
b'2013 SZ112',42.93772794,0.00458733,0.03535825,0.00012744,1.26574615,0.00015732,82.84646595,0.14072753,354.31352882,0.00082488,78126.26397054,35.36138627,41.41952503205847,0.007510157668017105,42.70004185,0.00108021,42.53577584,0.00108012,23.77059593,0.06153898,9,13,16.52736,42.5337100525,0.3324472476,0.2553702576,-0.0423244222,0.8791157332,0.4042237761,1.1667826859923878e-06,7.28641522086701e-09,6.3219532216948955e-09,1.8966161841430954e-08,2.625005982311028e-08,1.2082262591754081e-08,1.495915885990442e-10,7.669418915132711e-11,1.240279805075647e-09,1.5684072907751582e-10,7.497521488834421e-11,7.432192052477052e-11,6.164409494154637e-10,1.3890839672288955e-10,6.55218208758033e-11,1.5818977344420282e-08,3.265827585638485e-10,1.898887483655321e-10,5.983616510659834e-10,2.7188918133135334e-10,1.3228202982714588e-10,b'Classical',b'',8.311380968116262,0.13947831433870733,7.333292737778395,0.08845174017608289,6.901206111264168,0.07685598312785712,6.731946917575522,0.13371683561439274,0.9780882303378652,0.4320866265142281,0.6013458202028762
b'2013 SZ99',38.27643583,0.0042898,0.0172275,7.24e-05,19.83915925,0.00024482,54.0155547,0.35820008,183.09329406,0.00014802,24473.25795007,83.97927059,37.617028596231776,0.0035245684501536163,38.68975558,0.00096815,38.76454322,0.0009018,23.93046272,0.07734374,8,11,25.99707,37.378036513,10.1881575721,1.3317817354,-0.2540885308,0.9689982337,0.0567554285,8.697342166075738e-07,2.408024828063016e-07,2.986728149644096e-08,2.5722554123277147e-08,3.751937994417544e-08,4.834336512468283e-09,6.681905765027036e-08,8.281428148328245e-09,7.949950807839587e-09,1.062289442727557e-08,1.3649571967825755e-09,1.0787121324528553e-09,9.880836488227873e-10,1.3159662131690576e-09,1.8601888003602074e-10,8.24445476676674e-09,3.0621526877231064e-09,3.805080298509298e-10,2.1439306565444725e-09,2.7064206183716254e-10,4.8968026112231036e-11,b'Classical',b'',8.936324390806627,0.1770621458299024,7.948623998904418,0.07909751211190412,7.781430127094383,0.09507384176481287,7.7238110084353995,0.14228317248125197,0.9877003919022086,0.16719387181003495,0.22481299046901698
b'2013 TA172',39.42564877,0.00169725,0.18372644,3.217e-05,14.54728149,7.269e-05,237.42684119,0.00711616,173.64306711,0.00010001,64294.67812112,1.13121417,32.18211461915406,0.0026027533688690765,33.35320571,0.00024869,33.37096808,0.00023893,23.76741704,0.06667985,16,24,46.03564,32.6687178214,6.8082470877,0.1554277595,-0.3518870557,1.0995155804,0.1836187005,5.946160750162711e-08,1.1925841759026347e-08,3.0996271214731767e-12,-2.330586634296778e-09,1.9481315075898e-09,4.3825486488819917e-10,2.4116425459687e-09,2.735233421617699e-12,-3.796828274147439e-10,4.086181440158267e-10,8.817595777445163e-11,8.184802164932314e-12,1.5839025895056546e-11,3.5120871501912853e-12,-8.834282252515559e-13,7.540359094756971e-10,6.534681495799423e-11,-1.505938582518296e-11,9.660147271935496e-11,1.4807567374636145e-11,5.596409263581753e-12,b'Classical',b'',8.77671242325295,0.09795531514386527,8.072253119984692,0.06110046276520905,7.842305958371297,0.06410917132854688,7.614055328027211,0.09846868922504448,0.7044593032682572,0.22994716161339748,0.4581977919574841
b'2013 TA188',39.3831305,0.00111511,0.28043025,2.001e-05,10.36548562,1.25e-05,285.48131055,0.00457054,129.48760179,0.00037446,60931.17285203,0.58367646,28.338909228752428,0.00156994655564498,28.65296898,0.00012317,28.97243785,9.675e-05,23.06385471,0.03336662,18,28,58.49768,24.9445651574,14.715502093,0.7904568018,-0.7494169737,0.9972749481,0.4109544603,1.1270913001648312e-08,6.622652151715063e-09,2.731015633910578e-10,-8.416610912418254e-10,1.5276139983043915e-10,1.7238613826676098e-10,3.899762631163085e-09,1.615526367975126e-10,-4.5484270988667996e-10,1.1401696191744848e-10,1.0263902104807163e-10,1.0593152596916104e-11,-8.60000952230642e-12,1.1002456024343783e-11,4.237976642690791e-12,5.18365186732134e-10,2.689964590447961e-10,2.108458334988699e-12,1.7798705783962102e-10,1.1608951435828468e-11,5.551473992742176e-12,b'Resonant 3:2',"b'nc3,2,-1,0,0,0'",9.026198556741788,0.09737093439881668,8.271181385784933,0.07331270472145246,8.014069232162024,0.0773541268705337,7.85992023160099,0.07607448546251872,0.7550171709568538,0.2571121536229106,0.4112611541839479
b'2013 TA228',46.09274992,0.00319694,0.17219342,6.855e-05,11.22361358,8.281e-05,354.43948596,0.02149044,82.15255129,0.00065703,69391.39680744,4.07637536,38.155881568414244,0.005273874206971206,40.21181239,0.00056348,40.4589291,0.00046568,23.68135278,0.07561107,15,18,27.277,36.207639322,18.0448563796,0.5612099007,-0.5327308159,0.767317574,0.4731601918,2.5532248475569505e-07,1.259842739411282e-07,2.4096197750180157e-09,-7.480251459325317e-11,7.438639606058781e-09,3.4685280609318982e-09,6.221723053645895e-08,1.2010564171594084e-09,3.097350189950248e-10,3.8434666896268225e-09,1.7177785329502568e-09,4.9865971833034523e-11,1.5917323714125955e-10,1.5188794517376635e-10,3.202554072597679e-11,4.617190118967633e-09,2.3537290865868917e-09,8.141946992101506e-11,1.4283061414274775e-09,1.4316905913169254e-10,5.619544933384285e-11,b'Classical',b'',8.122867505083962,0.11915560393477702,7.499079536968628,0.11284680589728713,7.137538011914154,0.1344502002992915,6.959815267176873,0.13673513307323856,0.6237879681153352,0.36154152505447107,0.5392642697917521
b'2013 TA229',41.48762629,0.0027669,0.12243928,7.899e-05,23.55666563,0.00016329,257.28267343,0.04191834,176.20700349,0.00011521,71340.00207095,7.42436219,36.40791104796872,0.0037639390184596583,38.74409992,0.00064276,38.75097224,0.00062102,23.92971044,0.07244211,9,12,25.21826,38.1164065501,6.9096854916,-1.0166845813,-0.2909448475,1.0013487817,0.0064469999,3.9812882522169987e-07,7.654455277732995e-08,-1.1505680020098186e-08,3.9545069904665545e-08,2.0116152861206828e-08,-7.93050753242854e-10,1.4840581508232308e-08,-2.2068830519209407e-09,8.332509662831443e-09,3.994752743322305e-09,-1.758089659838258e-10,3.694080978678714e-10,-1.0974241269383147e-09,-5.727608482622447e-10,1.1112289554753215e-11,1.007098330059196e-08,3.155806776190893e-09,-2.7550326449947265e-10,1.243919966284615e-09,-7.718560960069811e-11,1.698386125756858e-11,b'Classical',b'',8.703496797056252,0.13648989523570634,8.031867507436411,0.08580796628022784,7.7209015794617475,0.08667515087682359,7.651273446617912,0.22629208029608616,0.6716292896198409,0.31096592797466177,0.3805940608185007
b'2013 TB172',43.0333879,0.00167397,0.19563022,2.559e-05,11.62480399,8.839e-05,327.59554156,0.01353547,35.21523007,0.00017077,55228.7349948,2.54229185,34.6147568494858,0.002428428281102615,34.64640781,0.00023138,34.7270965,0.00021636,23.50804281,0.05355586,18,24,61.88075,33.5154564609,9.0166673179,1.1769112643,-0.2367953119,0.941801513,0.6441690112,5.000071358340339e-08,1.321428087884655e-08,1.5202783602624638e-09,-2.3641016937010447e-09,1.1140532697621535e-09,1.0129044443526215e-09,3.5154205737300635e-09,4.1010112700720753e-10,-4.711123801011292e-10,3.3421584932046904e-10,2.7168941153018257e-10,6.061867179710044e-11,2.3943452413577084e-11,5.853764431420701e-11,3.34129634196603e-11,1.903898346515035e-09,4.075238671291612e-10,-1.9565968949534722e-12,1.4694164198131108e-10,3.440189370117552e-11,2.5389957726703475e-11,b'Scattering insecure',b'ins',9.195470554396293,0.14692376475302535,8.052972780330782,0.06662717217794761,7.834537545573346,0.07572857300187999,7.529560257732859,0.09054020001267954,1.1424977740655091,0.21843523475744048,0.5234125225979281
b'2013 TB187',76.86244758,0.01679713,0.78705767,5.373e-05,50.79467424,2.344e-05,25.04106298,0.00153347,81.99445229,0.00013603,66754.95401239,0.44827637,16.367268692067302,0.007689038420226563,35.07697123,0.00025626,35.08588783,0.00015591,23.41337093,0.04715856,12,22,47.87773,22.4984373591,14.8646775531,-22.4472983386,-0.5766688329,0.4306181815,1.1050107694,2.6918995301442942e-08,1.760452241571031e-08,-2.7072641627840188e-08,2.149719242368068e-09,2.5200004432519513e-09,-1.6355368154299396e-09,1.1585617406510255e-08,-1.768714881927238e-08,1.7023952469731745e-09,1.8435214536154426e-09,-1.3671752838510474e-09,2.7264071041563537e-08,-2.0224608282220545e-09,-2.444110553165483e-09,1.5063460392414307e-09,1.7722200085859864e-09,1.2468690748398088e-09,-1.7320770384061902e-09,9.230804140994507e-10,-1.2011733043663958e-09,1.7073227744087918e-09,b'Scattering',b'',8.440798754986824,0.07494072163729566,7.900763329842112,0.0717538453161292,7.732620786807315,0.0833795960783085,7.660625278841271,0.15578345427262913,0.5400354251447139,0.16814254303479767,0.24013805100084065
b'2013 TB188',39.4991697,0.00097733,0.16023777,1.704e-05,14.93633963,4.585e-05,310.79999258,0.01982044,91.57773224,0.00028991,59077.4643354,3.5401536,33.16991095899621,0.0014555710138763303,32.84439263,0.00017432,33.23128629,0.0001289,23.33256875,0.04027978,16,35,67.8166,26.9132546005,19.4875007045,0.4821114446,-0.6399698024,0.8254304803,0.5360992751,1.9750493034485093e-08,1.448736807439437e-08,2.8018234961592555e-10,1.989477369760479e-09,2.2723597661438637e-09,3.670052183062815e-10,1.0643014698086863e-08,2.0929886391758325e-10,1.5869072208122184e-09,1.7558689657624807e-09,2.692265500019877e-10,1.0294954274289514e-11,8.124237277294987e-11,6.931339126710079e-11,4.965124819671554e-12,2.012694184194722e-09,1.49459756006312e-09,3.657472581789617e-11,1.1500438019225355e-09,4.19608494669128e-11,9.942044102697128e-12,b'Resonant 3:2',"b'3,2,-3,0,1,0'",8.953425543766413,0.09306747502003868,8.139109094846232,0.07403204291761102,7.862346047558061,0.07708717609475021,7.664525170123786,0.09271412810416843,0.8143164489201808,0.2767630472881756,0.47458392472244487
b'2013 TB228',55.61083156,0.00413605,0.46641326,3.403e-05,20.59916128,6.435e-05,292.0356274,0.00497535,65.55382135,0.00016288,53417.52215648,0.62415923,29.673202327679565,0.0040710679489179905,30.5834436,0.00026869,30.86874164,0.0002111,23.61626352,0.05346384,12,21,50.62576,26.5665921188,15.7034833447,-0.7042759667,-0.3489319166,1.0440608464,0.7990699965,5.372816992714938e-08,3.1428638569168785e-08,-2.090283249701521e-09,-3.488103969537506e-09,6.224861199350375e-10,1.8166951728004443e-09,1.8420057626131156e-08,-1.2118616662703913e-09,-1.922065519497377e-09,4.3865652398123235e-10,1.057821951037904e-09,1.0136349900682633e-10,2.1055140249228572e-10,1.9289883366993755e-11,-6.99634313634316e-11,1.0441147588642609e-09,4.3317279479829553e-10,-1.5264957964213587e-10,2.8718148536002295e-10,9.471688832105807e-13,6.696426913443502e-11,b'Resonant 5:2',b'',9.457204676104029,0.11141247326322314,8.676343013600425,0.06185272996398654,8.47029208241054,0.08861444408412011,8.273947449998966,0.12532877908927773,0.7808616625036076,0.2060509311898813,0.4023955636014576
b'2013 TB229',43.51676226,0.00270579,0.01966429,3.98e-05,3.65314027,9.449e-05,57.3426472,0.54196756,127.99982189,0.00386149,106314.47949371,161.15225045,42.66103590640139,0.0019882414355396343,44.23947,0.00057689,44.35477313,0.00053079,23.78226177,0.07243652,13,19,41.50527,42.396512802,12.7595087499,2.6601762976,-0.2742437786,0.8282793177,0.3358602954,3.060183938091467e-07,8.88790542157917e-08,1.7534649906959915e-08,-5.567659078187069e-08,-7.598427970255002e-09,1.7988345986886854e-10,2.5872640410487357e-08,5.105362580224282e-09,-1.540486846540634e-08,-1.9843252964468176e-09,9.760323162004443e-11,1.0352608357634921e-09,-2.8887814965860656e-09,-3.4643052607181506e-10,2.4713968547073783e-11,2.8992768511832902e-08,6.947225891815555e-09,1.0841348047834094e-09,1.8503116170180118e-09,3.2532354120028024e-10,8.47045823146799e-11,b'Classical',b'',8.200506299423724,0.19150928056671918,7.244278716822253,0.07250922981265458,6.916796211638543,0.08811176344735529,6.517963794582252,0.09650863746484938,0.9562275826014689,0.32748250518371147,0.7263149222400019
b'2013 TC187',43.66733564,0.00319525,0.06270318,5.163e-05,1.03791106,5.035e-05,293.78931371,0.05211486,71.88335617,0.00524386,56137.8238646,13.34714223,40.92925504877428,0.005246448343549005,40.94024528,0.0006634,40.93792338,0.00064321,23.37184816,0.05338169,10,17,19.66607,40.2431391373,7.1234379799,2.3790659239,-0.18002364,0.9110179438,0.4044731182,4.277771000501878e-07,6.908127733833422e-08,2.2281932290392708e-08,-1.562132051217778e-08,7.762159375046174e-09,3.716316958163794e-09,1.1176950537988532e-08,3.6029125213809937e-09,-2.37349728597544e-09,1.2790969488484286e-09,6.077318664552948e-10,1.1734564360376265e-09,-7.473373427137183e-10,4.1482962095109647e-10,1.9893876509431156e-10,2.7824327473203566e-09,6.531885175422163e-11,-2.402579598771371e-11,1.9955511004713114e-10,8.509241182893827e-11,4.155351572855653e-11,b'Resonant 7:4',"b'7,4,-4,0,1,0'",8.099515717572922,0.09255235250847553,7.172360325476001,0.05277491432836299,6.770551144496713,0.050791214171159546,6.589913425562079,0.09137545576089943,0.9271553920969214,0.4018091809792893,0.5824468999139224
b'2013 TC188',44.24578781,0.00304151,0.11974088,5.645e-05,11.27365629,9.75e-06,280.00602683,0.04238385,114.57619465,0.00069256,59443.67253938,9.82793323,38.94775833919271,0.005165629539186331,38.70751825,0.00056501,38.99703586,0.00045982,23.17727644,0.04162447,14,20,31.34167,34.4358606033,18.2975389596,-0.3746705703,-0.4778577598,0.8699807614,0.3856134045,2.521316415907119e-07,1.3031829083638168e-07,-5.2920731525327705e-09,-3.4386515284410817e-08,-1.1044520183216562e-08,2.975284100137883e-09,6.739247696439551e-08,-2.732975067305859e-09,-1.7643091289348626e-08,-5.642063736275393e-09,1.5380431731731356e-09,1.3403546973392484e-10,7.652178271691097e-10,2.571940183157259e-10,-6.986827114110692e-11,6.9054513259366265e-09,2.7935405343454063e-09,-4.04123778562324e-10,1.2396706976988623e-09,-1.294094084658492e-10,4.1318727340364506e-11,b'Classical',b'',7.91649798302951,0.07307947334122358,7.185927837106883,0.06676021165465558,6.835688293668698,0.05926940841017022,6.7062382564022425,0.110890025331867,0.7305701459226225,0.3502395434381884,0.4796895807046444
b'2013 TC228',44.24747997,0.00586286,0.13486128,0.00016443,19.63810981,0.00016502,293.00802968,0.03576122,167.06726455,0.00015993,81318.14154056,11.06513206,38.280208085905876,0.012048148228385853,44.13863087,0.00099287,44.029634,0.00098052,23.77896252,0.06210996,9,11,44.83421,43.7289118366,4.1726634846,-2.9966347175,-0.2110898455,0.9222195559,0.0847021998,9.746069065086452e-07,7.817036007185738e-08,-7.184709449040576e-08,-1.251253999565209e-07,1.064131951483218e-08,1.1045939918586567e-08,6.362353725851118e-09,-5.7567175405712776e-09,-9.27108480187649e-09,9.276386247009204e-10,8.316555393672867e-10,5.3244305774177e-09,9.296170017619588e-09,-7.774766034274432e-10,-8.197752410582367e-10,2.5044088553800968e-08,-4.93047693238942e-10,-2.0555673484948925e-09,2.0859573705795385e-10,5.856966626018505e-11,1.7791112908150061e-10,b'Classical',b'',8.662076131547119,0.2803823423462751,7.418793148255093,0.1058020048141093,6.972054515010024,0.11203447161548319,6.864885735064783,0.20786824113838123,1.2432829832920271,0.4467386332450715,0.5539074131903121
b'2013 TC229',47.60616749,0.00560473,0.21814646,7.618e-05,8.18047393,0.00014607,240.6912274,0.03648125,169.94131146,0.0004502,65314.0108843,7.0599656,37.221050732427024,0.007283757317189794,38.54660744,0.00088592,38.61761913,0.00083565,23.95793572,0.12068543,9,10,19.90548,37.510862293,9.0518249974,1.5232140962,-0.3783699081,0.9965508318,0.2839312613,7.374239752301908e-07,1.8448818926032428e-07,3.057665244180014e-08,4.864348161471935e-08,3.622617477217094e-08,8.92398583087361e-09,4.637639606398265e-08,7.702632101229443e-09,1.3571443194878257e-08,9.405281285251907e-09,2.2876378167623266e-09,1.3192182882381853e-09,2.4201583011684194e-09,1.600201310862753e-09,3.868147513203122e-10,1.3959645538859544e-08,5.002213007333727e-09,1.009763872342688e-09,2.4242924064464394e-09,5.408322829697141e-10,1.3369424443244286e-10,b'Classical',b'',8.724340385292626,0.15187311843420348,8.096512514474304,0.15008481601896462,7.559958778158448,0.10779183929344932,7.379874823842881,0.1519485031352459,0.6278278708183261,0.5365537363158578,0.7166376906314259
b'2013 TD172',42.51482077,0.03964544,0.16236499,0.00279005,11.00345077,0.00054269,85.3955176,0.11633504,6.03876626,0.0001102,75014.91628333,30.23276872,35.61190236753908,0.15177380600261708,40.31179278,0.00526914,40.32856679,0.00512496,23.14359216,0.05001245,12,18,48.71784,39.6208527992,6.62233493,3.5673523077,-0.3398043613,0.7856101324,0.5458485248,2.719837456579816e-05,3.48915315040452e-06,1.8072168929465518e-06,1.410943597423891e-05,1.7843812707096775e-06,9.191215604573815e-07,4.47989908492452e-07,2.3200454788584033e-07,1.8052850653160962e-06,2.2856841929008755e-07,1.1772697106182515e-07,1.2035035591514933e-07,9.341245828584181e-07,1.1826383007150836e-07,6.102098201137739e-08,7.417748424472415e-06,9.344200214297937e-07,4.806074182639285e-07,1.1789219708323317e-07,6.063916758818084e-08,3.125314120496175e-08,b'Classical',b'',7.634542377768797,0.12959447861729748,6.890094321137957,0.08654941450351959,6.699764930080017,0.09311838022068729,6.613359305524574,0.10691138880254225,0.744448056630835,0.19032939105794222,0.2767350156133872
b'2013 TD187',61.5308671,0.00313314,0.37684155,3.751e-05,5.46667495,7.45e-05,181.23817701,0.00833253,156.35211111,0.00049789,50753.12505275,1.54946457,38.34348004945771,0.004164068846754726,39.9746286,0.00023399,39.95054366,0.00022803,23.5555987,0.05900095,17,25,57.66224,39.414091677,6.4994106483,0.5770420219,-0.0136878332,1.096539957,0.3659430462,5.338419455236774e-08,8.518821067328395e-09,6.059323982395757e-10,-9.154862350800557e-10,1.5030730803912698e-09,5.499123981281629e-10,1.3897324578661953e-09,1.0387366205304251e-10,9.382242244782502e-11,2.779992579503214e-10,9.019834831389123e-11,1.8296968688306082e-11,7.091518269171787e-11,2.976261869569593e-11,7.641795796856365e-12,2.743337367336322e-09,4.003321680586973e-10,1.8366376498713707e-11,1.1208340466296491e-10,1.9845371186699357e-11,9.050626402150991e-12,b'Detached',b'',8.061893719517029,0.10218469576188065,7.419233798647207,0.08365059954647978,7.1587356733757,0.08701499475757672,7.229037484407355,0.14811139119987138,0.6426599208698153,0.26049812527151306,0.1901963142398559
b'2013 TD188',43.78365167,0.00218532,0.08274473,3.716e-05,4.58730786,0.00014236,161.34649037,0.08110784,35.06476014,0.00091506,7240.16472834,26.69494475,40.16078529388035,0.0009491497532660844,47.3971325,0.00060603,47.36603437,0.00059193,23.62268242,0.06506947,12,18,56.09193,46.8046134821,7.1612315963,1.2594168743,-0.1175016154,0.7690632888,0.4012644862,3.5863634894696105e-07,5.488866867582298e-08,9.544268998844232e-09,2.2151364299271098e-08,1.0397879188771926e-08,4.0903580897202664e-09,8.486005118328321e-09,1.4916619453413353e-09,4.194035134954829e-09,1.711872815711207e-09,6.445305555064738e-10,2.927318071418126e-10,9.917803244183917e-10,3.3525829915205634e-10,1.2150901058576993e-10,1.186834746605047e-08,2.1688516405350207e-09,4.936821141264641e-10,5.295168010267882e-10,1.5367040089759345e-10,5.814581383242988e-11,b'Classical',b'',7.736776919976906,0.13156240156198087,6.8744856126750005,0.07392692412029352,6.464368872433772,0.0780227049213006,6.211506187572427,0.1011196750781095,0.8622913073019025,0.4101167402412267,0.6629794251025741
b'2013 TD228',47.58319829,0.00264216,0.31662625,3.317e-05,15.09149701,3.14e-05,305.74097851,0.00740708,87.58505668,0.00025515,59150.33547614,1.19894527,32.5171088412958,0.0033761684997167148,32.43498798,0.00027512,32.65422505,0.00022597,23.68002728,0.0564002,14,18,27.71101,29.1263556128,14.6189719979,-2.0589997715,-0.5163450288,0.9858521464,0.5931694764,6.042131561392967e-08,2.997709994255453e-08,-4.876628411955939e-09,-2.175458764636545e-09,1.2662563265096698e-09,1.2699584908405006e-09,1.4915588292869493e-08,-2.4055398726801905e-09,-8.858470978685593e-10,7.285604371058935e-10,6.16157578505526e-10,4.1019143079533273e-10,2.6623988559236953e-10,-5.5588661631983935e-11,-1.0863925665469351e-10,1.3078855526115773e-09,5.859418781087046e-10,-1.3444228751677324e-10,3.5410646774682864e-10,-1.903332184512369e-11,3.559988714263143e-11,b'Resonant 2:1',b'',9.537317154123476,0.1358916842517727,8.51163769003792,0.0674865325227139,7.991937485594422,0.0675068518400939,7.723790876742692,0.10071908321587861,1.0256794640855487,0.5197002044435023,0.7878468132952315
b'2013 TD229',43.71992555,0.00257498,0.08917484,0.00013122,3.71601689,7.35e-06,184.98421589,0.03769613,101.52080181,0.00268121,34946.49084011,6.66824766,39.821208367083834,0.0056811258181511,43.09698086,0.00064128,43.15181228,0.00060755,23.67200631,0.06325803,10,15,26.12553,41.9192418385,10.1500566299,1.3536679233,-0.1368313215,0.8763096714,0.3759361868,3.898972393901509e-07,9.071177615761631e-08,1.0486697064443288e-08,-4.451859778358521e-08,3.074985542781316e-11,3.153958892606866e-09,2.118284050842095e-08,2.462238699930065e-09,-9.589391165909068e-09,1.8673123830698137e-10,7.532934214823041e-10,3.152857061762013e-10,-8.749464129814257e-10,7.463655797067299e-11,9.647781153501514e-11,1.6247229885776737e-08,2.548876348708751e-09,-7.796538306508798e-11,5.925166604904021e-10,6.484659221441803e-11,4.1126506977698026e-11,b'Classical',b'',8.377703894350324,0.1581367004425534,7.342745862964579,0.0807657717965029,6.869024111861981,0.09237098895086322,6.850320377148959,0.18479668932380558,1.0349580313857425,0.4737217511026004,0.49242548581562035
b'2013 TE172',48.25633538,0.00157388,0.26046574,1.959e-05,29.84096847,9.128e-05,325.67584813,0.00954068,50.81383841,8.188e-05,55615.04251971,1.82838428,35.68721317148264,0.002096307720684103,35.46470508,0.0001831,35.7822218,0.00014345,22.90910479,0.03605693,20,27,64.21312,30.6851059659,18.4044309413,-0.2618974421,-0.3676584625,0.701273789,0.8736983407,2.4859484301265598e-08,1.4676970290680917e-08,-5.066694414627247e-10,-2.6091245551157324e-09,-6.782454722277573e-10,7.815970724690795e-10,8.68021948188444e-09,-2.956206036291286e-10,-1.4766629475755664e-09,-3.650787765350107e-10,4.6100821495235864e-10,2.1609461598319146e-11,1.08890744547436e-10,4.7823335868164797e-11,-1.9169436132742575e-11,1.2396468240256774e-09,6.576267608752561e-10,-9.133209736682381e-11,3.800435827491654e-10,-2.7048683886833478e-11,2.87109434460203e-11,b'Detached',b'',7.929332553627555,0.05356471371245568,7.31991955023298,0.04959314572798917,6.9142432958933835,0.07782620447217621,6.900315579000219,0.06144821532236026,0.6094130033945775,0.4056762543395954,0.41960397123275706
b'2013 TE187',44.44408702,0.00214182,0.08149188,9.439e-05,2.49019674,3.532e-05,45.43792741,0.05272956,88.38600255,0.00288803,90794.74901362,17.7029921,40.82225478338388,0.005673186108033255,45.92659943,0.00039939,45.99856066,0.00037604,23.22949726,0.04601306,12,20,42.35019,44.5399369719,11.1596343486,2.7430200071,-0.2883824032,0.7870154524,0.3560300575,1.5026199335100995e-07,3.6317361313995934e-08,8.545993436526362e-09,-1.8002495800043146e-08,-8.372098668650498e-10,4.975009887655634e-10,8.816230056967378e-09,2.0773467254617337e-09,-3.847504212334551e-09,-8.459593823154983e-11,1.4675554647392294e-10,5.020792892489485e-10,-8.055893283137891e-10,3.0208560830084455e-12,4.069258772035029e-11,1.15899706705943e-08,2.2873137657092314e-09,4.3649631705668623e-10,5.162572205775123e-10,1.1231693003814526e-10,3.201029678853451e-11,b'Classical',b'',7.604937034855043,0.14544965186257014,6.518107765906633,0.06137385157038998,6.2864060885100965,0.06636958598981245,5.871625358599536,0.08762318101302469,1.0868292689484107,0.23170167739653405,0.646482407307096
b'2013 TE188',39.46270696,0.00083691,0.23085009,1.368e-05,9.36991508,1.435e-05,292.70598166,0.00531034,109.67245495,0.00038273,59457.59444163,0.80011766,30.352737664567186,0.0011761481671660144,30.14680179,0.000117,30.51066049,9.206e-05,23.15601475,0.03750548,21,27,87.21013,26.3361122038,15.3490269519,1.3103317097,-0.6537416271,0.9717244082,0.4667865351,1.0182705022176478e-08,5.966599326865581e-09,4.60942729111587e-10,-4.2110139054917137e-10,2.142549551530709e-10,1.5218360276875355e-10,3.5082483821052226e-09,2.709667864048132e-10,-2.2121781254207652e-10,1.3911524365182086e-10,9.110231986961051e-11,2.8857995975666654e-11,-1.0012128720761786e-11,1.5713313658721206e-11,4.829835127821637e-12,3.4451463600635817e-10,2.0996814064065468e-10,1.8934930716709122e-11,1.5361506403775671e-10,2.0161256349467268e-11,6.198314133967403e-12,b'Resonant 3:2',b'',8.90296032271826,0.06856944772612185,8.261826631528189,0.05362151709070884,7.963986393635976,0.07611887583004599,7.881298123009744,0.09532202680247821,0.6411336911900696,0.29784023789221914,0.38052850851844866
b'2013 TE228',39.30045063,0.00242798,0.17136041,8.886e-05,9.87381829,7.38e-06,82.20053336,0.08831898,97.64447019,0.00092698,99756.40019423,34.47133528,32.56590937133193,0.0016443440314594627,45.98819404,0.00113401,45.95426301,0.00108104,23.37719052,0.06599735,9,12,16.43386,44.9052649329,8.4222706148,-4.937289538,-0.1298839219,0.7651301559,0.3350664136,1.2219494370205606e-06,2.4688431573944995e-07,-1.3156211202627944e-07,2.678885384869661e-07,6.917847730398613e-08,-2.2383331890851906e-08,4.996748788471102e-08,-2.655415302043993e-08,5.509472871321563e-08,1.4154960503793626e-08,-4.6333444153903155e-09,1.4197464224003156e-08,-2.8433821799847218e-08,-7.3725259218526364e-09,2.361677799674107e-09,7.322152201600971e-08,1.784586906359108e-08,-6.566046979643148e-09,4.417221062037628e-09,-1.5740840042266382e-09,6.050444504567927e-10,b'Resonant 3:2',b'',7.588727586844252,0.1382627441663279,6.687365743214146,0.11466950745492006,6.240966262240681,0.13750614452544357,6.312365080945357,0.20238443141819357,0.9013618436301051,0.44639948097346366,0.37500066226878875
b'2013 TE229',39.38603669,0.00362006,0.20379395,5.342e-05,3.96341364,5.807e-05,214.60883879,0.02510869,129.38584095,0.00161223,52468.62441724,3.89043138,31.35940053837152,0.004809509488639632,32.02982818,0.00052067,32.0801759,0.00049147,23.87894214,0.07470705,8,10,23.64519,31.0939403589,7.801331567,1.2015757324,-0.1885932385,1.111473075,0.4357195864,2.561807673088977e-07,6.131181613757258e-08,8.2476979445127e-09,-2.1253389148524084e-08,6.577543499766879e-09,3.8122721611250775e-09,1.4780633175870449e-08,2.0061502040960365e-09,-4.440806297139781e-09,1.729824545723388e-09,9.31178474911726e-10,3.0045576430352625e-10,-4.344289759585542e-10,2.694325017301519e-10,1.361029713908067e-10,6.8126931596493854e-09,6.172646656317149e-10,-1.7041970403399335e-10,4.4416477061239463e-10,1.3155260815843213e-10,6.7896802706483e-11,b'Resonant 3:2',b'',9.70308168612238,0.15314403885266287,8.800086905186687,0.08641821285389965,8.300276322844228,0.08778197788970962,8.283236413644088,0.130517556543149,0.9029947809356927,0.4998105823424593,0.5168504915425968
b'2013 TF172',43.75555569,0.00200099,0.02494956,5.544e-05,2.89352778,4.573e-05,314.06162116,0.07824481,126.99451668,0.00153591,78726.18790624,21.22347417,42.663873947127456,0.003642235187177753,43.53352998,0.00044993,43.45619514,0.00044531,23.51955703,0.04727942,16,27,34.97744,43.2116129125,4.6038464775,-0.0447523072,-0.1165701714,0.8808378586,0.3555402628,2.0052750751759409e-07,1.9631249784894086e-08,-1.1230588709339545e-09,-4.731784263705874e-09,4.2801005015925575e-09,1.9186844683847174e-09,1.9598416301778092e-09,-9.905735240176492e-11,-1.9708192632084244e-10,4.4773010060608107e-10,1.8808068346704796e-10,2.1235500765690454e-11,1.3263908257839058e-10,-1.1848370394363185e-11,-1.2313271163376414e-11,2.7059720324127904e-09,1.949449472938663e-10,-4.302932744365823e-11,1.2739421371585617e-10,4.121318801892528e-11,2.0616165278942704e-11,b'Classical',b'',7.70419768155884,0.12410268916909867,7.013772961780797,0.04803859293113735,6.7202535632595595,0.051787665586386485,6.550659174115976,0.08886534500456045,0.6904247197780449,0.29351939852123693,0.4631137876648189
b'2013 TF187',43.62646555,0.002065,0.1763496,4.368e-05,2.38171141,2.731e-05,250.13153867,0.01666612,80.71309241,0.00181054,49089.72794793,3.06936258,35.93295591762142,0.0033623392677820984,37.24405829,0.00031283,37.25304734,0.00030136,23.36111206,0.04594679,12,22,43.86212,36.531370396,7.1386041056,1.5128926741,-0.102194285,1.002777099,0.4473615981,9.430664725442009e-08,1.7951707775061593e-08,3.610580679998938e-09,-2.0312036443906373e-09,2.789613662677756e-09,1.3125850001111478e-09,3.4779938902578455e-09,7.09834386777554e-10,1.0150824541263586e-11,6.062032559102929e-10,2.6449365527584264e-10,1.5726048298990525e-10,9.597910841915038e-11,1.3930943641848088e-10,5.753478202151936e-11,3.1158319280963068e-09,5.140338109916915e-10,8.475872750905103e-11,1.9224501789628405e-10,5.997379620852005e-11,2.477988333093047e-11,b'Resonant 7:4',b'',8.366478780424876,0.08845124598620181,7.536175596337857,0.05860251001540025,7.2593635446792835,0.0666024194857146,7.171032115537921,0.13490722402068858,0.8303031840870169,0.27681205165857165,0.36514348079993814
b'2013 TF188',45.63879749,0.00392896,0.18521404,0.00013793,10.85808357,0.00017377,260.86280019,0.02052055,171.7598346,0.00028633,71707.38084334,2.87075429,37.18585123970665,0.009119714446910591,40.7533024,0.00049305,40.72252399,0.00048108,23.67326367,0.07677837,11,16,14.86687,40.1904523579,6.5513362754,0.3626182688,-0.3179092478,0.9609872402,0.2252046916,2.3745055760227654e-07,3.659438082398044e-08,9.550899910212173e-10,-3.16745407683659e-09,6.0253520925997105e-09,1.5136387463429288e-09,5.7143519790644885e-09,1.5947041478199824e-10,5.077801599842828e-10,1.061276837646788e-09,2.32008933158926e-10,2.7794879763903632e-11,2.1885170311781749e-10,5.480602932761155e-11,6.710968329213811e-12,1.8747079435972382e-08,2.3903210375949465e-09,-4.3547039337095626e-11,4.897799596619365e-10,3.5321719190565925e-11,2.0036237096796874e-11,b'Classical',b'',8.058056702202412,0.11811756212820904,7.503756954780188,0.09340786314800596,7.151326798252205,0.09365109329484844,6.968077882081021,0.10719420514446411,0.5542997474222231,0.3524301565279858,0.5356790726991717
b'2013 TF228',40.64203895,0.00493462,0.09783295,0.00020406,21.61493237,7.81e-05,338.70198807,0.0415714,148.21624416,0.00059566,77546.18982076,10.31876865,36.665908286682274,0.011759203778476026,39.68534166,0.00102113,40.10833177,0.00071981,23.75086792,0.08584022,9,12,33.1215,29.7529997239,26.6471347133,-3.6561587113,-0.7102951111,0.6744120903,0.1979138967,5.709615909745891e-07,5.133398914855893e-07,-7.604927876879893e-08,-5.130781297217473e-08,-2.236500554304426e-08,8.275312131499972e-09,4.61821196136634e-07,-6.836572125052613e-08,-4.4084006832734013e-08,-1.830586442549088e-08,7.1652954813720405e-09,1.0169695128164489e-08,6.959370451244772e-09,3.088960452278936e-09,-1.118418240364671e-09,2.391747123868063e-08,1.8978980141036175e-08,-3.335911619755459e-09,1.581624877318823e-08,-2.604260745993117e-09,4.826380200480234e-10,b'Resonant 11:7',"b'11,7,-1,0,0,0'",8.23375684097809,0.15803578891872405,7.648303998847522,0.12106429398261523,7.332200818471504,0.1500237989419091,7.692663638591631,0.21114912001329308,0.5854528421305624,0.316103180376025,-0.04435963974410292
b'2013 TF229',39.39655878,0.01751084,0.16327449,0.00153323,14.62691029,0.00067287,206.11054691,0.63671103,29.45539689,0.00058872,24631.98270131,213.39295992,32.96410585912566,0.07493412056087646,43.95466895,0.0037136,44.10293231,0.00337033,23.33539318,0.07220247,8,13,13.35367,41.6571756605,13.9797264599,3.7835965393,-0.1743005442,0.6894665349,0.5324383684,1.2604004768483614e-05,3.7786641159551655e-06,8.248476878756522e-07,8.05356933512311e-06,2.395845573475533e-06,5.119545858866212e-07,1.1333860787910525e-06,2.47522423820615e-07,2.4069001276611214e-06,7.163654619288376e-07,1.5314545761101542e-07,5.441300845472032e-08,5.209112783990201e-07,1.5510531755479827e-07,3.338537424360814e-08,5.3488818687085825e-06,1.5867170001064647e-06,3.3629694241810244e-07,4.7090922898447773e-07,9.984274704234627e-08,2.132198482377217e-08,b'Resonant 3:2',b'',8.198656280298268,0.2815122026435105,6.899587923857419,0.1556880061832874,6.523591642078431,0.12933812909143944,6.354642800247747,0.1503057672640389,1.2990683564408487,0.3759962817789912,0.544945123609673
b'2013 TG172',47.88468802,0.00455752,0.31963013,7.098e-05,4.80114516,0.00014958,339.44321361,0.02466111,14.47204549,0.00022188,54493.99050665,3.97761234,32.579298834260506,0.006445662854276438,32.90743495,0.00047062,32.94877927,0.00045419,23.73646824,0.07791203,10,14,33.11753,32.2951523848,6.0483870292,2.4621539055,-0.1562467789,1.0966481675,0.5889844944,2.144738645147126e-07,3.8162874624184576e-08,1.565229044674366e-08,3.93035431162938e-08,1.1882593746620698e-08,5.512073543489953e-09,6.8580723269813494e-09,2.7997028245506228e-09,7.547151735820405e-09,2.200734793708648e-09,1.0049586292967587e-09,1.191628547180089e-09,3.164447479124937e-09,9.038825629212823e-10,4.336034550843576e-10,1.9091706530239434e-08,3.63592608920941e-09,1.5208769292395687e-09,8.481686895074227e-10,3.6822927792530915e-10,1.7460436696943176e-10,b'Resonant 2:1',b'',8.954456760416855,0.13725604193804555,8.229686642595334,0.09202898011069616,7.833694937274176,0.09391751320289396,7.8149393217602015,0.15282793251091933,0.7247701178215209,0.3959917053211615,0.41474732083513205
b'2013 TG187',47.47092425,0.00382833,0.25241755,6.807e-05,5.95343722,0.0001404,152.12744981,0.01453634,157.67207153,0.00075525,45531.02079499,2.17539078,35.48842962832475,0.005619726135099309,39.23278521,0.00056406,39.17626045,0.00055421,23.59029591,0.06715866,12,15,30.26654,38.7924754084,5.4678346129,0.1613050046,0.0561286763,1.0351607096,0.3326070245,3.131556295178224e-07,3.9634650101728715e-08,-9.117669375530316e-10,-6.547783106388403e-09,8.1687635209644e-09,2.96415674275093e-09,5.0629744387796e-09,-1.075149159441953e-10,-4.769080693865311e-10,1.0822482186200059e-09,3.7378394932551785e-10,2.7604290099242275e-11,1.3520546753483804e-10,-9.520417517587647e-12,-4.103426579216742e-12,5.319399629803596e-09,4.6439502644137745e-10,-8.265742068206024e-11,3.001069761723977e-10,7.47828741172093e-11,3.715273877084985e-11,b'Resonant 2:1',"b'2,1,-1,0,0,0'",8.628061732555794,0.14909337813938595,7.6160610815726155,0.08157518004805256,7.1991487891829795,0.07696096403411772,6.903818494370489,0.08933725939161463,1.012000650983175,0.4169122923896389,0.7122425872021327
b'2013 TG228',47.62304218,0.00570246,0.1631729,0.00011762,18.58217303,1.236e-05,292.29128739,0.05761501,125.26337598,0.00068222,62858.80137608,13.23930581,39.852252372344104,0.010140527786351819,39.92252098,0.00095355,40.29997163,0.000688,24.0500302,0.07861039,11,13,32.46665,31.4575685294,24.9902601077,-3.1616444524,-0.6495439163,0.766978361,0.3486568224,5.620433692019658e-07,4.3718593700816195e-07,-6.318341272846239e-08,-4.475165958650277e-08,-1.7739068340523288e-08,9.293247117035356e-09,3.4024366104741757e-07,-4.9122446098783416e-08,-3.3464516678531836e-08,-1.2744938700465405e-08,7.076901296506738e-09,7.1505729897867226e-09,5.368219946646162e-09,2.255792541692133e-09,-1.0784721527530783e-09,1.9621706815828883e-08,1.3879956685800469e-08,-2.5485985760245244e-09,1.0262242127205026e-08,-1.6987297936199554e-09,3.716138348302855e-10,b'Resonant 2:1',b'',8.505105314689372,0.15250922722226026,7.990250782636318,0.11533791501199951,7.71396415706649,0.12107103007144394,7.4137415481685185,0.14107841220856868,0.5148545320530526,0.27628662556982503,0.5765092344677958
b'2013 TG229',44.47435809,0.00303839,0.03821801,0.00011584,3.90042626,2.112e-05,33.3110242,0.18863105,112.71434708,0.0037996,94692.20674575,59.27823756,42.77463661085591,0.006999052654503758,45.32486108,0.00065129,45.46914087,0.00058808,23.85783263,0.08357816,12,17,28.88391,43.0357932288,14.3904384096,2.8772477821,-0.3187804269,0.7947481348,0.3415950239,3.814285399071377e-07,1.2543591506717971e-07,2.406850351009387e-08,-4.789813908160005e-08,-6.222995355645907e-09,8.404945662154344e-10,4.1303389597978696e-08,7.924697458605938e-09,-1.5159676270552786e-08,-1.8529781711236575e-09,3.1220092023872705e-10,1.5504215950838119e-09,-2.7799174822377366e-09,-3.146020832363701e-10,7.024136364144039e-11,2.2133923831586653e-08,5.960298111572623e-09,8.647114179392433e-10,1.7846258082179682e-09,2.9837909864433176e-10,7.765101467513392e-11,b'Classical',b'',8.763147759041923,0.26810628617874877,7.23712982821,0.10067248945541958,6.9589092804214605,0.09881117000304834,6.681267579691896,0.13242063558825548,1.526017930831924,0.27822054778853655,0.5558622485181043
b'2013 TH172',42.30944397,0.00175302,0.25765462,3.426e-05,11.55437925,8.058e-05,287.88951613,0.00645992,42.65632171,0.0001971,49866.22233765,0.88018213,31.408220113533773,0.0026563778365770755,33.30270391,0.00020085,33.4388822,0.00018408,22.98212708,0.03486626,17,22,40.02952,31.9633539761,9.7780322375,0.9449503856,-0.1328135276,0.9982005415,0.6449490353,3.6749396315151175e-08,1.1454543544898425e-08,1.0745486144594202e-09,-1.5556421610216568e-10,1.4300582990142505e-09,8.68300768378577e-10,3.583642411873777e-09,3.3864466981365084e-10,3.9638018230531907e-11,4.731556947475801e-10,2.7414581437489537e-10,4.006942787807973e-11,4.723825746811059e-11,5.88360789922829e-11,2.592208831417804e-11,1.24301433365237e-09,4.015876305761419e-10,4.528571021602934e-11,1.9308610547363444e-10,4.988910091038902e-11,2.5781568390125174e-11,b'Resonant 5:3',b'',8.695050593657262,0.08592223065336302,7.680126019966872,0.051864865393076824,7.372998274957377,0.05779516349314067,7.196106932288126,0.09091454720450522,1.0149245736903894,0.3071277450094958,0.484019087678746
b'2013 TH187',44.17482405,0.00205611,0.05547971,4.914e-05,2.83427613,4.085e-05,254.88162682,0.08686457,89.28231472,0.00290743,48932.93879391,22.69982046,41.72401753385766,0.0035483473219203383,41.9636229,0.00039893,42.05220855,0.00036958,23.51627367,0.05661227,13,24,46.74781,40.416865653,11.2897163084,2.7216759985,-0.2430866412,0.8778288487,0.3943516211,1.469605584532737e-07,4.123791608743703e-08,9.81327717801462e-09,-7.334027182890123e-09,2.437518030142818e-09,1.4536505453526386e-09,1.1611148344659944e-08,2.7636699117294118e-09,-1.6754822256116576e-09,7.882934181414337e-10,4.304741921798986e-10,6.754656929049087e-10,-3.2415795658902237e-10,2.0624286774443178e-10,1.1053987368461457e-10,6.9412846512317105e-09,1.5986868478430556e-09,3.127676688209653e-10,4.977587210095444e-10,1.2506182960269434e-10,4.3684862383457286e-11,b'Classical',b'',8.20703693985467,0.11552701670298915,7.218601735415083,0.061766991325611045,6.832495080296903,0.06392008580146039,6.596924739095437,0.0917387191464892,0.9884352044395837,0.38610665511818065,0.6216769963196446
b'2013 TH228',47.85601846,0.00281871,0.25046256,5.617e-05,11.92729502,1.308e-05,308.80871585,0.01521942,118.49952895,0.00096052,64555.24288262,2.67535746,35.86987746491927,0.004627062240984445,36.93760133,0.00032453,37.28397883,0.00024685,23.71440706,0.09147969,13,16,24.04131,31.0946391047,20.5654734275,0.5289603079,-0.7032566183,0.8036130631,0.3925496891,7.381671854224639e-08,4.82048157322504e-08,6.72561535649219e-10,-2.2205252164037386e-09,1.737944687946171e-09,9.89014622004621e-10,3.1532029637351794e-08,4.451406640889876e-10,-1.1848061897048644e-09,1.3100023553036074e-09,6.489101387832735e-10,3.210150581501143e-11,6.381449088819346e-11,7.139101987865924e-11,9.32530336216886e-12,3.94359959610281e-09,2.4988450149690615e-09,1.1176062744846955e-11,1.7415541907081114e-09,5.035106836560777e-11,2.8928391730192683e-11,b'Resonant 2:1',b'',8.830059544187675,0.13833064934352016,7.933567178223067,0.11575022988597074,7.505743001807273,0.0920433957973803,7.19964870028039,0.132483583676354,0.8964923659646075,0.42782417641579346,0.73391847794268
b'2013 TH229',42.7924864,0.00284065,0.03817463,0.00011901,4.14087533,4.51e-05,18.55617194,0.13505071,118.61410333,0.00317222,90384.81480572,40.23225908,41.158899149318515,0.006074657582433477,43.42984198,0.00062938,43.56399579,0.00057489,23.77815204,0.07996909,9,12,37.14772,41.5455545247,12.914060565,2.2395687092,-0.3077634211,0.8231907784,0.3444958696,3.5998127149526273e-07,1.1250535771548535e-07,1.9085434869831118e-08,-1.6795315128674767e-08,4.803966113640698e-09,3.103854018934552e-09,3.526078675261625e-08,5.99083300760036e-09,-4.233346538729871e-09,1.8073614871965932e-09,1.0219943092075426e-09,1.054008923063937e-09,-4.874445909107025e-10,3.786606747175636e-10,1.789246189354073e-10,1.678841234002752e-08,4.696757561007451e-09,6.728033805902594e-10,1.5931297858976384e-09,2.9300414581963355e-10,8.328137370228148e-11,b'Classical',b'',8.192831846559871,0.16511487138515085,7.210339311462226,0.08320224981296459,6.953217247531866,0.10399781300990582,6.653821691238138,0.10764289334022853,0.9824925350976447,0.25712206393036136,0.5565176202240852
b'2013 TJ159',53.09019323,0.00154103,0.31728436,1.776e-05,4.80644155,3.41e-05,174.22926406,0.00366084,165.16846806,0.00015578,52128.29377071,0.66773484,36.245505224712154,0.001969255091646361,37.28360235,0.0001568,37.20886041,0.00015503,22.66038204,0.02951364,21,30,56.90922,36.9786767896,4.0949073789,0.5554185139,0.0021770162,1.112196732,0.3784057322,2.433193515250924e-08,2.468817158538039e-09,2.524133897246678e-10,-3.0178050548033705e-10,7.558886941828934e-10,2.6714464165759e-10,2.582055347660753e-10,2.7513953056701762e-11,1.3191361890852757e-11,8.148242329043338e-11,2.763415656818911e-11,5.421401826143129e-12,1.182866015966981e-11,9.431968664059213e-12,3.0681399592251514e-12,3.525420377415875e-10,2.7832472031688344e-11,9.359128164987343e-13,2.802244859454487e-11,8.761415291593467e-12,3.5402648481040876e-12,b'Resonant 7:3',b'',7.929675224172824,0.07571341455194135,6.829809917078796,0.050171730129582426,6.386038941374627,0.03928495749366041,6.17359993610299,0.07064466291056239,1.099865307094026,0.44377097570417073,0.6562099809758071
b'2013 TJ172',51.93297299,0.00189598,0.28859694,2.89e-05,27.37868186,5.42e-05,248.21634325,0.00573747,176.52262004,7.267e-05,65213.94045025,1.02369437,36.94527615456508,0.002779090525246805,38.5302309,0.00021252,38.76360427,0.00017387,22.88582011,0.02985259,23,29,62.4689,34.4124436215,17.7114983027,-2.1687711318,-0.657178166,0.9189818325,-0.0442100031,3.596596304902716e-08,1.8013320009867553e-08,-2.5797224189198943e-09,-1.616081174385971e-09,4.1560422531435355e-10,-6.155228229409611e-13,9.035930546716583e-09,-1.2929397746400323e-09,-7.343392949344029e-10,2.4782438364523524e-10,-5.993451483380485e-12,1.905302494629188e-10,1.085061757812871e-10,-3.3835652069642016e-11,-6.236610749084151e-13,8.324789032832626e-10,3.9677330793432815e-10,-5.7788474143842514e-11,2.338061934554763e-10,-3.166347691527707e-11,5.8547519131058425e-12,b'Detached',b'',7.553858860083855,0.05472243332115679,6.8568807426584915,0.04076819596562187,6.6059868426207675,0.05586902863317612,6.464818709316704,0.06616485605333716,0.6969781174253599,0.2508939000377297,0.39206203334179346
b'2013 TJ187',42.77972332,0.00156495,0.10091257,6.247e-05,10.71376193,9.035e-05,224.22623815,0.01708648,38.08893988,0.00030926,31377.27745142,4.98891129,38.46271161672488,0.0034296214231980837,43.40533424,0.00034506,43.33712719,0.00033819,23.53056181,0.05133908,16,24,46.72381,42.8905285009,5.7926233467,-2.2259093356,0.0130252813,0.8061620847,0.500196592,1.1672552845478723e-07,1.5225769197468592e-08,-6.50796872568906e-09,1.6308121356021597e-09,2.742695816115022e-09,1.4119068688495399e-09,2.018848197472093e-09,-8.360657038056131e-10,4.976154465732897e-10,3.9459130049336105e-10,1.6851183795114817e-10,3.8145350963467685e-10,7.834729675957648e-11,-1.3070117576733199e-10,-8.863832880875718e-11,3.757762782039139e-09,5.281998364145851e-10,-1.8574923090934455e-10,1.318249301267141e-10,6.206396777007622e-12,3.146535123011389e-11,b'Classical',b'',7.810705293536243,0.08797359650342425,7.104142331801457,0.07610473716219704,6.703909751296139,0.07074544849945412,6.53334135425534,0.08476600711535559,0.7065629617347853,0.4002325805053188,0.5708009775461151
b'2013 TJ228',45.27665615,0.00677341,0.13323767,8.757e-05,1.91647243,0.00012303,357.6104239,0.07857947,313.6261921,0.00354789,46264.29687605,16.99084122,39.2440998419738,0.007810694213546673,40.94876967,0.0013998,40.72542369,0.00139488,24.16708609,0.09034221,7,8,8.53725,40.6769577415,-1.9788048207,0.1719751898,0.1343291557,0.9291894384,0.4321765301,1.9503107127234526e-06,-1.3353998398594866e-07,-8.016553241419072e-09,-1.478752437191777e-07,5.754054572454006e-08,2.2398881794114146e-08,9.401346680281304e-09,6.459387584392002e-10,1.1757446539496012e-08,-4.0135213183736336e-09,-1.5229478639682575e-09,1.240225706810974e-10,1.3580110791887455e-09,-2.703565587199792e-10,-8.703895700070984e-11,2.3836302189891376e-08,-4.931568989693099e-09,-1.6149983080552939e-09,1.7326628278951635e-09,6.570902623848441e-10,2.6718079812592513e-10,b'Classical',b'',8.934010265433288,0.1621002511387203,7.988405026478288,0.10732895876515096,7.858335099108901,0.14009475345281205,7.286451076671353,0.13458229314079392,0.9456052389550058,0.13006992736938486,0.7019539498069347
b'2013 TJ229',56.69080339,0.00525364,0.35009291,5.367e-05,37.11948572,0.00016009,199.06032253,0.01481894,187.76108961,5.867e-05,58740.84767634,2.8811187,36.84375533132664,0.006445749490313988,36.78954504,0.00043686,36.91350552,0.00039317,23.60638623,0.05834924,12,17,34.46123,34.9216527863,11.9615481658,0.0801372779,-0.4123389585,1.0897383031,-0.2948144882,1.7030521248191608e-07,5.9152428251327166e-08,1.205832222450723e-10,-2.6638875603067648e-09,5.896545156629573e-09,-1.2212916043214921e-09,2.0608233061688992e-08,3.5044600285648e-11,-4.4702761550691415e-10,2.2047523218196053e-09,-4.2244448475570334e-10,2.2966506470245278e-11,-8.7310143872141e-11,-2.3840530123714713e-11,-1.5432358701334117e-12,6.0131790893467134e-09,1.8619631498131728e-09,4.169629390552744e-11,8.557378210169602e-10,-3.487600699336631e-11,1.9683103252223765e-11,b'Detached',b'',8.749280619882343,0.14751970071300397,7.9708638967265895,0.0849084402281462,7.785124725440445,0.09024908174223904,7.478585607583154,0.11005100855034008,0.7784167231557529,0.18573917128614134,0.49227828914343175
b'2013 TK172',46.4618451,0.00150626,0.2041617,4.064e-05,12.5917668,5.147e-05,246.94844755,0.00798164,71.97793098,0.00030726,44046.3049744,1.23526456,36.97611566489508,0.002856164364339004,40.27173839,0.00022724,40.43946161,0.00019758,22.93244526,0.03629308,19,23,40.9572,37.4390714603,15.2512157947,-1.0326667803,-0.1731555355,0.9027790443,0.50913627,4.4340985218227476e-08,1.792665303522394e-08,-1.4846255600914454e-09,-1.8488837283694171e-09,5.109984969994942e-10,6.968222262102166e-10,7.263754395732692e-09,-5.958692581575294e-10,-6.331953102214367e-10,2.5646633474194995e-10,2.799188943693828e-10,5.827900273395376e-11,1.1943380627491522e-10,8.173673557453085e-12,-2.4616106400036237e-11,1.56035958850255e-09,6.294554881041963e-10,-5.297138747268567e-11,2.9414145860953433e-10,-2.4734324470776954e-12,1.3644346888988513e-11,b'Resonant candidate 11:6',"b'11,6,-4,0,1,0'",7.591319918269404,0.09007388715468788,6.737282269856612,0.08980688058861117,6.422525563529556,0.085127437532053,6.249600538370148,0.10204334278363221,0.8540376484127896,0.3147567063270538,0.48768173148646227
b'2013 TK187',43.66361076,0.00160818,0.05757206,2.604e-05,6.62956761,0.00011967,298.40677075,0.08709215,56.87488748,0.00080856,51427.8101398,22.48683833,41.14980685192344,0.002157730165141892,41.17464029,0.00031063,41.32616431,0.00028134,23.1580442,0.04669767,12,21,43.55573,39.1319867643,13.0664807925,2.4096780932,-0.2875781081,0.8433241315,0.4624325344,8.726851672659852e-08,2.804689158045011e-08,4.716203108918101e-09,-1.5371976231171652e-08,-2.265352031512021e-09,4.858551583627275e-10,9.034473299080817e-09,1.5204555069573931e-09,-4.7555236605522505e-09,-6.727825278061935e-10,1.6622514601219053e-10,2.675552440699656e-10,-7.390207464421518e-10,-9.284907432656476e-11,2.712156765780532e-11,6.417759115338079e-09,1.5960931086319394e-09,1.1708398943141622e-10,4.5275976875722876e-10,5.2872930575452374e-11,2.0823195096620878e-11,b'Resonant candidate 7:4',b'',7.871190935339046,0.10558186703569078,6.914559530896893,0.06586968224161636,6.603368375707289,0.06427986527142467,6.3081271130437795,0.08498525257920414,0.9566314044421547,0.31119115518960255,0.6064324178531083
b'2013 TK227',30.08925257,0.00177642,0.08179032,0.00011181,18.60703582,9.752e-05,192.40741988,0.03581646,78.05050559,0.00035552,39288.92298999,7.01242962,27.628242940743164,0.0032252372344670583,30.7231605,0.00053921,31.03044424,0.00041793,24.35403325,0.10360503,8,10,25.72838,26.365792609,16.3111752004,-1.2957674572,-0.3993837323,0.8522421473,0.5901144628,2.1209718669432266e-07,1.2842225838984339e-07,-1.394224278779466e-08,-2.356097757842066e-08,-6.6895804560827935e-09,5.819885453079219e-09,7.795797109381973e-08,-8.347310727470306e-09,-1.2935023050604814e-08,-3.238965649755254e-09,3.4405309322313695e-09,9.927182237299979e-10,2.298717773520442e-09,8.979546120924563e-10,-4.312388365234112e-10,1.3089854780333108e-08,7.137652651432082e-09,-1.3047068323011735e-09,4.124341660087026e-09,-5.856931650719288e-10,2.0760546673119574e-10,b'Resonant 1:1',"b'1,1,-2,0,1,0'",10.46933225041053,0.24344187384261318,9.379290092590596,0.11040141662246102,8.7322995697451,0.11427664922117292,8.30920015331622,0.14639705737412836,1.0900421578199302,0.6469905228454964,1.0700899392743772
b'2013 TK228',47.76303509,0.00929732,0.31219015,0.00027162,1.86291437,0.00022193,272.35572463,0.01519628,354.07214543,0.00100703,37224.21003388,5.97923265,32.85188576021404,0.01858776090074816,44.72686725,0.00119045,44.59311663,0.00118851,24.02185773,0.09340898,8,13,28.97461,44.5485302063,1.7335303779,0.9845709179,0.255681532,0.8477515115,0.4015392592,1.4153842613332058e-06,4.317747888784409e-08,2.611912969379404e-08,-5.655912583844388e-08,2.7771023979575596e-08,1.2826603917424213e-08,1.663988757638633e-09,9.383491532725886e-10,2.7647375847532165e-09,9.43945896526904e-10,4.531342932340767e-10,5.944665677756818e-10,1.0681847893213516e-09,5.559563309950583e-10,2.7025350307275336e-10,6.929505462245218e-08,2.6945735947354885e-10,4.1041160208391e-10,5.865011470256992e-10,2.7068399074304635e-10,1.421185836482058e-10,b'Resonant 2:1',b'',8.512369756487947,0.18111938697515842,7.425451152291098,0.11583744708996818,7.180961003169697,0.11610599519781126,6.803627564329952,0.14870788865891965,1.0869186041968528,0.24449014912139966,0.6218235879611425
b'2013 TL172',43.78565299,0.00251229,0.06094514,3.73e-05,1.79112038,5.25e-06,76.47149438,0.08801697,95.09321671,0.00420996,105710.25738149,26.69346838,41.117130115718155,0.0013207233782694845,46.4542986,0.00066046,46.36767946,0.00065485,23.6028932,0.05546843,13,24,33.6629,46.1442356599,4.5302714054,0.384518719,-0.0970151886,0.8167245667,0.3546925736,4.3295671678642264e-07,3.758246337692099e-08,1.2177961953215571e-09,-2.9502241914725533e-08,5.965330577354493e-09,3.5753907476993032e-09,3.315875834890709e-09,1.212245831305334e-10,-2.1196600401190704e-09,5.619312342677588e-10,3.1455173381991487e-10,2.732333711982979e-11,1.0599528078568048e-10,3.614190924968263e-11,1.0758153739218926e-11,7.3978948701587595e-09,1.4504345095788886e-10,-1.9265061839139954e-10,1.4293426703472983e-10,5.449805540177497e-11,3.424685998328565e-11,b'Classical',b'',8.028060298649683,0.1483594782107328,6.927832952197528,0.09121022964490334,6.492506915075113,0.08258938650162596,6.44208411943521,0.11582142832673785,1.1002273464521555,0.43532603712241913,0.48574883276232284
b'2013 TL187',39.30611006,0.00210043,0.20242451,3.548e-05,18.84695748,0.00012267,348.29311501,0.03334323,25.08134777,7.759e-05,57148.77543501,5.4153854,31.349590082787596,0.0030697186571229697,31.2738428,0.00026437,31.35134358,0.00024625,23.62304453,0.06656793,10,15,26.19814,30.1774642296,8.3362188397,1.653738887,-0.2829079795,0.8836619443,0.8094113098,6.508775859936614e-08,1.7451556660551934e-08,3.165529717849936e-09,-3.6795626745749835e-09,1.429512157765778e-09,1.816984623497109e-09,4.727743833464772e-09,8.766926642147518e-10,-3.1194190992794005e-10,5.402932350857127e-10,4.975697165198529e-10,1.9094416122819484e-10,3.7932671621851477e-10,1.9669504880675948e-10,9.998078287847756e-11,1.3812835874497808e-08,3.014997986780166e-09,1.0420404073441755e-10,7.434186929862044e-10,8.70557898989183e-11,6.102437818844217e-11,b'Resonant 3:2',b'',9.615953819206064,0.1377857219440518,8.53159853531915,0.07667253097115917,8.361973629838113,0.09544877763601411,8.392230732700893,0.15155250179276686,1.0843552838869146,0.16962490548103612,0.13936780261825413
b'2013 TL227',40.23833922,0.00327673,0.0672051,5.299e-05,22.88282446,0.00011699,313.79643439,0.1992164,95.49644998,0.00049212,60156.64197722,44.79626196,37.53411747440356,0.0046887389627747866,37.14411435,0.00083841,37.58804084,0.00059168,24.02514835,0.08327064,8,8,9.68027,27.4940560915,25.5067863569,-2.5182421834,-0.6046725951,0.6838536929,0.5363249348,3.732108185410727e-07,3.4898753040778674e-07,-3.604098715776433e-08,6.15909826197313e-08,6.920355339824083e-08,-9.790801591383218e-10,3.2658939172776894e-07,-3.3633384467305136e-08,5.930163737266098e-08,6.62368357580023e-08,-1.1109792610459536e-09,3.555213150694339e-09,-5.226576438684006e-09,-6.041953498140194e-09,1.4131775722647791e-11,2.7083722090562903e-08,2.6459372106419206e-08,-2.096725477585794e-09,2.622839169499725e-08,-1.9034095917853235e-09,2.402921579683209e-10,b'Classical',b'',8.933402326387922,0.16395967287702778,8.205125547422147,0.09152338751397796,8.076774337514513,0.13636214172332312,8.14303334864517,0.29235451848805494,0.7282767789657757,0.1283512099076373,0.0620921987769748
b'2013 TL228',47.72012753,0.00508876,0.25079805,0.00013363,8.72971835,0.00019117,276.86750895,0.01166825,357.58770141,0.00015136,37047.15408655,3.23410696,35.75201282987207,0.009673465135010351,44.65917928,0.00069798,44.56617535,0.00069521,23.74430399,0.06952127,11,18,29.59273,44.4722739354,2.2847417571,1.772227863,0.1743685787,0.8092754083,0.5101822896,4.853599254233245e-07,2.3872457129022673e-08,1.918508017236725e-08,1.1894304408236914e-08,1.0444692834433611e-08,6.4854207707540906e-09,1.2871323536068195e-09,9.911831855421254e-10,1.6662338843612265e-09,5.606470303812894e-10,3.5997166527884607e-10,8.222991179415332e-10,1.1290984423960236e-09,4.4325629144667235e-10,2.784093800130083e-10,1.531227086817364e-08,9.4856567108009e-10,7.280611628800817e-10,2.6670437263276146e-10,1.6584658642713323e-10,1.181880169163367e-10,b'Resonant 2:1',b'',7.58224799686886,0.10380555390872877,7.218826579285656,0.07394087725154677,7.088218032222189,0.09247265937453113,6.915248794690362,0.13824011959749305,0.363421417583204,0.13060854706346886,0.30357778459529206
b'2013 TM159',46.46731262,0.00125606,0.16790801,2.142e-05,9.54268033,1.542e-05,294.33467019,0.01141059,107.95894871,0.00045028,60465.15463291,2.54308843,38.665078612395206,0.0020215002613775176,38.5056943,0.00018344,38.82163677,0.00014488,22.65027907,0.03563803,25,31,63.70257,33.5531422716,19.4656615427,1.5473026852,-0.5517454962,0.8448148506,0.4094501115,2.529624839191923e-08,1.4503462528199318e-08,9.90825362323124e-10,-1.9454139799611156e-09,-1.6929778562072562e-10,2.7277731136936517e-10,8.326877314369422e-09,5.700517177991046e-10,-1.0552818697355232e-09,-6.25325726644578e-11,1.591785470691707e-10,4.4311146689121334e-11,-5.406264670642957e-11,6.480932066064913e-12,1.0816752797033056e-11,8.600674504204274e-10,4.3297413883876337e-10,1.1599451478770284e-11,2.5212923150488263e-10,1.7479947946984085e-11,6.5196011559270315e-12,b'Classical',b'',7.602632950076442,0.05845166819824727,6.698080079614462,0.03991115183553155,6.371730466271314,0.03963072306733374,6.21100586533583,0.04097962114931081,0.9045528704619809,0.3263496133431495,0.4870742142786304
b'2013 TM172',69.67425077,0.00621464,0.47714486,4.173e-05,12.60835944,8.791e-05,352.32515322,0.00568786,14.86644641,6.455e-05,57492.07898956,1.04521677,36.429540220176115,0.006156785723369271,36.49123842,0.0003417,36.4301117,0.00033689,23.41119933,0.05621278,14,19,41.80394,36.1544068752,4.4222276994,0.6751327922,-0.1423514767,1.0177148091,0.7394705712,1.1520784070236042e-07,1.3246260670801878e-08,1.7642919723892208e-09,1.87910514200432e-09,3.5057252497707558e-09,2.4231255880803976e-09,1.5529336880438994e-09,2.145892737405286e-10,3.743492772279219e-10,4.2294799802760257e-10,2.8229892249671656e-10,4.922535569146256e-11,1.4421475876536484e-10,6.81034199362442e-11,3.986969052158893e-11,1.5960078661346028e-09,2.522102063265728e-10,7.572459195660524e-11,1.3489808786620506e-10,7.826855273638477e-11,5.564597782088371e-11,b'Detached',b'',8.422863995031081,0.12216951077616335,7.7525513973810565,0.08553773067063968,7.6327223212952635,0.11083593276721979,7.456570481726844,0.11412310146285784,0.6703125976500234,0.11982907608579034,0.2959809156542099
b'2013 TM187',36.42274855,0.00133504,0.141479,2.327e-05,12.00979365,0.00010792,303.8489407,0.02623888,52.24246318,0.00031985,53394.61797777,4.26421298,31.269694486115196,0.0017994979752764626,31.41142439,0.00023489,31.6054778,0.00020646,23.2918974,0.05868582,12,17,40.3969,29.4099116034,11.5152653578,1.1670434803,-0.3327293236,0.9511665301,0.6330277576,4.8151176221103606e-08,1.8370095107696546e-08,1.458389277717229e-09,-8.781530651108696e-09,-1.33441558268581e-09,9.086501573649659e-10,7.026273551658294e-09,5.61076724567548e-10,-3.211227736408665e-09,-4.5758714732961354e-10,3.511684974355375e-10,5.5662436638950606e-11,-1.846623469440073e-10,-8.999248735856908e-12,2.8095842070971737e-11,4.067653500314259e-09,1.1939706209697204e-09,-8.701623244277035e-11,4.1125775630636237e-10,5.228034839563939e-12,2.6520292192487187e-11,b'Resonant 4:3',b'',9.206714599833655,0.12770290504879675,8.276416479994412,0.07050687913732757,7.926080600041489,0.06988872848147759,7.835398230534674,0.1039258436715078,0.9302981198392446,0.3503358799529275,0.44101824945974
b'2013 TM227',39.29704627,0.00656896,0.19627954,0.00022083,6.84335664,0.00015532,204.31644954,0.18495221,180.07915398,0.00024472,59378.78186202,30.13529997,31.583840195920224,0.013891695773132701,31.67574906,0.00035679,31.69874941,0.00034103,23.56914539,0.10261537,7,9,14.83169,30.9677364079,6.4849034549,1.9380513495,-0.3013209677,1.1328786053,0.3375863954,1.2152392776860447e-07,2.563673192983871e-08,7.52182378930372e-09,7.65267813181292e-09,6.0136361971640385e-09,1.8022757701331007e-09,7.536156118135572e-09,2.2162249815082794e-09,3.225759273356249e-08,5.834537997447018e-09,1.6964975607422833e-09,6.875654903005827e-10,9.680095539161483e-09,1.7407915603018093e-09,5.176565389562808e-10,4.4906364628983156e-07,6.705317413820079e-08,1.9379775988993323e-08,1.021838787469853e-08,2.952955811096393e-09,8.645300081283875e-10,b'Resonant 3:2',b'',9.048417531639751,0.2449734494141088,8.659720027196345,0.147948285254741,8.268268459222801,0.1300754751873566,7.836084939886076,0.2109801559080266,0.3886975044434107,0.3914515679735391,0.8236350873102647
b'2013 TM228',42.75949979,0.00420154,0.06574982,7.056e-05,1.15186365,0.00016801,176.3558448,0.07231917,171.55006916,0.00150595,54257.92376739,17.8799247,39.94807032645791,0.0068988749762358016,40.16434673,0.00082481,40.00762218,0.00082487,23.80954408,0.06411227,13,15,27.76534,40.0058048353,0.3802820415,0.0282356257,0.0045400856,0.9487978127,0.3891142395,6.804752846482554e-07,-5.269228828244137e-11,-2.3777460470326248e-09,-1.0950234464133279e-08,1.8569037254283778e-08,7.698491104036107e-09,7.553068791948433e-11,1.856683102741917e-11,5.111963126339468e-10,-3.141136328800802e-12,-5.796708005705927e-13,4.701767368135667e-11,2.4901065841866367e-10,-6.311674180992881e-11,-3.285705791688109e-11,6.046460231327834e-09,-2.4916526242411674e-10,-1.2352902374881507e-10,5.164723086238311e-10,2.1010065213995937e-10,9.641433453969088e-11,b'Classical',b'',8.98750354051411,0.20967055154308467,7.739731813499384,0.07895833826459481,7.641629578727832,0.0893296970721519,7.333032194821753,0.15788832238098566,1.2477717270147215,0.09810223477155465,0.406699618677635
b'2013 TM229',43.34838521,0.0016875,0.06164398,3.663e-05,4.22036205,1.264e-05,77.02967291,0.05948756,98.71475281,0.00154382,103326.71067156,19.11939673,40.67621839345076,0.001089555491517504,45.77224814,0.00042351,45.85874579,0.00039571,23.32939856,0.04251227,17,29,38.19599,44.254031714,11.9296100008,1.5131583368,-0.2453782944,0.792250203,0.3524238581,1.6727544225903777e-07,4.468313746116012e-08,5.297333645296969e-09,-1.3247917300092454e-09,3.833330937777952e-09,1.6985676569389948e-09,1.1965008581747614e-08,1.423128890514829e-09,-8.406838991156807e-11,1.0970394303982725e-09,4.62920812962239e-10,1.8033733701535328e-10,7.054943172332412e-11,1.520208487780831e-10,5.7123041081802285e-11,3.794449755783803e-09,9.99526314546577e-10,1.1541698600373854e-10,3.716016436048251e-10,7.401679086910788e-11,2.4852450167060252e-11,b'Classical',b'',7.491515220657432,0.08639289318591277,6.634893131781714,0.05398985944991393,6.421503785705058,0.05627969473231161,6.08375062883435,0.07064634002646808,0.8566220888757191,0.21338934607665716,0.551142502947363
b'2013 TN187',53.04398268,0.00381273,0.37413954,3.643e-05,9.98526806,2.065e-05,276.30635426,0.02157371,109.97820204,0.00054701,56295.2422863,3.53929054,33.19813126940294,0.004306251157276508,32.88791481,0.00027481,33.25814129,0.00020714,23.01614795,0.04044172,13,19,27.2869,27.4675822141,18.6493675364,1.9588210069,-0.6561375688,0.9878999723,0.4748311367,5.2229777042827564e-08,3.471449461484935e-08,3.141818482572849e-09,-1.1795803412840055e-08,-4.270442480436041e-09,5.833990032879281e-10,2.3157640757338917e-08,2.11396438655287e-09,-7.0072287972431125e-09,-2.3266722705978086e-09,4.2126262946789553e-10,2.079477787915035e-10,-4.0913158653904526e-10,-7.362059358731368e-11,4.963750249968027e-11,1.2593410139356146e-08,7.014175819592699e-09,2.65116709218481e-10,4.04119929828063e-09,1.9428369910617232e-10,2.6697768293536394e-11,b'Resonant 7:3',b'',8.226290490201281,0.07228650676904808,7.768630029932071,0.06340497113150596,7.45784009777851,0.056672167995733956,7.419943016904385,0.1244180199178023,0.4576604602692103,0.3107899321535609,0.348687013027687
b'2013 TN227',43.42911219,0.00192804,0.01885738,4.916e-05,5.29001514,0.00010189,166.29784842,0.17593179,63.29682944,0.0011736,15308.76327477,52.51888285,42.610152921488044,0.0017510360715368588,43.99770412,0.00045141,44.10500588,0.00041698,23.58800689,0.06461388,14,21,42.77988,42.3107818848,12.2806573276,2.0578474107,-0.244044585,0.8075072937,0.4131504441,1.8759676775254146e-07,5.43794455008872e-08,8.799481006259073e-09,-4.153017442769237e-09,3.5360390323499074e-09,2.0399630582737233e-09,1.5807666242811915e-08,2.5621798615013768e-09,-9.048803251118631e-10,1.109724627743326e-09,6.062366597119515e-10,4.3724729851530353e-10,-5.447823456387464e-11,2.0741766622341334e-10,9.895751252340505e-11,3.844248644260493e-09,1.0323249500865902e-09,1.4161715778811833e-10,4.017403453120539e-10,9.382889155219464e-11,3.741872622421691e-11,b'Classical',b'',7.743034979274308,0.10015935911468397,7.118149449996713,0.0789745356320632,6.640165447665497,0.06584471064355216,6.68688866669852,0.18861167472530463,0.6248855292775922,0.477984002331216,0.43126078329819123
b'2013 TN228',88.62053945,0.0067684,0.62477666,2.843e-05,19.28946245,7.183e-05,225.52468693,0.0030679,174.97566562,3.493e-05,63748.77003507,0.37890121,33.2524945481029,0.005021873540511201,36.51900781,0.00021463,36.40361488,0.00021441,23.24778021,0.04376619,15,21,32.99638,36.3746049799,1.0761905261,-0.9762696977,-0.3724394316,1.2555050924,0.1034146671,4.604561098978491e-08,1.1329757684553214e-09,-1.4529842444770612e-09,1.4653539436529935e-09,1.7205398428533453e-09,7.732055552111677e-11,4.9548075594609755e-11,-3.465535026127008e-11,1.3606337391534222e-10,4.3381291535738864e-11,-1.3388087328596623e-12,5.589657311052248e-11,-3.714341969981699e-11,-5.395003038995888e-11,-5.615534264683611e-12,8.993629866870135e-10,8.810899972205677e-11,-2.50609981506536e-11,6.821060978809213e-11,1.821288425779882e-12,3.6257952487511223e-12,b'Scattering',b'',8.783496062264936,0.1402564660239576,7.693766735344154,0.1019405156027638,7.293314778496994,0.0949707789188516,6.90789426032749,0.10283385654723355,1.0897293269207788,0.40045195684716056,0.7858724750166649
b'2013 TN229',45.36610505,0.00442678,0.22796326,0.0001103,17.72903215,0.0001429,150.82896706,0.01105346,155.54948228,0.00035682,43655.15992947,1.53063505,35.02429985454934,0.008199937490372008,39.41285805,0.00053808,39.43885056,0.00049847,23.7834959,0.06547989,13,19,32.27426,37.959145074,10.0832642993,-3.5852503225,-0.0581698131,1.0535933125,0.1407885123,2.667640248094236e-07,7.359291711877844e-08,-2.5767809837154017e-08,2.2673097617646094e-08,1.3761846277868526e-08,-1.1643189817706475e-09,2.0344993913230788e-08,-7.106219425277712e-09,6.654037202670749e-09,3.899715028750371e-09,-3.615721497274318e-10,2.50940904894581e-09,-2.1353505892078385e-09,-1.315511537168699e-09,1.0856183886524121e-10,9.372463145834304e-09,3.0571831985507553e-09,-8.505488462437258e-10,1.1997419309952992e-09,-2.508698735182872e-10,9.159905321337663e-11,b'Classical',b'',8.527365855405124,0.1671094281358489,7.786653278211878,0.13090809298380288,7.599238300699453,0.1154771843861939,7.444597084781085,0.1445142858863251,0.7407125771932443,0.1874149775124294,0.34205619343080074
b'2013 TO187',39.27591933,0.00243331,0.18930534,7.658e-05,9.16321282,8.446e-05,333.77185374,0.02699119,82.36284393,0.00077488,62253.89384147,4.25739114,31.84077802667178,0.0049271290538927945,32.19142402,0.00023102,32.47763512,0.00018569,23.10727982,0.05261246,11,20,37.33456,28.4992977256,15.4361597607,2.0764834871,-0.6210838285,0.8818372362,0.5142331148,4.1281381557972244e-08,2.2172727412906488e-08,2.736516150331715e-09,-1.2733230193577735e-08,-4.51701324227617e-09,2.2466040617898885e-10,1.1924333761958232e-08,1.4723693875769795e-09,-6.654601038927791e-09,-2.3277731739087915e-09,1.3059476201335099e-10,1.9022095526934555e-10,-7.611377950668559e-10,-2.5702181889321967e-10,2.2525917982022856e-11,1.0844432867804754e-08,4.913125295834811e-09,2.951725791312636e-10,2.2974794446057605e-09,1.612137169444459e-10,2.98867904082287e-11,b'Resonant 3:2',b'',8.505399650822072,0.061455574606304866,7.976371927147502,0.06003061980836767,7.770827947541326,0.06528703454032747,7.612792276063546,0.10832023524058816,0.5290277236745713,0.20554397960617343,0.3635796510839504
b'2013 TO227',42.94409374,0.00293677,0.0895161,6.732e-05,5.04184607,4.227e-05,128.26752589,0.06601231,97.67642869,0.00240996,15453.59565726,21.1369181,39.09990593818445,0.002679334654720787,46.10806855,0.0007544,46.25852874,0.00068072,23.73209158,0.06381766,10,18,28.94217,43.8165163221,14.6941401266,2.0116222748,-0.2354670214,0.7813486707,0.3501979862,5.09906568269692e-07,1.7229211523819018e-07,2.3032914528876157e-08,-2.7578902109041783e-10,1.3017639542124388e-08,5.441270394358175e-09,5.83222500675437e-08,7.810484097220632e-09,7.20295764146063e-10,4.668833103011722e-09,1.877020230425263e-09,1.0885514553751203e-09,3.254895926273249e-10,7.038882357561648e-10,2.535862647214425e-10,1.0024194554193464e-08,3.42873718177173e-09,4.706532511623617e-10,1.5222905906860324e-09,3.013994573966713e-10,9.158446642243589e-11,b'Classical',b'',8.338630947972424,0.19754859251575782,7.005984383915537,0.07427294984380876,6.681085388345723,0.0889864736899061,6.530534437773719,0.14619376552993768,1.3326465640568907,0.3248989955698115,0.4754499461418161
b'2013 TO228',44.05689895,0.00206085,0.04743926,6.13e-05,3.30020843,0.00022531,185.86605228,0.17700508,20.07108794,0.00090399,9815.07801979,57.65193006,41.96687244611275,0.002320731412745059,46.08006892,0.00054197,46.03682947,0.00053159,23.83779099,0.07937211,10,15,28.91878,45.5710790745,6.1902184663,2.0850934394,-0.1135880155,0.8027497418,0.4034357239,2.882939916099831e-07,3.775053198319036e-08,1.2523774060955873e-08,-8.99013161387183e-10,5.567742934712738e-09,2.7765787351358373e-09,5.065538025719514e-09,1.6788021403680412e-09,1.1587739850954974e-09,9.012465414922202e-10,4.161151808401045e-10,6.073098229371262e-10,5.956064151185358e-10,3.219817748692045e-10,1.5765835083410553e-10,2.1051679247954257e-08,2.63499958968347e-09,8.553507447334737e-10,4.553862740285502e-10,1.6260747424878876e-10,7.55936177037311e-11,b'Classical',b'',8.087113498259152,0.194405322334793,7.212731241156684,0.09499717100140352,6.6239016695438355,0.08805822568069446,6.880872666529344,0.15121297274351014,0.874382257102469,0.5888295716128483,0.33185857462733853
b'2013 TO229',43.82496741,0.00190218,0.03991132,3.689e-05,1.04730112,1.371e-05,81.18992263,0.16149082,96.62189924,0.01058676,106859.48907496,50.81446731,42.07585520503268,0.0011502271139325554,45.55444027,0.00053311,45.53973278,0.00052132,23.8498423,0.08054219,9,14,29.3738,45.0030582187,6.6807561316,1.9898516804,-0.1459127638,0.8268496563,0.3592994682,2.7816907256300414e-07,3.953384917954569e-08,1.1431348364315271e-08,-8.608699761737735e-09,3.603348943948572e-09,1.7307777475561908e-09,5.704031556337903e-09,1.6440568456705437e-09,-5.211440717665773e-10,6.071852627618613e-10,2.7818028165235756e-10,5.188460490613276e-10,-4.9618069904344094e-11,1.9460573127757078e-10,7.267223849735933e-11,1.1372667720449498e-08,1.5885990451354914e-09,4.561388408091754e-10,3.166237090115092e-10,1.0049510853279115e-10,4.372758183949371e-11,b'Classical',b'',8.135020849513621,0.14984052613011428,7.219748302526719,0.12656873211387726,6.997187774460199,0.1492776161853559,6.705635791120391,0.167307750019273,0.915272546986898,0.22256052806652413,0.5141125114063274
b'2013 TP187',79.60868516,0.00665155,0.52046323,4.432e-05,31.18289609,9.658e-05,176.18469392,0.00746134,191.55188868,7.123e-05,52427.21111458,1.34636875,38.17529170344175,0.006679225438651488,39.1165677,0.00025089,39.44272064,0.00019453,22.96052089,0.04475012,13,18,38.214,33.5815763864,20.668367045,0.9080433774,-0.469733244,1.1183348169,-0.1911695118,4.565408522643749e-08,2.807445477363915e-08,9.134288765106829e-10,1.5878358822743017e-09,2.8637870278999947e-09,-2.1486742855299104e-10,1.729711111388281e-08,5.592532656876281e-10,1.206502841405788e-09,1.8990259693828627e-09,-1.27161708643379e-10,2.8404122570618456e-11,1.3902130429189633e-12,3.937040460010031e-11,-3.797307994502439e-12,2.773141078565029e-09,1.7051481657884188e-09,5.101124623969107e-11,1.1343225349355197e-09,2.111732960590778e-11,6.878671781156936e-12,b'Detached',b'',7.887564755400577,0.09396969482038758,6.9792609021397904,0.06632895006007233,6.704490510700738,0.05763083622179836,6.669763172011995,0.1637511971212851,0.9083038532607877,0.2747703914390504,0.3094977301277982
b'2013 TP227',43.14500715,0.00211906,0.09581904,3.638e-05,13.7536695,0.00014683,318.81377578,0.05991597,62.38872078,0.000563,57941.67241492,14.12714003,39.01089409527741,0.0034827115043726624,38.82805582,0.00039273,39.01374805,0.0003432,23.70906584,0.06938838,13,17,31.81462,36.2367358308,14.4387467723,-0.7029256879,-0.3246754934,0.8318804305,0.5592945676,1.3318743955372674e-07,5.2916592697378814e-08,-3.3373346057896033e-09,-1.1455698868528296e-08,-8.431040714210394e-10,2.3849303345260275e-09,2.107657819286695e-08,-1.3155649152705944e-09,-4.1818808490135035e-09,-1.9131189260134295e-10,9.432318666473242e-10,1.1861968873103984e-10,4.94266593112748e-10,1.0817911693669744e-10,-7.245152490666828e-11,8.130664353317527e-09,3.0671356258285013e-09,-2.927478079317427e-10,1.2756950694978319e-09,-5.192053881625882e-11,5.699484329157519e-11,b'Classical',b'',8.141685352393297,0.11962647781155125,7.61836701731419,0.11033936396922461,7.408980976525006,0.09731871620770893,7.23927346057223,0.1314683706881307,0.5233183350791089,0.2093860407891878,0.37909355674195916
b'2013 TP228',45.11771055,0.00274994,0.0492289,0.00016618,3.34319642,0.00018467,73.5889839,0.17276514,159.42351067,0.00145384,18663.82972323,58.85240829,42.896615407000745,0.008503736380037645,46.6049796,0.00066844,46.49253257,0.00066582,23.62530398,0.06361217,11,19,27.1976,46.3975625502,2.9689429543,0.0845665184,-0.0198459731,0.8511418648,0.3154315356,4.4511988292354083e-07,2.7497726499271813e-08,4.607135462181916e-11,3.629171363691013e-08,1.0712065576812537e-08,3.163903435681213e-09,1.8904330990628588e-09,6.329675435002034e-11,4.740618754708968e-09,7.722269135154895e-10,1.8111775404648528e-10,5.273229254531669e-11,9.384745293697447e-10,4.449551528440446e-11,-1.0515642956343175e-11,4.160923373208215e-08,2.666850221792834e-09,3.600351393535105e-11,3.513408091205821e-10,6.585107617183304e-11,3.406612971603321e-11,b'Classical',b'',7.9628669772595995,0.16189006842610268,7.026283195506993,0.08974899635879213,6.568908585486165,0.09179554744484558,6.322123343570313,0.11466125140783981,0.9365837817526047,0.4573746100208274,0.7041598519366786
b'2013 TP229',42.59121517,0.00267887,0.14325316,5.366e-05,23.20189052,0.00014474,247.72671484,0.02659661,167.43537457,0.00014883,66958.60044794,5.1018354,36.48988897043237,0.0040790512566805884,37.89134397,0.00051732,37.85884653,0.00049408,23.63349665,0.06709574,10,12,26.6628,36.9622420204,7.588430292,-3.0823126473,-0.3087504416,1.0311367896,0.0398095337,2.5566543371162416e-07,5.041640582655905e-08,-2.3453802097837668e-08,9.098205634335846e-09,9.50386967679707e-09,-7.204045025091358e-10,1.0004203808158162e-08,-4.625078337606607e-09,2.1910707130700875e-09,1.9566540378854535e-09,-1.7892690038952081e-10,2.1766870762647936e-09,-8.301822511154781e-10,-8.711485194257927e-10,7.156219983485608e-11,4.669336795205102e-09,1.171580591324792e-09,-4.275594853970465e-10,5.215929488198111e-10,-1.0401871888174761e-10,4.738310589704299e-11,b'Classical',b'',8.512592434986379,0.1520843745495094,7.82626107159818,0.08850040748307943,7.607946784379509,0.11014382924787262,7.589871081261363,0.17830321855137027,0.6863313633881992,0.21831428721866677,0.23638999033681474
b'2013 TQ187',43.53840556,0.00123582,0.09356235,2.53e-05,10.01436797,5.06e-06,281.72843097,0.03214857,117.10905692,0.00062038,60047.45806728,7.68857623,39.464849983270724,0.0021973488396554186,39.22139085,0.00024725,39.52754618,0.0001971,23.12259189,0.04179352,20,29,57.06041,34.4332262444,19.3892430602,0.9149266867,-0.5019290055,0.8389572911,0.3693308016,4.657845341791231e-08,2.6025025875297098e-08,9.483772356253888e-10,-5.798175722027354e-09,-1.9497015062292106e-09,3.2725334742865056e-10,1.455756948959643e-08,5.317809626640647e-10,-3.153035051668429e-09,-1.040145422451081e-09,1.8566909182154432e-10,2.8664473224580488e-11,-8.800711834995275e-11,-2.184310909173258e-11,5.80573894429386e-12,2.175271378145011e-09,1.1048999276046856e-09,6.105886164013018e-12,5.981449739963685e-10,1.4158408062923403e-11,7.642148180940439e-12,b'Classical',b'',7.740027955084651,0.05820055022253965,7.089755912425991,0.04439297534247217,6.834051209056794,0.05703053623461092,6.7366464836352105,0.0808902885951916,0.6502720426586589,0.2557047033691999,0.353109428790781
b'2013 TQ227',44.01817562,0.00206399,0.13615258,8.923e-05,10.31020506,6.035e-05,223.3200342,0.03274176,98.66307002,0.0009645,42338.66524162,5.68676615,38.02498749778198,0.004220060784640186,40.49706026,0.00057873,40.78894733,0.00046952,23.91460531,0.06557285,13,18,43.08877,35.9690138446,19.2200499042,0.7469599709,-0.3394202208,0.8680377222,0.4141663705,2.628477539987214e-07,1.37778765853346e-07,3.235114032526028e-09,-3.878961122627455e-08,-1.4031759866214952e-08,2.0512005738796226e-09,7.228340327276748e-08,1.7025901483645025e-09,-2.0081962623859315e-08,-7.221724739873622e-09,1.08438062455537e-09,7.950547787777302e-11,-3.75546945923231e-10,-1.1306687154962099e-10,1.8121679682899096e-11,9.594483868193266e-09,4.33433121929399e-09,-1.6160111997001632e-10,2.08634042274393e-09,-2.6826847571818518e-11,3.135412641068912e-11,b'Classical',b'',8.176512459952077,0.13157741010206953,7.854412544162075,0.10369684757799866,7.593383340127408,0.12405203119430043,7.439208852987898,0.21529483156138354,0.3220999157900056,0.2610292040346682,0.4152036911741809
b'2013 TQ228',42.3253025,0.00446909,0.15766104,0.000132,5.48190631,0.00019305,277.46553537,0.01944553,16.1568376,0.00034998,41446.88359303,3.49595502,35.65225136402607,0.008871412225932703,39.58725878,0.00073618,39.53750035,0.0007236,23.9691488,0.08456385,8,10,12.94845,39.1957081773,4.9578074169,1.5266105346,0.0156508149,0.9055301675,0.4954102385,5.326210954201384e-07,6.742473696193838e-08,2.1010479689203625e-08,3.526035464786519e-08,1.7264331618056388e-08,8.364134528500107e-09,8.728517029153856e-09,2.736269886464481e-09,5.7807407375372095e-09,2.351218613804283e-09,1.1075235628919848e-09,9.232821633608778e-10,2.11002466513509e-09,7.683619786958873e-10,3.62205146678858e-10,1.4774727585631523e-08,2.651086437707002e-09,1.0122891745856216e-09,7.549095510096745e-10,3.26811301524797e-10,1.6050182988293507e-10,b'Resonant 5:3',b'',9.051153755803353,0.19241763410214638,7.914294467534459,0.0883530859843648,7.500828827960076,0.09702159421292159,7.5333298265299735,0.14161767827531216,1.1368592882688913,0.4134656395743834,0.38096464100448496
b'2013 TQ229',39.43755746,0.00212025,0.16271817,6.934e-05,5.57773991,0.00011531,257.06011172,0.00969782,30.68687693,0.00044902,41338.9842922,1.8556958,33.02035014373126,0.004251209744498589,37.53353267,0.00035192,37.54213586,0.00034113,23.83257603,0.08032216,9,13,27.29225,36.9688771045,6.3945769429,1.3503614125,-0.0121600028,0.9251167466,0.4975587323,1.1989355959348945e-07,2.1288720778203182e-08,4.58848235071089e-09,8.248314653434347e-09,4.6393135646020035e-09,2.011413779677318e-09,3.833006465595794e-09,8.333757957639801e-10,1.8278432602490035e-09,8.847506739400424e-10,3.700042062194822e-10,2.031333857638884e-10,5.089046779728707e-10,2.1059173598456107e-10,8.263693058192537e-11,4.365791492662076e-09,9.678352894308374e-10,2.723364214685672e-10,2.9541711824450063e-10,1.00752491476826e-10,4.344668194543672e-11,b'Resonant 3:2',b'',9.107383445789656,0.16046829098635673,8.098090388736436,0.10555423846165872,7.665235959596677,0.10492585323877904,7.345240221304797,0.13804527388999063,1.0092930570532144,0.43285442913976313,0.7528501674316375
b'2013 TR187',60.99517643,0.00717195,0.39700033,7.46e-05,14.18987647,5.662e-05,334.77296404,0.00817332,76.79279772,0.00031695,63346.99443492,1.41466695,36.78007138217121,0.008842395470622693,38.05206571,0.00049086,38.26730935,0.00041511,23.49289662,0.05130681,15,19,38.24946,34.7285961261,16.0026041161,-1.4927281501,-0.5665425611,0.8643365043,0.5914874554,2.0076955137590986e-07,8.934119257991302e-08,-1.1084648794727273e-08,-1.9510382371328987e-08,-2.993820735558289e-09,3.962975945652576e-09,3.9791004273789196e-08,-4.9240936291850695e-09,-8.491214046665288e-09,-1.2411295861294642e-09,1.75801623881042e-09,6.311778777855669e-10,1.1744585353921511e-09,2.136830236099746e-10,-2.2486425697632667e-10,3.989697973162918e-09,1.3295238454574456e-09,-4.4680814974319414e-10,5.645363439470296e-10,-8.976368779900596e-11,8.390650611327196e-11,b'Detached',b'',8.116537148822742,0.10784096187356766,7.571016820289175,0.07434978969468058,7.2452659210611134,0.09910659110347646,7.01666091305651,0.12190301049603072,0.5455203285335614,0.3257508992280633,0.5543559072326679
b'2013 TR227',39.64000581,0.00198804,0.16647121,9.213e-05,21.46764274,0.00017727,109.39620595,0.01133789,182.41985203,0.0002916,36749.63216764,3.64701473,33.0410860249167,0.004978461229786893,39.42020825,0.00036106,39.76633996,0.00027754,23.73558182,0.07572314,12,15,30.56609,33.6048697975,21.2248688105,1.2567671682,-0.3845788289,0.9177761439,0.0259268221,9.294894445405092e-08,5.8876424998947896e-08,3.047225008908405e-09,1.864726274954025e-09,4.063101599044704e-09,5.63424514880848e-11,3.738228787699752e-08,1.9318216413314708e-09,1.7027289566723151e-09,2.8939252748990177e-09,5.133415303752999e-11,1.3300341175692792e-10,7.298052210862927e-11,1.4058947289776014e-10,-6.6112510774105945e-12,6.363541186178505e-09,4.100826895535854e-09,1.9263048153993739e-10,2.74783129658192e-09,1.243573768600372e-10,1.7846935709740763e-11,b'Classical',b'',8.349480025556693,0.09599186274069409,7.70073887228275,0.08660724314807719,7.703752014938024,0.13379036086708973,7.350044916311925,0.21667391760839436,0.648741153273944,-0.0030131426552717066,0.35069395597082786
b'2013 TR228',45.34677531,0.00280697,0.09354599,7.366e-05,2.3074532,0.00013759,257.4774955,0.03528009,151.85341312,0.00250291,68392.39911771,8.470816,41.10476649307888,0.005618310845972618,42.09162402,0.00051742,42.04576926,0.0005106,23.55254515,0.06243279,14,17,28.16103,41.7298843489,5.0215439779,1.1169427678,-0.1798905053,0.9186486187,0.3637671921,2.646271595441517e-07,2.8583046736911415e-08,5.583120672945705e-09,-1.831424084013729e-08,4.093136026226102e-09,2.0056056194472717e-09,3.1261321657292365e-09,6.0777266219401e-10,-1.7407478581473032e-09,4.687543622905061e-10,2.2494414060751105e-10,1.4634561558884214e-10,-2.9309677326996525e-10,9.971121155158763e-11,3.825386614035015e-11,6.019916678484399e-09,3.964388665073632e-10,2.7410146340436232e-11,1.6958648258785684e-10,5.48408128212004e-11,2.993635096724173e-11,b'Classical',b'',8.50193724907009,0.17540991488088853,7.259363688269536,0.09309973293223732,7.001150061275732,0.08970897870254517,6.901282009447604,0.10766584722540057,1.2425735608005537,0.2582136269938072,0.358081678821932
b'2013 TS187',34.86650287,0.00181694,0.09864333,4.398e-05,4.59996905,5.147e-05,195.38091969,0.0187158,127.90030915,0.00109496,49812.44710011,3.02511566,31.427154768344707,0.0030569301925886237,32.27866864,0.00034816,32.22873007,0.00034152,23.80649331,0.07035343,10,16,31.614,31.9196627358,4.4246731446,-0.4984379074,-0.0685616816,1.0716553101,0.4076623678,1.1886225485691704e-07,1.659577716258675e-08,-2.0924829400043974e-09,3.951345649353314e-09,4.847073498655938e-09,1.5484231427965343e-09,2.3476843765404006e-09,-2.8515694241369436e-10,7.249897418209451e-10,6.970377193782156e-10,2.1215892904179983e-10,5.1160445816183103e-11,-4.337521057564256e-12,-7.720570294681525e-11,-3.011577422560845e-11,1.7451212033117626e-09,3.6190461818273736e-10,1.3816762210628889e-11,2.2684851189118376e-10,5.846014230571449e-11,2.5174320848749772e-11,b'Resonant 5:4',"b'5,4,-2,0,1,0'",9.798146496133581,0.2202480122823117,8.602230248933298,0.0843432616850611,8.136232991572095,0.08820631578137007,8.160376776577044,0.14942729608613964,1.1959162472002842,0.4659972573612057,0.44185347235625433
b'2013 TS227',33.59209262,0.00252121,0.3249385,8.374e-05,24.3226364,0.00020619,328.3855597,0.00970258,180.67576546,0.00027716,73722.25156017,2.35100383,22.67672846849821,0.003868856023491407,35.38911085,0.00067761,35.67791906,0.00053531,23.71316329,0.07526963,9,10,9.90868,30.9186274443,17.8027260479,-0.1238179592,-0.764289064,0.674412541,-0.0140941032,3.4303475076692766e-07,1.9955944654017366e-07,-3.45432153991819e-09,7.090312968103042e-09,1.542867682502271e-08,-7.145166367737811e-10,1.1620480196786036e-07,-2.013110925045456e-09,4.803015966787458e-09,9.370856854903841e-09,-4.235598966964277e-10,7.3729196219272e-11,-1.0957316648398994e-10,-1.7751538772836802e-10,8.256678143019433e-12,7.852356557896078e-09,4.7832083428202815e-09,-1.0403509963258638e-10,3.2997807966474016e-09,-8.394188810213544e-11,1.7000142268129963e-11,b'Scattering',b'',8.776082034067029,0.14396020730913683,8.18180747587895,0.10772100280558651,7.820015404536955,0.14397455920296823,7.784538736413316,0.12418109230877185,0.5942745581880798,0.3617920713419962,0.3972687394656368
b'2013 TS228',43.39260179,0.00179496,0.03568781,4.163e-05,1.5467009,2.8e-05,231.11284102,0.09884162,113.98947701,0.00413556,50761.19306332,26.43700723,41.844014682114185,0.00333253292359156,41.97935257,0.00039445,41.97449347,0.00038387,23.70538264,0.05202687,15,21,34.86477,41.3699411682,6.8708358392,1.7826060561,-0.1510286545,0.8968734826,0.3812424639,1.5158713235664504e-07,2.3956219175910148e-08,5.926708912926203e-09,2.0982080453908025e-09,3.956869635018464e-09,1.6060965217189432e-09,3.8391999133019184e-09,9.521686865579033e-10,7.13456947813754e-10,6.86586545671281e-10,2.697781944926346e-10,2.5450078476355847e-10,2.42749624455486e-10,1.8112019913901298e-10,6.799554232289719e-11,4.007036553154688e-09,7.077461320431379e-10,1.8809926209254538e-10,2.1448073962186902e-10,6.917998311304094e-11,2.7854653910841114e-11,b'Classical',b'',8.434615351056378,0.126739739525964,7.4605108484511735,0.06637926397978139,7.12306617455358,0.07024112832242069,6.942810446032796,0.11812830232293652,0.9741045026052044,0.3374446738975986,0.5177004024183823
b'2013 TS229',44.18370965,0.00420443,0.0718174,0.00014531,1.16947325,2.591e-05,11.8018314,0.05748775,91.87795197,0.00971432,83243.34892269,15.95798914,41.010550578466926,0.008884824923891796,44.25475845,0.00092483,44.23571796,0.00090487,24.02530378,0.09608237,10,11,12.24804,43.7262827799,6.4430184592,1.8161638798,-0.2083573483,0.8440037142,0.3698817638,8.376100387156982e-07,1.1791180023628977e-07,3.202381628699759e-08,-3.584266993825235e-08,1.3005896001176996e-08,6.434730872498486e-09,1.6760796849686607e-08,4.560248479242172e-09,-3.5958472510609184e-09,2.039854533655536e-09,9.64612399357149e-10,1.28830109611222e-09,-7.431623744541077e-10,5.888860763526991e-10,2.68560678614444e-10,1.9056498488292678e-08,2.002412420198359e-09,4.3456342610311923e-10,5.866942747776162e-10,2.036788325304425e-10,8.903400801415575e-11,b'Classical',b'',8.188310957995162,0.13952649401359127,7.5596150839405905,0.09985884985517017,7.022647479543162,0.0879343817255509,6.886168439164292,0.12729083370067817,0.6286958740545728,0.5369676043974266,0.6734466447763013
b'2013 TT187',44.04135125,0.00149779,0.11458074,3.6e-05,19.25627489,9.573e-05,183.40642325,0.03457936,170.58659597,0.00023634,49179.15593343,7.74546026,38.99506060323694,0.00230557514207049,39.41134788,0.00034716,39.72003264,0.00027752,23.04764948,0.04196038,16,25,61.98302,34.6288271705,19.4521824042,-0.3713782548,-0.4538542513,0.936728182,0.0970548472,9.243465556972123e-08,5.1015447518404404e-08,-1.5715993770569188e-09,-1.1990057906769278e-08,-3.989135277300315e-09,3.0897174852021903e-10,2.8179996241585166e-08,-8.672131014096708e-10,-6.469541191858668e-09,-2.120321082415366e-09,1.6841506298578381e-10,3.848147515303192e-11,2.0817903112578743e-10,7.036895000216919e-11,-9.043129634216362e-12,4.00501543884532e-09,1.940641178047434e-09,-7.558591406699217e-11,1.0054811625350843e-09,-3.4002445288358834e-11,6.502947448834049e-12,b'Classical',b'',7.738902462695171,0.07047806584351855,6.98159702200317,0.054459787986667084,6.786836778690676,0.08068191502745854,6.7981476760194095,0.10320949563853446,0.7573054406920021,0.19476024331249187,0.18344934598375612
b'2013 TT227',42.51733365,0.00583967,0.11218181,0.00016831,5.90954093,0.00035327,24.11655925,0.10760604,10.93000986,0.0001109,62821.3004618,23.44162258,37.747662045613225,0.012091530890914918,38.08502794,0.00078163,38.08580743,0.00075551,24.12166639,0.10000863,9,11,26.30789,37.4078109612,6.5667787102,2.8393351139,-0.243701145,0.9072695987,0.5133898083,5.91124986390467e-07,1.0001448165367005e-07,4.3079042942185106e-08,-8.29874597918637e-08,7.654841273236903e-09,5.562203185350595e-09,1.7001898546883225e-08,7.3021743217303465e-09,-1.2966527576135842e-08,1.4676605163602962e-09,1.0016781747836402e-09,3.2008408261976518e-09,-5.481870198063443e-09,6.36497230192353e-10,4.6042348424956553e-10,5.968090888325585e-08,5.557241677176719e-09,1.9056223557985864e-09,1.0588698103737914e-09,4.4342694656575604e-10,2.457736967369009e-10,b'Classical',b'',8.996792961580537,0.15680297475970287,8.315780393407552,0.11805108078479361,7.832599317120403,0.14515570638057748,7.502647887246658,0.17149037480638785,0.6810125681729863,0.4831810762871462,0.813132506160895
b'2013 TT228',43.90400665,0.0080357,0.06759601,0.00010417,1.43666326,4.517e-05,301.47373626,0.15615405,109.13622931,0.00757336,69077.31101686,38.66050871,40.936271118702585,0.010463403623033404,41.7880698,0.00174975,41.70660139,0.00173163,24.09849904,0.09451311,8,10,32.13012,41.4879371531,4.204896334,0.7145047313,-0.1442899812,0.9075330975,0.3883442679,3.0299085904264e-06,3.0698334449997323e-07,5.0182165560983696e-08,1.3380606011936357e-07,8.803099414432443e-08,3.374493306520785e-08,3.1260917725044124e-08,5.134309177415429e-09,1.4929021809292264e-08,9.052100827443286e-09,3.4402509247966756e-09,8.924400499507315e-10,2.79743990616472e-09,1.5154042091238986e-09,5.654548128877363e-10,2.1913049216883704e-08,5.467203827249179e-09,1.7381698479374249e-09,2.7251736447362055e-09,1.0049392959143887e-09,3.9118832114629576e-10,b'Classical',b'',8.824329054035063,0.21728264246957946,7.842901528089653,0.13713138331113042,7.729689528270709,0.1451180247873813,7.696435229986465,0.20905645847348336,0.9814275259454108,0.11321199981894045,0.1464662981031851
b'2013 TU187',39.28205998,0.00088559,0.16056432,1.62e-05,14.88473857,3.232e-05,290.78576233,0.00949415,84.37561125,0.00018383,55024.4376514,1.67837965,32.97476276947962,0.0013637758080159213,32.78052516,0.0001351,33.09633941,0.00010518,23.11308893,0.04509648,19,27,54.05591,28.1987091253,17.325471317,-0.1689065748,-0.5050597545,0.8988955269,0.5651282434,1.3398303770712636e-08,8.057509426337306e-09,-2.138756484060488e-10,-5.338533761447979e-10,3.2626307654386935e-10,2.911057989946099e-10,4.8750580975566625e-09,-1.191726924607432e-10,-2.1423392546172912e-10,2.6360384723804066e-10,1.7486430456258004e-10,1.3200839036846576e-11,5.511799243924163e-11,2.4261831747949624e-11,-4.987729486801086e-12,5.478358195734544e-10,3.1915456673083614e-10,-1.2976185364912431e-11,2.193551577553456e-10,6.2302485428821524e-12,7.683104446290468e-12,b'Resonant 3:2',b'',8.423374919572632,0.06794484614406016,7.856135227306639,0.06480261730153383,7.691295388314801,0.0637762823976388,7.418120405884503,0.08819742675936773,0.5672396922659947,0.1648398389918357,0.4380148214221333
b'2013 TU227',43.40630714,0.00178571,0.16842398,3.289e-05,20.6340534,8.682e-05,235.9855162,0.01372614,172.28216048,9.94e-05,64380.30214112,2.64791537,36.09564422263469,0.0027724504000656413,36.94400478,0.00028754,36.99719552,0.00026833,23.55102088,0.06256016,15,21,54.14293,35.7042241856,9.6216532893,-1.1935827529,-0.3720046472,1.0405202329,0.0717537435,7.68972949383037e-08,2.088853014933568e-08,-2.8300068554151243e-09,2.312818729731895e-10,2.7254473634207564e-09,1.7571116810954535e-10,5.707473873247445e-09,-7.673776289817047e-10,2.524739918651472e-10,7.931420334998702e-10,4.06250623852021e-11,1.1483418346534136e-10,4.22607427888858e-12,-9.685268975019393e-11,-6.057318568303923e-12,1.6507303806893589e-09,4.5758822136640306e-10,-6.113063234087378e-11,2.2245724714003384e-10,-1.059082237758572e-11,5.893817834172787e-12,b'Classical',b'',8.536761242398077,0.10944468685944235,7.83223713428527,0.10381264431436582,7.558306178076146,0.08505244312587681,7.380758208982703,0.11516600297684045,0.704524108112805,0.2739309562091257,0.45147892530256706
b'2013 TU228',45.48065237,0.00224664,0.0693859,4.412e-05,2.81793292,0.00019346,27.79246918,0.11788978,154.05885359,0.00259376,111235.10267572,42.76770427,42.324936333731905,0.0007731980849519995,48.65186242,0.00065165,48.61664182,0.00063902,23.97481371,0.10566599,9,11,21.69007,48.148896897,6.5794601737,1.4043835288,-0.1256270207,0.8033156526,0.3097275971,4.1617106906807356e-07,5.807531237114878e-08,1.2384610749671122e-08,1.711382484969077e-08,9.68320219379754e-09,3.2998156706683287e-09,8.198678796455893e-09,1.7489709691659809e-09,3.3425208970738523e-09,1.4836264038937572e-09,4.866574969057433e-10,4.166198346018166e-10,8.745032294100558e-10,3.369155661823375e-10,1.131070554043633e-10,1.7722013080291777e-08,2.667466080131097e-09,6.014892858210662e-10,5.40521227171006e-10,1.3897291250466172e-10,5.130661211361198e-11,b'Classical',b'',8.10882106793016,0.19786952046397796,7.096227718978424,0.16520004992790088,6.700699692547532,0.1376074626846117,6.444068874653139,0.14440254712034647,1.0125933489517331,0.3955280264308966,0.6521588443252863
b'2013 TV158',111.21893508,0.00504428,0.67208156,1.515e-05,31.14310927,3.431e-05,232.09327419,0.0036611,181.07483345,5.435e-05,59777.18086741,0.61672234,36.47073975660531,0.003329662655680562,36.48052574,9.592e-05,36.89418551,6.879e-05,22.06824951,0.0157524,21,29,60.33258,28.5536839046,23.188673777,-2.8554279098,-0.941999175,0.9389111155,-0.13615744,5.49154781924274e-09,4.4716004338129476e-09,-6.035648499376914e-10,-1.93711648070189e-10,1.4719997486041703e-10,-2.8266425660780192e-11,3.6507206905051157e-09,-4.926083950246559e-10,-8.978467219439347e-11,1.7645777810756318e-10,-3.088839229323058e-11,6.838878567821695e-11,1.0885705393043169e-11,-2.493894205914871e-11,3.7586194055471e-12,7.19445987812383e-10,5.971486026808607e-10,-8.191601708682686e-11,5.147082905750928e-10,-7.092373385817604e-11,1.0758351089913759e-11,b'Detached',b'',7.15820069085458,0.03165834659454549,6.372401232810246,0.01993923427792325,6.121495109075008,0.03243943007539593,5.955126163204826,0.04701459469472907,0.7857994580443352,0.25090612373523696,0.4172750696054186
b'2013 TV187',39.62090877,0.00107864,0.05494944,2.193e-05,6.13622894,9.738e-05,39.93914778,0.06046772,148.89985536,0.0009291,101477.89524222,16.95839584,37.443762157634275,0.00028989828252312715,41.72223769,0.00028201,41.78857749,0.00026521,23.33716991,0.05337849,16,24,51.62041,40.4771732637,10.334718689,1.0379029666,-0.2338600316,0.8663877632,0.2981248638,7.46484186542884e-08,1.900107233148331e-08,1.7651936710068597e-09,-1.464567801428704e-09,1.6018212374610122e-09,6.322594772169536e-10,4.862369728811391e-09,4.535663688141359e-10,-1.7514282315297815e-10,4.563501649305038e-10,1.6577157515344924e-10,5.575405805218319e-11,3.202256217200804e-11,5.50401057806712e-11,1.4328814206409457e-11,3.174802313454114e-09,7.779272390834479e-10,6.432839479669991e-11,2.4818376704379417e-10,3.3347019001537494e-11,1.2480948984556911e-11,b'Classical',b'',7.867758386235058,0.08378496295672129,7.0596673214790275,0.07696709278890083,6.911637745539371,0.08877952840921657,6.670340907889559,0.08328483233288266,0.8080910647560332,0.14802957593965227,0.38932641358946446
b'2013 TV227',39.43943877,0.00155072,0.1837924,3.834e-05,6.91776811,9.73e-06,326.50873544,0.00875183,109.08332068,0.00080962,68506.32060819,1.21479577,32.19076981000203,0.0025663170539764186,34.97603548,0.00025169,35.04090913,0.00023449,23.58891206,0.05524823,18,23,48.00724,33.7563803767,9.3866604982,-0.5125437578,-0.4276555361,0.9463038923,0.4189752185,5.8905142036260385e-08,1.6130328924086285e-08,-1.1883434806667157e-09,-1.1911440770290872e-09,1.7730147455146774e-09,8.34201855912407e-10,4.4477127062369805e-09,-3.1835172811794345e-10,-1.6052280140407816e-10,5.319829700315745e-10,2.2586688271358934e-10,3.802713906855525e-11,8.783919904240905e-11,-1.7592855712380927e-11,-1.865263758502478e-11,1.507228550212975e-09,3.859899935077148e-10,-4.0093826451949785e-11,1.772016743771061e-10,1.848310000573075e-11,1.5747609817199932e-11,b'Resonant 3:2',"b'3,2,-2,0,1,0'",9.058392478670454,0.15563151113443255,8.231698603452775,0.12111025700173772,7.9184625411414675,0.12042238840002054,8.080487879036008,0.14032831471235424,0.8266938752176799,0.3132360623113084,0.15121072441676925
b'2013 TV228',42.50242718,0.00363151,0.03653999,0.00074541,2.47532244,2.772e-05,190.34650565,0.21904436,88.23516457,0.00412562,34403.08374006,37.43064232,40.94938894638599,0.029910605832794934,42.40279118,0.00130937,42.33727648,0.00130933,23.8597238,0.08535542,7,9,10.31357,42.1638120524,3.8145779931,-0.3269983562,-0.0418479625,0.8861958776,0.3875871217,1.7284455705907536e-06,2.9422402563542683e-08,-6.986334615200077e-08,-8.069392570369977e-07,-3.720688952352559e-08,2.245843818368281e-08,3.5250214880055903e-09,9.227180398706562e-11,7.182172443300767e-09,1.38285228874657e-09,2.614544739880504e-10,3.43998110855947e-09,4.16661846087853e-08,2.3824720711874213e-09,-9.746020359146051e-10,5.24441308587186e-07,3.1709893187981095e-08,-1.1338622682162924e-08,2.201923337558429e-09,-5.663250653391078e-10,3.056778400954527e-10,b'Classical',b'',8.60471215324739,0.17025318743971024,7.51399422928152,0.0974627415487229,7.151011184131223,0.10256217556223989,7.1256914185659195,0.15891646763999107,1.0907179239658684,0.36298304515029717,0.3883028107155953
b'2013 TW187',43.10976858,0.0024982,0.05957716,0.00016221,0.37484142,0.00014649,276.54274974,0.20659711,51.77683419,0.0200624,46415.48511737,50.40069492,40.54141106812956,0.00750697401603422,41.15004941,0.00049573,41.15529908,0.00047819,23.6807449,0.06735065,10,14,22.83137,40.3936807769,7.2987193916,2.9728590918,-0.1536147306,0.9065525957,0.3982675677,2.3711828241724595e-07,4.2133849995196626e-08,1.711704891165221e-08,-1.6852811316722114e-08,4.221980168473001e-09,1.9414303996220782e-09,7.607806858822126e-09,3.0817548775258547e-09,-6.295104191786956e-10,1.0964984308724025e-09,4.791994965430809e-10,1.282409472927306e-09,-1.8120841269602386e-10,4.522438096549348e-10,2.0834343721985444e-10,6.281155382074867e-08,8.464678665615475e-09,3.353916156895261e-09,1.3341591655980679e-09,5.314552242657313e-10,2.2567673127970264e-10,b'Classical',b'',8.454189881331859,0.17034137995166548,7.586239052198133,0.12056976899608471,7.305983628612429,0.13024399766817654,7.001951038128949,0.14063187072703634,0.8679508291337314,0.2802554235857023,0.5842880140691783
b'2013 TW227',88.7886327,0.02147018,0.5727313,9.93e-05,25.21036015,0.00015898,14.0143797,0.01033316,33.61368704,0.0001186,63496.30551527,1.7429487,37.936603623250996,0.017909650854246287,39.89310438,0.00075333,40.0420032,0.00067391,24.11414806,0.08829347,10,15,48.19015,37.7789511316,13.268038807,0.2683617719,-0.5101268734,0.7065367382,0.877373638,5.021194189265216e-07,1.8114885419266283e-07,4.053222421848797e-09,-2.2820767848235414e-09,1.378100239355429e-08,1.3077615399871343e-08,6.542934400480364e-08,1.500923070120667e-09,-2.8336858214153344e-10,5.166263036127459e-09,4.72709217270323e-09,9.693920469353902e-11,4.640085294930336e-10,2.8974019399993126e-10,1.0851571249555196e-10,6.751523114344712e-09,2.428311597380993e-09,5.1278379064930205e-11,1.3102422584849802e-09,3.9987377524866817e-10,3.5269114700970766e-10,b'Detached',b'',8.595796734920006,0.12392381608550873,7.917840346259579,0.08370875257884572,7.565347864869219,0.09240250082262082,7.545366917825993,0.17273022197297142,0.6779563886604297,0.3524924813903591,0.3724734284335863
b'2013 TW228',43.46708445,0.00236763,0.05159201,5.518e-05,3.21390063,2.85e-05,293.91973235,0.06230316,108.97689937,0.00223011,67488.40192523,15.8976187,41.22453018869502,0.004310131196083634,41.74131838,0.00048846,41.66482064,0.00048445,23.71329217,0.06697734,10,15,35.20564,41.4717049478,3.9340487755,-0.7604129644,-0.1101216576,0.9111720351,0.3817544796,2.368642481643984e-07,2.0290318352712732e-08,-5.546073832312165e-09,-5.046166342436067e-09,5.537617602518667e-09,2.569047367493454e-09,1.8056641336414163e-09,-4.577698047870181e-10,-2.1651885811146227e-11,5.126629413808433e-10,2.144110649195531e-10,1.6213275830545158e-10,2.8667277667132505e-10,-1.1126853745637069e-10,-6.896511407337122e-11,4.084967649261455e-09,3.1507814286484984e-10,-1.0998287197167504e-10,1.8157059234138176e-10,5.4036863369967334e-11,3.357024928455499e-11,b'Classical',b'',8.296173726700994,0.18884909466490715,7.534572317118828,0.10025159373290864,6.999423295341346,0.09342625329853754,6.718869229499903,0.10059013325815537,0.7616014095821677,0.5351490217774798,0.8157030876189241
b'2013 TX171',50.36254565,0.00308099,0.27663821,3.754e-05,19.58883259,7.058e-05,203.62671303,0.0074045,167.37188466,0.00010179,57058.48012131,1.45877916,36.430340986671006,0.004118778959563087,36.41608506,0.0003465,36.43370405,0.00032731,23.06538847,0.04040443,16,22,38.37846,35.3493758147,8.6020019445,-1.9600976456,-0.2643886806,1.1419723727,0.1051390501,1.1343797912066747e-07,2.644521965138746e-08,-7.24113370615881e-09,1.433514787310583e-09,4.32805248050152e-09,2.0284249883768674e-10,6.184472314930345e-09,-1.687396187733192e-09,4.383189112755723e-10,1.0347678064110907e-09,4.073581279229849e-11,4.701853914191599e-10,-8.395008185994946e-11,-2.743880268824811e-10,-1.388046546314234e-11,9.9334304599382e-10,2.9925243320040774e-10,-5.871879379873157e-11,2.2912494851149242e-10,-7.664235004684346e-12,6.735711222377796e-12,b'Resonant 13:6',"b'13,6,-12,0,1,0'",8.344323089824305,0.10326901541569311,7.391274278549725,0.05941120090484618,7.160405178513846,0.06254331463247531,7.1118358258926175,0.09704405644014573,0.9530488112745846,0.23086910003587777,0.2794384526571055
b'2013 TX187',42.90836416,0.00196166,0.05014841,6.536e-05,0.48119248,9.866e-05,254.86991665,0.0715128,45.36843903,0.0105282,41052.49919465,16.9191551,40.756578116675804,0.003070256005499726,41.95857348,0.00047245,41.82617932,0.0004718,23.40740885,0.05549601,14,21,51.56373,41.7836871933,1.8103669156,0.5247218511,-0.0012893995,0.9007893502,0.3968784463,2.2304786353396224e-07,6.417908177394567e-09,1.356622523336395e-09,-1.9440021051350407e-08,4.373841269977762e-09,2.053905583723127e-09,2.1961473121860644e-10,4.772960225422773e-11,-2.5749639020815714e-10,1.3341972657253596e-10,6.202731863103733e-11,2.725596085300508e-11,1.4609613521855842e-11,3.1533419493815e-11,1.0169002329360851e-11,6.3093405818857445e-09,-2.1001622002349488e-10,-1.3427720164241437e-10,9.728157062985951e-11,4.193979951881649e-11,2.450418422121544e-11,b'Classical',b'',8.045398123892449,0.10665169602493035,7.078070949688934,0.07938196313164984,6.802944027378169,0.0733510468067271,6.669028470445516,0.10695624651569949,0.9673271742035177,0.2751269223107637,0.40904247924341997
b'2013 TX227',69.26712263,0.00675126,0.51857175,4.971e-05,36.58026463,8.387e-05,171.14832175,0.00453437,178.3468558,5.48e-05,52524.04191772,0.6342134,33.347149355106325,0.0066778877422270086,34.82797009,0.000248,34.92001188,0.00022122,23.29795756,0.05423822,12,17,42.87758,32.8954695947,11.2692145455,-3.2093790054,-0.2151129515,1.2506659668,-0.2879214553,5.437796237064234e-08,1.8771809530881072e-08,-5.905853728382217e-09,4.452225480308371e-09,3.8032159433891605e-09,-1.0655157189157093e-09,6.516423635686123e-09,-2.0447329645225204e-09,1.7205614366224188e-09,1.378791744693874e-09,-3.8932775555710756e-10,6.546661803321276e-10,-5.278868691265681e-10,-4.2918136523434677e-10,1.2002412432310966e-10,1.8265045826749658e-09,8.411650416259979e-10,-2.579995764718106e-10,4.620481133289168e-10,-1.36548971062433e-10,4.442365429174149e-11,b'Resonant 7:2',b'',8.669880731749101,0.09719135110757005,7.858545756665231,0.07334577891420102,7.603391580906299,0.08464602915814223,7.77544253290373,0.16829551778183077,0.8113349750838741,0.255154175758929,0.0831032237614977
b'2013 TX228',43.36434099,0.00311821,0.03082738,0.00012708,3.33969843,4.261e-05,125.07885881,0.18841646,105.05879321,0.0039006,19413.80722455,58.81448532,42.02753211065125,0.004861369205565675,44.35648767,0.00080102,44.26678335,0.00079538,24.1958234,0.10029016,8,10,14.26465,44.0937184774,3.7421609665,-1.1350462061,-0.0424865639,0.8616625758,0.360750642,6.375769763977074e-07,4.903162020666531e-08,-1.9354328290045824e-08,-3.232544009441699e-08,1.0827269408146981e-08,6.497729899898592e-09,3.935385888188981e-09,-1.4415520233637386e-09,-1.00118371170626e-09,9.433494930638948e-10,4.5690787044542616e-10,6.583156596927225e-10,1.5967369600229236e-09,-2.7908731523614926e-10,-2.2396344791664e-10,2.1117853281369718e-08,1.0203691016218588e-09,-8.908012260369511e-10,3.2456400054900323e-10,6.510596696740378e-11,9.65942580165538e-11,b'Classical',b'',8.478441395469089,0.37910819418631014,7.55946571289862,0.17998356955840022,7.097610048344771,0.12658065440013924,6.870595998247611,0.17652845578039336,0.9189756825704708,0.46185566455384175,0.6888697146510054
b'2013 TY171',39.3997822,0.00087014,0.24303951,2.207e-05,24.95462014,4.611e-05,247.62418192,0.0029341,58.80725969,8.143e-05,44663.04151247,0.35466192,29.82407850421506,0.0014252917483337062,34.82071706,0.00013644,35.07869954,0.00010893,22.79257964,0.02413681,25,33,52.69948,30.6696751352,16.891608815,-2.135354787,-0.1408374213,0.8522191952,0.7101889595,1.4209745957974175e-08,7.835810418619656e-09,-1.0902389362216648e-09,1.0826024547598733e-10,4.902284011893602e-10,3.2208110291223796e-10,4.327615809619397e-09,-5.994433962117952e-10,8.97232978447299e-11,2.875211838816684e-10,1.7521331043327267e-10,8.837143798539533e-11,1.5023413682743885e-11,-2.4883927627143936e-11,-2.6049370891087373e-11,3.798527643509012e-10,2.1051435306817116e-10,-2.779892010590279e-11,1.3129551740264303e-10,-5.4217554967198075e-12,1.0929746903242124e-11,b'Resonant 3:2',b'',8.411825894851136,0.0725648091190625,7.2899897789002726,0.03959854676662032,6.97701132897277,0.036079194939617656,6.725855760662567,0.06228557353033482,1.1218361159508632,0.31297844992750135,0.5641340182377013
b'2013 TY187',43.48806961,0.00099384,0.0645183,5.394e-05,11.13436265,3.023e-05,354.69044461,0.02736214,93.07727394,0.00058852,75938.38428536,5.946453,40.682293084325615,0.002591592329454432,42.26260544,0.00021692,42.40087991,0.00019199,22.90280908,0.03797887,23,32,79.15739,39.7506613391,14.5682803412,-2.3419539545,-0.3372031638,0.8177169051,0.4162086409,4.116450359710595e-08,1.5369647405724045e-08,-2.490017036259579e-09,1.9807750609264834e-09,1.9362690757816498e-09,3.713285769884576e-10,5.75137534048944e-09,-9.281817725123849e-10,8.449339551415132e-10,7.618896735599091e-10,1.3326620038118085e-10,1.5900582289726427e-10,-7.666625384707044e-11,-1.0002466920416767e-10,-2.71374870135779e-11,2.7412303841285065e-09,1.1371211133767606e-09,-1.1903422572769928e-10,5.074896244743213e-10,-3.663256108755505e-11,1.4400178132420263e-11,b'Classical',b'',7.532835602376936,0.07566670892165799,6.536200274200935,0.0460987657970993,6.310057348862211,0.041619979132138336,6.023886967176717,0.06220848413520751,0.9966353281760035,0.22614292533872427,0.5123133070242176
b'2013 TY227',36.08259,0.0017128,0.24569736,7.522e-05,36.52341419,0.00018695,233.63570518,0.00842613,32.41069927,8.344e-05,38999.71713438,2.28848776,27.217192997775854,0.0033272934436092347,37.07671564,0.0004339,37.25953733,0.00037764,23.70220047,0.06643649,12,17,24.74435,34.5198773033,14.0227186388,-0.1206432706,0.0324355082,0.5831463119,0.8277779268,1.6176368649470556e-07,6.548044243486884e-08,-1.8660752805139764e-09,-1.442473466340843e-08,-2.0902550862916306e-09,4.482671674526073e-09,2.653868975236919e-08,-7.423126738451747e-10,-5.605155575415846e-09,-7.517168312455621e-10,1.8144757439458655e-09,5.529765381484225e-11,4.3791042984355956e-10,1.3729048452611822e-10,-5.484055407574645e-11,6.11254218782508e-09,2.1949298080307573e-09,-4.0493092184909684e-10,8.731901746869949e-10,-6.011288862665591e-11,1.3303246839364565e-10,b'Scattering',b'',8.427551629922776,0.09649481060512298,7.945864025573739,0.0841891129218332,7.589430305030861,0.12517629473599615,7.587312880009021,0.1306830750843233,0.48168760434903535,0.3564337205428743,0.35855114556471673
b'2013 TY228',45.10553672,0.0029209,0.14056962,0.00012044,4.7756275,5.522e-05,121.29105661,0.09499064,84.98570632,0.00378146,10720.36293715,38.59960199,38.765068567517616,0.005318558528152572,50.9622272,0.00092507,50.86611317,0.00091279,24.04618205,0.09989408,7,9,12.66339,50.5174448824,5.5452889487,-2.1445282823,-0.0192761479,0.7521297562,0.3343872575,8.446089755662236e-07,8.892007719376799e-08,-3.881145514236957e-08,-4.062833754981242e-08,1.0678966922903829e-08,8.429980704489442e-09,9.501218486840726e-09,-4.046024644717183e-09,-1.99963632538439e-09,1.3403892255030943e-09,7.731716592647938e-10,1.8488505746257168e-09,2.868483153004493e-09,-3.9497090166536987e-10,-4.3943203986320065e-10,5.862759703755156e-08,4.905588728876295e-09,-3.249806743616579e-09,6.744031323934527e-10,-1.6548721078764158e-10,2.478291991825069e-10,b'Classical',b'',7.979526839847706,0.22657318997367457,7.000308609342985,0.16889139911071863,6.431736442822187,0.14340190398710714,6.540401662631071,0.21631397195078605,0.9792182305047228,0.5685721665207993,0.45990694671191107
b'2013 TZ171',45.36753068,0.00205574,0.19211443,3.041e-05,15.8862018,4.764e-05,241.30981771,0.00852958,163.65844645,0.00020332,59842.37961504,1.74079188,36.65177334769625,0.0030330161491132135,36.42786689,0.0003027,36.77875215,0.00022965,22.97984714,0.03619326,18,25,47.73013,30.5145891933,20.5236275803,0.5631756668,-0.6559836,0.9029400526,0.1807323729,6.421108115370744e-08,4.195139025763633e-08,4.634121909600818e-10,-1.8833803850680308e-09,1.593434596989574e-09,3.739676138964894e-10,2.7424840019979444e-08,3.039451960090835e-10,-1.1661471933052965e-09,1.0855530490044213e-09,2.45134115007207e-10,9.324711595412573e-12,-4.700202488479339e-12,1.76585835510882e-11,2.726917129612549e-12,5.634493833276209e-10,3.0311531728539855e-10,-4.880648148467798e-12,2.8340732719906347e-10,1.349957423214866e-11,4.2912748305553116e-12,b'Classical',b'',7.740083992080907,0.06450070768973125,7.279310478674427,0.05419490335578072,7.06149540143141,0.07726946485643664,7.019348321217139,0.13338359801966485,0.4607735134064759,0.2178150772430177,0.25996215745728884
b'2013 TZ187',30.12818348,0.00072983,0.06910293,2.947e-05,13.15719981,5.823e-05,358.87640288,0.02572973,155.56910906,0.00035055,77226.07308013,4.44490969,28.046237848858567,0.001306580052673259,30.9094448,0.0001916,31.2215729,0.0001511,23.14726063,0.04266021,15,19,43.24788,26.9126108996,15.8157664353,0.5996008598,-0.6052933834,0.8926179344,0.2387738503,2.75607332262829e-08,1.5877171929670288e-08,3.9627685318451294e-10,-4.290147559483707e-09,-1.4619180287094311e-09,1.342891500122765e-10,9.167280080934112e-09,2.30368766706708e-10,-2.3750014115066793e-09,-7.793932604809881e-10,8.029368366102256e-11,1.4005991086847101e-11,-4.25787276895735e-11,-8.595193359276351e-12,2.4780399944805782e-12,1.5904640104364329e-09,8.237776318904535e-10,6.3896980537180026e-12,4.679051283544271e-10,1.0599865235031828e-11,5.045096949218955e-12,b'Resonant 1:1',b'',9.469417005183681,0.12612884625028611,8.19876101299768,0.13719650989258406,7.796227057797184,0.14943891875453322,7.525986105330356,0.127290906298682,1.2706559921860006,0.40253395520049434,0.6727749076673251
b'2013 TZ227',43.33754409,0.00216807,0.06079828,7.353e-05,8.54408233,5.126e-05,39.08494662,0.10488369,112.93867882,0.00125308,98126.762933,33.22740611,40.702696134484256,0.003738479716637191,45.49741355,0.00057079,45.43993605,0.00055189,23.5861107,0.0569171,12,13,14.77194,44.650674435,7.5191056579,-3.8168194721,-0.1467827593,0.8360799108,0.3273532313,3.15194679039422e-07,5.004534744965886e-08,-2.90583436901104e-08,-1.4187781370101678e-08,3.750865693915518e-09,3.5208369546258767e-09,8.019214789489715e-09,-4.597916326894299e-09,-1.4699934841559897e-09,7.22490956091774e-10,4.897314001922178e-10,2.713788886160184e-09,1.5971102077546463e-09,-2.970480676371898e-10,-3.55202377014951e-10,1.4549225299688637e-08,2.17438078007233e-09,-1.3909088862480365e-09,4.4882792640642035e-10,-1.6583826779917298e-10,1.5784252114899197e-10,b'Classical',b'',8.019056126535832,0.16965471495295095,6.940444272609108,0.07856651062424844,6.748158489469214,0.11041997612300883,6.5902451317140756,0.13492255999630487,1.0786118539267224,0.19228578313989875,0.35019914089503595
b'2013 TZ228',43.89349586,0.00458595,0.04081629,0.00014381,3.94369982,0.00014399,98.73148576,0.45865769,66.68984256,0.00339093,103013.57872223,145.0146181,42.10192637040238,0.006686893140964419,45.55407013,0.00113727,45.52635002,0.00110797,24.15907786,0.09197698,7,9,11.86183,44.9095517288,7.4607605598,0.343164462,-0.1535721297,0.8127169816,0.3897335827,1.2606270878380675e-06,2.0313354906073052e-07,5.31215367920395e-09,-2.8025579700430725e-08,2.236452360884019e-08,1.2252349290615025e-08,3.338507646795631e-08,1.1235902058339122e-09,3.3283616610702007e-09,4.815424379145374e-09,1.9799185506640985e-09,2.150833641591618e-10,3.4912158680165887e-09,6.483660344793992e-10,6.121052561201541e-11,1.0647592283341136e-07,1.575156551775972e-08,-1.9776519877515127e-10,2.910454310534152e-09,2.2884856088403218e-10,1.381370085368491e-10,b'Classical',b'',8.366637528409873,0.23625392356441924,7.5209067700457,0.12964621252657504,7.313860816192081,0.1412259548267287,7.233559197495969,0.2796969868773013,0.845730758364181,0.20704595385361263,0.28734757254972737
b'2013 UE31',47.30241482,0.00321595,0.2040657,7.115e-05,38.80683546,6.167e-05,282.58053217,0.02191601,342.98454222,8.956e-05,49661.34787401,4.32980895,37.64961425851515,0.0057210119583922785,39.65657678,0.00043475,38.86924557,0.00025955,22.53274016,0.02417216,18,25,25.949,21.6940588306,-19.0521132261,-26.0231251782,0.9429756989,0.1018327144,0.5465674146,5.539783874566754e-08,-5.1056499689663954e-08,-6.922121595678371e-08,5.394780510089449e-09,-2.3725900707648944e-09,-2.10180372454662e-09,4.707972104197627e-08,6.383182274395079e-08,-4.771743726254354e-09,2.0037890289108746e-09,1.690813679483685e-09,8.655842332629893e-08,-6.3845478008395895e-09,2.6395949297361242e-09,2.1881250827215065e-09,2.8478053002839257e-09,-2.3449456022109273e-09,-3.0533003628869647e-09,2.0293030805980752e-09,2.6850779149107645e-09,3.5787084137543566e-09,b'Classical',b'',7.04852140050342,0.0359988175924737,6.540013187630171,0.030342768986196336,6.375327369851602,0.03975899397117342,6.3763349711292765,0.05822297056514703,0.5085082128732519,0.16468581777856478,0.16367821650089134
b'2013 UF31',39.47586222,0.00110793,0.19801405,2.437e-05,32.05269659,5.799e-05,177.03921093,0.00791874,178.0443221,6.948e-05,51719.03028138,1.21351043,31.659086716534386,0.0017725575496084075,32.30844207,0.00016721,32.5640554,0.00013365,23.09912692,0.04291884,20,28,55.48435,28.4514452304,15.5774789531,-2.876650435,-0.4799995262,1.082617077,-0.1549061145,2.154802931456562e-08,1.1517079411035766e-08,-2.4205470181695534e-09,-9.775933524448665e-10,4.310147226138121e-10,-4.8918376982739504e-11,6.167385281512687e-09,-1.2948033129997192e-09,-4.6489038944322304e-10,2.644611308039509e-10,-3.340912157200207e-11,2.7772553330627324e-10,1.0026142462162763e-10,-5.430313433977471e-11,5.200363682164182e-12,7.827713551817408e-10,4.401747237285067e-10,-9.166074614129324e-11,2.9735941503436664e-10,-5.955307379708305e-11,1.3926080026860732e-11,b'Resonant 3:2',b'',8.50345999656791,0.07681000999954322,7.960168961355185,0.05693859287918796,7.669014024421246,0.05964131912678967,7.473290694966755,0.08950922695153528,0.5432910352127246,0.29115493693393935,0.48687826638843207
b'2013 UK15',47.9578005,0.00428383,0.19721575,0.00016921,11.69863721,0.0001327,33.98854985,0.06509749,119.48558205,0.00186649,100714.10669193,29.66220324,38.49976667636311,0.010390340002221204,54.80965151,0.00102446,54.81248483,0.00096183,23.40612787,0.08443588,9,12,23.65134,53.0957899398,12.1517848153,-6.1302292071,-0.2405736993,0.6991255092,0.2673050965,9.829405487654847e-07,2.2824498300303802e-07,-1.1592827292694619e-07,2.2063963126813637e-08,1.9729700025837336e-08,2.0301027763789232e-09,5.311224868182841e-08,-2.690146981473615e-08,7.026113601562834e-09,4.988456468130058e-09,2.418278554083442e-10,1.373015638609545e-08,-1.9878969839486008e-09,-2.189033597485275e-09,-3.320609377424646e-10,6.171191564043621e-08,1.4143702061035186e-08,-7.353434680409338e-09,3.4927806324626293e-09,-1.6159371425624118e-09,9.27889017918458e-10,b'Resonant 2:1',"b'2,1,-2,0,1,0'",6.737523997628761,0.13955485040285004,5.9322078825094895,0.10507461104113835,5.636515174802403,0.1007431043806625,5.356720911899865,0.10263070021779565,0.8053161151192745,0.29569270770708267,0.5754869706096172
b'2013 UL49',43.56170791,0.00174807,0.03226857,8.046e-05,12.91674555,0.00016055,43.09999616,0.10487839,192.36945823,0.00013828,21960.85661797,32.50370766,42.15603402704564,0.00372253418514071,44.46983177,0.00043224,44.3289025,0.00043138,23.13461825,0.05140993,12,17,22.41723,44.2777255238,-0.5653989658,2.053032663,0.0288705482,0.9186524635,0.176861657,1.8651746371520057e-07,-3.768605302913115e-09,8.240683048267364e-09,7.163281339268257e-11,4.175152721062084e-09,8.617926089950825e-10,1.4830467584612782e-10,-1.5630030997737806e-10,6.163199033083351e-10,-1.0385565930641095e-10,9.849165523811354e-12,3.9159468129118256e-10,1.3753485838878723e-10,1.8216584258606196e-10,3.515289303173128e-11,8.143323863625078e-09,-1.3800439187996996e-10,3.5964380142114916e-10,1.0295663305484855e-10,1.3132895384902542e-11,2.6924709084909848e-11,b'Classical',b'',7.693654836870534,0.12852136686473645,6.517913738922259,0.10599543645296769,6.268788819214977,0.09931245505906862,6.134343546960155,0.14885424096207842,1.1757410979482747,0.2491249197072861,0.3835701919621054
b'2013 UM17',42.47647537,0.01081181,0.07843375,0.00076291,12.98946906,0.00052817,112.64660962,0.28612698,185.55052403,0.00057653,37322.65068026,49.3553595,39.14488624704947,0.027153568451699167,41.52119965,0.0031259,41.6617473,0.00284418,23.72960592,0.10490515,8,8,4.89177,39.5441692444,12.7088128857,3.2320181966,-0.2368913907,0.9393344651,0.1690029792,8.892809852113085e-06,2.716416063511077e-06,6.781371303454478e-07,-2.035679903486539e-06,-3.649754315510288e-07,-9.181434413193751e-08,8.303875271961246e-07,2.0728383559336972e-07,-6.129260884482264e-07,-1.0848837832335194e-07,-2.7295310828571636e-08,5.181441803383397e-08,-1.530230547577881e-07,-2.7086402576474455e-08,-6.816502676234669e-09,6.096690444344995e-07,1.3196077044912475e-07,3.313210564798066e-08,3.1335979190604946e-08,7.85146921412621e-09,2.0085477201378813e-09,b'Classical',b'',8.408504806913053,0.26118026902418645,7.431238274287006,0.24640698847511405,8.338714070779412,0.48229885820294227,6.973158003626336,0.17160940351711554,0.9772665326260497,-0.9074757964924101,0.458080270660666
b'2013 UQ15',42.76891571,0.00142373,0.11304802,3.234e-05,27.34342072,0.00018082,15.85257683,0.04534791,189.13143026,6.675e-05,8781.49933212,16.72049914,37.93397434494212,0.0005225936424748844,47.42418013,0.00042962,47.55989722,0.00039297,23.07342279,0.03692482,13,23,42.72236,45.3428593322,14.1445751218,2.4289762346,-0.2389976602,0.8222687923,-0.0693376913,1.6834675757970872e-07,5.164030009116984e-08,8.602741583526248e-09,-1.2860539234651731e-08,5.5608591605866045e-12,-5.729425280300967e-10,1.586605776182751e-08,2.639248144045004e-09,-3.6847011984893472e-09,8.243464878547939e-11,-1.621850580913816e-10,4.528754908745185e-10,-6.533379378746e-10,1.482365943172996e-12,-3.234942444032868e-11,7.17335860695035e-09,2.0005661068383946e-09,3.6755620529655916e-10,6.541936307062686e-10,1.0473253488507869e-10,2.5654445798840025e-11,b'Classical',b'',6.757179743426521,0.07653831117561614,6.322454224894097,0.06320962265496406,6.10975074973725,0.08351319372929696,6.3891970513915215,0.1172892200492508,0.4347255185324221,0.21270347515684374,-0.0667428264974196
b'2013 UT22',42.27465257,0.00120427,0.21240606,4.357e-05,29.34137043,6.633e-05,138.46240138,0.00777276,194.23796769,7.153e-05,43990.99232628,0.88698775,33.295260135478806,0.0025061313145041454,37.11936432,0.00019413,37.57532582,0.00013872,23.01818323,0.03146332,20,32,54.65365,28.3818859029,24.59314529,1.2453384907,-0.5360800059,0.9270569137,-0.1488129578,2.181553663830763e-08,1.8581102227840738e-08,8.01310225711443e-10,-2.1028828178865534e-09,-4.570186574174162e-10,-1.2775326582012323e-10,1.5867572050560713e-08,6.815947473093766e-10,-1.5861556240477121e-09,-2.1668454010337248e-10,-1.0089611497980304e-10,3.424673192661027e-11,-8.385481193651554e-11,-2.224707989312611e-11,-3.8042841282056524e-12,1.4863196947892843e-09,1.1097770995536159e-09,6.170200583740046e-11,8.970296348018063e-10,4.372731365729476e-11,4.151920481886942e-12,b'Resonant 5:3',"b'5,3,-1,0,0,0'",8.079886097653104,0.06446269360152085,7.18885244838973,0.043712828650984276,6.753070262755541,0.049261511362212435,6.534540142602202,0.07415089025467678,0.8910336492633653,0.4357821856341941,0.6543123057875273
b'2013 VA72',41.57978273,0.00352758,0.1112602,5.738e-05,15.04049713,9.275e-05,200.69657818,0.05201301,159.07205135,0.00043184,51011.74497931,10.93628073,36.95360791612684,0.00513773884896495,37.12649448,0.00071033,37.43174161,0.00056259,23.78216853,0.0828505,9,15,28.31713,32.3791372508,18.7809835197,0.0375329202,-0.4846079555,0.9414180548,0.2007310029,3.8153467314403887e-07,2.1676082719096045e-07,-3.040952815977735e-09,-2.5461559643993748e-08,-5.039496641425681e-10,2.3787277001356272e-09,1.2322860113531545e-07,-1.7191660096760343e-09,-1.3883970046207248e-08,4.339455800881548e-11,1.3472166028559697e-09,4.4106886373528064e-11,2.9258679431664636e-10,5.5171691717163907e-11,-2.132690799811219e-11,7.732234167690214e-09,3.469885289741363e-09,-2.0337123007220045e-10,1.9672515778492434e-09,-2.860901761652179e-11,2.229748780776372e-11,b'Classical',b'',8.479575309080984,0.12070844635237084,7.970468522188879,0.12155502677906001,7.680112693814555,0.11347377081054623,7.546285495714299,0.15349818028757334,0.5091067868921032,0.2903558283743219,0.42418302647457934
b'2013 VB72',65.13945902,0.00949667,0.45068524,0.00010876,18.0004872,0.00017512,275.90969473,0.01059927,56.49209004,0.00030852,46308.09084961,1.1229268,35.78206598534842,0.012112525309657469,41.05211203,0.00050883,41.37208983,0.00040003,23.41033558,0.07658203,12,16,34.7066,35.7258953798,20.7324742873,2.3398132375,-0.1944506059,0.9074874252,0.6653949587,1.9245529394571206e-07,1.1243288625332549e-07,1.2021749545428701e-08,-6.122307072773403e-09,2.6619929399545784e-09,3.580590823557163e-09,6.574859189953077e-08,7.043663922377353e-09,-3.0456680451196378e-09,1.8646903171820747e-09,2.1246378153975903e-09,7.889625987458465e-10,-4.4857355408319413e-11,3.6303842492550994e-10,2.441705194925429e-10,9.361142293897436e-09,5.248490905612772e-09,4.47081629184279e-10,3.1588342598303695e-09,3.7643732700879206e-10,1.1523571567048963e-10,b'Detached',b'',7.782050342464496,0.1396436087551641,7.189755460615894,0.09572146942040316,6.975873563923235,0.11123904477067345,6.88226997032122,0.13320162860456763,0.5922948818485985,0.21388189669265834,0.3074854902946761
b'2013 VC72',39.43652781,0.00160613,0.25213062,3.293e-05,13.33252866,3.383e-05,332.59869438,0.00687526,103.46604973,0.00039438,63793.1149304,0.87029679,29.49337173981392,0.00241480093755463,30.75014896,0.00019014,31.14254582,0.0001409,23.71616585,0.05228062,14,25,48.94578,25.1899784585,18.3025385195,0.5832919009,-0.8094739656,0.7983618961,0.4936043425,2.3817260940944338e-08,1.7129785462304094e-08,3.378149421069662e-10,-1.094509432273219e-09,7.664258695334969e-10,5.197309774585893e-10,1.2359869162655814e-08,2.513477973636049e-10,-6.370298262426786e-10,6.60079313471695e-10,3.76416255321982e-10,1.7992199256243157e-11,3.607073580525624e-11,4.828744500528508e-11,7.845883770737062e-12,9.91118177380821e-10,6.441820560673766e-10,-8.490090463482109e-12,5.217670096412213e-10,2.7911425357579286e-11,1.583977829777557e-11,b'Resonant 3:2',b'',9.372815487005726,0.09532056120135039,8.683807159338299,0.0666295153518963,8.452468834737532,0.0993798355921698,8.396395386814943,0.12648136390913722,0.6890083276674254,0.23133832460076684,0.28741177252335637
b'2013 VD72',47.94105973,0.00519275,0.28436018,8.954e-05,22.14473899,0.0001105,192.33537682,0.01645936,154.12860048,0.00039977,49436.33961271,2.51190478,34.30853139311269,0.0077652372022618535,36.1609872,0.00063645,36.42362553,0.0004886,24.07037803,0.07719888,9,11,22.80214,30.9214904408,18.8140451931,-4.0710722728,-0.4211270109,1.0728692483,0.1327222226,2.9100654180546444e-07,1.7750974613438245e-07,-4.1022982589513104e-08,-8.005566773399217e-11,1.073155217432277e-08,2.2813933878010402e-10,1.0842209781997972e-07,-2.5024951277686356e-08,7.466909271670151e-10,7.0406682793842365e-09,2.6705459676288338e-11,5.822604552009753e-09,2.8050491184215557e-11,-1.5030270709339125e-09,-3.069491667533076e-11,7.0374970237799496e-09,4.310933887156506e-09,-9.90598043184788e-10,3.057929682261072e-09,-5.99913036030487e-10,1.5262950976985148e-10,b'Resonant 2:1',"b'2,1,-1,0,0,0'",9.176701115675739,0.15028796995735694,8.51289592757149,0.12270471126133331,8.208908540548988,0.11597535832751295,8.421981378675932,0.39639477019576025,0.6638051881042492,0.30398738702250017,0.090914548895559
b'2013 VE72',43.57907166,0.00178889,0.2835865,3.189e-05,13.53504942,1.868e-05,199.12835137,0.01069772,123.13271103,0.00038943,47687.14332074,1.23865957,31.220635367585974,0.0020546719242194303,34.62254261,0.00036307,34.79243933,0.00031189,23.36728561,0.0572271,12,16,24.88538,31.9283557995,13.5438381255,-2.7673776835,-0.1770596522,1.1002728629,0.3511295496,1.1212960484421775e-07,4.579728399146808e-08,-1.0971196389134218e-08,-1.386798790988019e-08,-1.7778245686681026e-09,2.489760833082037e-09,1.873683351120507e-08,-4.476887963043822e-09,-5.544693101346228e-09,-6.73650610061835e-10,1.0075034760346114e-09,1.0886110695717012e-09,1.3913575970091656e-09,1.9023413268694435e-10,-2.4964361660593166e-10,2.6092937008030407e-09,6.387173516511397e-10,-3.79327534467725e-10,2.282352116549272e-10,-7.302719318016895e-11,6.425944392748284e-11,b'Detached',b'',8.974523603352258,0.17714563779267709,7.903557961610806,0.0890200708524714,7.5789698632470195,0.10765172430548206,7.380947572189706,0.09235798307817535,1.0709656417414513,0.32458809836378455,0.5226103894211007
b'2013 VF72',39.36110546,0.00156786,0.09882975,9.571e-05,26.61540484,0.00023132,63.16198757,0.0713353,188.54441237,0.00025277,23503.61346708,21.3908479,35.4710571623672,0.004374237940213723,41.938959,0.00039797,42.2989056,0.00030162,23.35053019,0.05307256,12,13,14.06523,35.2180266365,23.3996969881,1.1585318436,-0.4599597444,0.8050266919,-0.0717984223,1.0978449897652182e-07,7.295284426524994e-08,3.0311882540599617e-09,1.693050049425546e-09,4.673227411507878e-09,-8.103924045612759e-11,4.858712267716521e-08,2.0130332025879105e-09,2.1681773290613102e-09,3.7825616619652345e-09,-2.687318624003308e-11,1.143842567609738e-10,1.77966461912419e-11,1.1010178873905446e-10,-6.017849556272846e-12,1.6636033830525282e-08,1.0902441171081761e-08,4.291712419950792e-10,7.283987587087223e-09,2.7749922020977545e-10,2.7638558735742267e-11,b'Resonant 3:2',b'',7.731195994738053,0.11675755816622119,7.155218840717813,0.0762509403781708,7.114076636210443,0.1118493058515686,6.5938347059386455,0.17381710044272877,0.5759771540202414,0.041142204507372354,0.5613841347791675
b'2013 VH72',45.44571571,0.00379009,0.14793426,9.194e-05,9.68287805,3.549e-05,235.17829788,0.03444909,103.51102301,0.00123347,47160.60943663,7.11398273,38.72273732754496,0.006880366074723048,39.94849834,0.00060834,40.15977842,0.00051546,23.89184143,0.08422202,9,9,10.08766,36.5687924958,16.5989572632,-0.0763943606,-0.3083720366,0.9146603412,0.408788084,3.07538102955799e-07,1.386498478946148e-07,-2.285155086578915e-09,-8.622791158206425e-09,6.363764632810805e-09,3.986436129045739e-09,6.26526183073587e-08,-9.962980806563e-10,-2.979635972468209e-09,3.313079207180093e-09,1.8055391975658098e-09,7.567600850614109e-11,4.1164658054603163e-10,1.242206430532935e-10,-3.041852948121169e-11,9.481115408868618e-09,4.376023374180298e-09,-2.9020536401746605e-11,2.3946280485889687e-09,1.232599831020452e-10,6.687633415734905e-11,b'Resonant candidate 13:7',"b'13,7,-1,0,0,0'",8.801609635795236,0.24449217431051226,7.7966185109027055,0.13840240705036866,7.59016791420561,0.18486314569117127,7.531040423297982,0.23000978914247053,1.0049911248925294,0.20645059669709825,0.2655780876047222
b'2013 VJ72',43.78751205,0.00287159,0.15802858,5.578e-05,7.01444736,8.986e-05,330.18683635,0.02473618,79.27721436,0.00125528,64066.55460176,4.9847053,36.86783360602829,0.004666868691216633,37.41328524,0.00042675,37.6119601,0.00038237,23.78550235,0.06055601,12,15,32.70296,35.4829144683,12.4339127522,1.0100184493,-0.4121252663,0.8994135004,0.4694967191,1.6176588092904192e-07,5.744017528655499e-08,4.442018237176015e-09,-4.292862134106184e-09,4.402618611979227e-09,2.5558087940557855e-09,2.044162564383038e-08,1.5855023818164677e-09,-1.238859061786112e-09,1.6606253581202133e-09,9.183665800902624e-10,1.504389003808805e-10,9.67358368843424e-12,1.6907036162036867e-10,6.530725625927986e-11,4.63848568495741e-09,1.5915082378191673e-09,1.0380643564135625e-10,7.777018227531078e-10,1.3447769952436448e-10,5.834808053373117e-11,b'Resonant 7:4',b'',8.895302538348025,0.12909288128629512,8.054037419003093,0.08540870325001998,7.708639230147659,0.13031083140813982,7.705293808934245,0.14813145792542848,0.8412651193449385,0.34539818885543255,0.34874361006884436
b'2013 VK46',41.59469219,0.00262685,0.30377803,4.178e-05,13.56999671,6.679e-05,178.47632829,0.00700311,149.47501025,0.00026249,50857.13604488,0.83646095,28.95913871584246,0.003478403370023498,31.05540469,0.00027508,31.0775723,0.00025659,23.47804767,0.05184107,15,20,36.6468,29.9872231503,7.9005532227,-2.0403937116,-0.0788563279,1.2318071046,0.2646203485,7.036464682692478e-08,1.868074624271339e-08,-5.098417762132736e-09,-3.194204127260118e-10,3.5401857641030364e-09,8.782989472653798e-10,4.988511349234366e-09,-1.3490387168675675e-09,9.332760408323389e-11,9.869229833349197e-10,2.1971233380725422e-10,3.790928771339559e-10,6.525147492501893e-11,-2.459761536537652e-10,-6.491169369567792e-11,1.6074791210586222e-09,3.876593355009886e-10,-1.24925535044397e-10,2.8361694117196036e-10,1.3729608817866333e-11,2.3790638788456232e-11,b'Scattering',b'',9.151604960748502,0.17813745290329597,8.537828246489093,0.07252945553110945,8.1765804278331,0.07049409031828931,7.940384712350719,0.10099359238838647,0.6137767142594078,0.36124781865599775,0.5974435341383765
b'2013 VL46',45.63136942,0.00183801,0.09930547,7.127e-05,6.67972143,1.138e-05,44.673986,0.03610629,96.43162382,0.00124775,95620.05258441,13.31846475,41.09992481112939,0.003696343758621013,48.34983685,0.00048203,48.35076297,0.00046272,23.51274283,0.05285499,18,24,34.16629,47.319739387,9.7497490329,-1.8923365811,-0.2167043386,0.7738204911,0.3508326588,2.2316989541335927e-07,4.423326143199809e-08,-1.0120132311486235e-08,-8.655870686090566e-10,4.090090015775497e-09,1.7944984170207425e-09,8.804416490903453e-09,-1.997992494573304e-09,1.9237646934176927e-10,8.861906213618277e-10,3.4204638549557797e-10,4.795054531615037e-10,1.8892376330946725e-10,-1.5295098341882412e-10,-9.052392462313238e-11,6.747954659174429e-09,1.4466516942301304e-09,-2.608388020537337e-10,3.971654072857496e-10,-2.2209132268995632e-11,2.890496842162837e-11,b'Classical',b'',7.653881006235197,0.11500312842225889,6.5847186443159575,0.06154828877278335,6.208641586806197,0.0596937068923604,5.900315181751976,0.08878565580685098,1.069162361919236,0.37607705750976284,0.6844034625639841
b'2013 VM46',55.5422298,0.00306766,0.43115547,2.807e-05,8.59242546,7.099e-05,198.15596844,0.00380914,175.11404725,0.00017015,57320.63383305,0.5726061,31.594893645764667,0.003303830507006505,31.53512134,0.00018739,31.59518836,0.00017734,23.55623166,0.05173746,12,22,49.59707,30.6839094326,7.3714237239,1.5542657523,-0.3155224689,1.2557578159,0.3377606913,3.324058419758543e-08,7.747662860056468e-09,1.538164982082628e-09,-5.619606202835917e-10,1.498953636581457e-09,4.269370532946298e-10,1.8243731710406704e-09,3.6152468510198516e-10,-4.692341749245667e-11,3.6727781103994575e-10,1.0318304776331187e-10,7.967196545141007e-11,-2.5855398921845583e-12,7.460963218764854e-11,1.9833086994473405e-11,6.822147384731175e-10,1.2460603896503047e-10,2.1959142374544567e-11,1.0424845238904889e-10,2.579006310758208e-11,9.825602458009937e-12,b'Resonant 5:2',"b'5,2,-1,0,0,0'",9.202393845200545,0.09034949974906824,8.523269588673697,0.06654956188531967,8.232828965071322,0.08202063462046603,7.917381080642036,0.09278411710180798,0.6791242565268467,0.2904406236023739,0.6058885080316592
b'2013 VN46',39.3963815,0.00160094,0.24074067,2.846e-05,7.74615865,9.28e-06,241.91125295,0.0088736,112.92902529,0.0007023,52368.87761619,1.22657153,29.912070189215832,0.0022517448233747915,30.58281132,0.00021121,30.87819423,0.00016919,23.3512989,0.04422647,14,26,44.21855,27.0475566108,14.7761053946,1.8866026541,-0.4597465902,1.0658236921,0.4578647666,3.425525394098695e-08,1.8698935910057373e-08,2.2148523762216606e-09,-1.8737681690254304e-09,8.343395273520278e-10,5.692235369264078e-10,1.0225516625890255e-08,1.212688049211158e-09,-9.194684083864056e-10,5.118201493841878e-10,3.1714910535835127e-10,1.5154746306698356e-10,-8.272148977827519e-11,7.463453376659571e-11,3.967009992443942e-11,1.279775314574041e-09,5.845438323207341e-10,4.072704393959657e-11,3.631092454885807e-10,5.249600510889738e-11,1.807733616906069e-11,b'Resonant 3:2',"b'3,2,-2,0,1,0'",9.130649325505571,0.08497579716807048,8.439271687754454,0.05143237178215371,8.126676129374632,0.05977846170888054,7.987807621374133,0.12373263377353018,0.6913776377511137,0.31259555837982483,0.4514640663803225
b'2013 VN71',44.2158778,0.00317116,0.08923712,0.00012613,5.53933256,0.00011866,3.67108615,0.06036428,131.71119484,0.00252212,90320.75235454,20.11958393,40.27018033869626,0.007072248094036076,45.7977848,0.00068277,45.88972184,0.00063145,23.84586186,0.07333944,9,13,24.13416,44.0272489402,12.8809693704,1.2444072569,-0.3180258734,0.7948116116,0.3097338196,4.3010955677198817e-07,1.2408495921030327e-07,1.0689282010044674e-08,-1.2586135531957482e-08,7.098138071426791e-09,3.587388261036111e-09,3.589814345151178e-08,3.104431056033802e-09,-2.623900273611e-09,2.323939869976856e-09,1.0549462525259304e-09,3.140353553000978e-10,5.416026881101155e-11,2.7710049429186033e-10,9.588064277342569e-11,1.858564297461365e-08,4.786511803887114e-09,2.550567724252127e-10,1.5059894205084518e-09,1.5801272688535477e-10,5.535889812812103e-11,b'Classical',b'',8.02051464547898,0.14148059361532675,7.16192859147011,0.07519309613958884,6.9213491457194625,0.09379487576161638,6.934695918621012,0.1538960105712127,0.85858605400887,0.2405794457506484,0.22723267284909834
b'2013 VO46',47.8578135,0.00152188,0.29121775,2.442e-05,11.73169456,1.741e-05,313.04189877,0.00665938,117.08785566,0.00041946,63598.38398626,1.0688858,33.92076885297282,0.002160184023846427,34.86876171,0.00018008,35.30445701,0.00013142,23.27402103,0.04072291,12,20,33.93174,27.9698885967,21.4845957024,1.5818229706,-0.8102788191,0.7687797012,0.4071992605,2.047984972836135e-08,1.560943846979531e-08,1.0047504795732517e-09,-3.3075406806498457e-10,7.265040790377873e-10,3.0297439049559307e-10,1.19271411865045e-08,7.696369264935631e-10,-1.6335812804723537e-10,6.206432097360987e-10,2.369316911113273e-10,6.300168202448543e-11,1.2386102076281043e-11,5.903601139544334e-11,1.2781106571037373e-11,7.426158511821507e-10,5.926254958341281e-10,4.554967527573782e-11,5.262497812139195e-10,5.222149792532456e-11,1.1148844486538775e-11,b'Resonant 2:1',b'',8.882735229133486,0.09696916091082841,7.763959748683655,0.04347589538482995,7.416726775862154,0.0566639417833905,7.535199223552842,0.15233950982991035,1.1187754804498282,0.34723297282150195,0.22876052513081663
b'2013 VO71',44.0359653,0.00767939,0.15009665,0.00019802,15.78935559,0.00050066,148.7336022,0.29152292,26.44862998,0.0004142,103176.80754626,105.36939271,37.426314247547275,0.013962209195155617,50.08328472,0.0012467,50.155209,0.0011673,23.84037807,0.08727755,7,8,24.23219,48.4162827329,12.8601450974,2.4546333177,-0.2357058113,0.6070089307,0.5045916131,1.455421764061208e-06,3.7382431871086694e-07,6.467755166711135e-08,-3.481710149791086e-07,-5.822869119653303e-08,6.309376490289224e-09,9.637241420616892e-08,1.6782633643757766e-08,-7.903201643744217e-08,-1.2421079443696813e-08,1.964971023312443e-09,3.09896805991346e-09,-8.217326605643092e-09,-8.416678803068973e-10,5.519671391349839e-10,5.306899470033704e-07,1.2155493900899165e-07,1.3283163262846607e-08,2.8273779561227525e-08,3.3066390956307396e-09,5.674683922647989e-10,b'Classical',b'',7.576692516885894,0.16796263714681647,6.824286006036134,0.09818143011353868,6.733423855446857,0.11862600684502947,6.319190523536358,0.15265181783270432,0.752406510849759,0.09086215058927798,0.5050954824997755
b'2013 VP46',47.71044033,0.00303938,0.26730564,6.358e-05,13.43934806,5.113e-05,252.58200583,0.01134778,104.62616141,0.00050103,49217.17067192,1.79164088,34.95717035433043,0.0051635174084601445,36.50964919,0.00032271,36.98293522,0.00022936,23.58139902,0.05200276,12,21,55.78383,27.6678433674,24.4505079454,2.0977612825,-0.5794156241,0.8729649683,0.4597925526,5.831578617567852e-08,5.157681047933014e-08,4.126857625988347e-09,4.370466601980235e-09,6.369246914135031e-09,1.276429135282364e-09,4.567578036127649e-08,3.6622648627495552e-09,4.125134752567205e-09,5.8653753826293275e-09,1.1454763760246488e-09,3.135847119596714e-10,4.1118525456694666e-10,5.3866568377414e-10,1.013708221983306e-10,2.7260178908394448e-09,2.5337296424734063e-09,2.43285308511183e-10,2.469980644163409e-09,2.664161108162559e-10,4.333524452823491e-11,b'Resonant 2:1',"b'2,1,-2,0,1,0'",8.476907898900825,0.09370113601676,7.824356381369283,0.06618202017970266,7.5490744538108085,0.09661803388914413,7.103363762666591,0.16643630423425518,0.6525515175315438,0.2752819275584719,0.7209926187026935
b'2013 VP71',39.2948256,0.00260418,0.11141151,7.621e-05,5.71831586,9.613e-05,103.45474737,0.04553349,130.93663751,0.00247897,23241.70284795,13.32353722,34.91692955749571,0.0028579376759671616,42.50123778,0.00070063,42.6855703,0.0006267,23.98502976,0.094268,9,12,38.01281,40.2030120822,14.2230730022,1.8654558758,-0.2392372863,0.8300489551,0.3161413358,4.359368591301036e-07,1.5394413464173368e-07,1.9225399949005242e-08,-9.281683923607834e-09,9.391495610699987e-09,4.216090213197606e-09,5.4482986189830454e-08,6.813260354476822e-09,-2.4901544779264363e-09,3.5849500456516473e-09,1.523988892785124e-09,9.06493091889711e-10,-1.2262706273655366e-10,5.157490353142975e-10,1.8863826293421985e-10,9.844539496360897e-09,3.2150898258176017e-09,3.398014606669762e-10,1.431240912858136e-09,2.431620768229752e-10,7.784631925575473e-11,b'Resonant 3:2',"b'3,2,-6,0,1,0'",8.789149400615907,0.2553813328070601,7.625328236732381,0.10247651724297364,7.094396078118949,0.08810277136786443,6.945395832808446,0.11342052699469687,1.1638211638835245,0.5309321586134339,0.6799324039239334
b'2013 VQ25',61.56220361,0.00245129,0.42303172,2.519e-05,28.5944797,5.741e-05,215.00604283,0.00868615,153.68745975,0.00013487,54969.33837982,1.52892444,35.51943854840367,0.0029400636232452286,35.66808526,0.00015663,35.80806123,0.00012586,23.35459531,0.03580921,22,35,46.05854,31.7378801544,14.7532014457,-7.5675134316,-0.4370998553,1.1717357502,0.0417488126,1.9194415431975404e-08,8.937075044515739e-09,-4.750831627810482e-09,8.042371067032918e-11,7.070080058813059e-10,-1.1066122859828332e-10,4.175515246704056e-09,-2.2137402875448027e-09,1.8044056994551695e-10,3.9953565396393744e-10,-8.72644397423745e-11,1.1817721541483813e-09,-4.039204908439166e-11,-1.851447042629232e-10,3.185343136765028e-11,2.6259212117167755e-09,1.3055247350526448e-09,-6.569035641448973e-10,6.760940000697846e-10,-3.3010963275443174e-10,1.6802749000693014e-10,b'Detached',b'',8.480292883901837,0.05954881867726563,7.779216731029441,0.039868069890839936,7.5044828054896495,0.05240787815411529,7.2643025628981714,0.11387401397781999,0.7010761528723969,0.2747339255397922,0.5149141681312719
b'2013 VQ71',39.47184673,0.00211075,0.07225502,0.00019398,9.31770301,9.42e-06,166.74835816,0.04245709,121.33964903,0.0017518,32775.72040281,14.00781313,36.619807671307285,0.008121805042703314,39.67468203,0.00052391,40.06176664,0.00039063,23.69503143,0.08744111,9,12,23.88488,32.7424896072,22.9051250288,2.8687572966,-0.493130853,0.7847343258,0.3361411356,1.8522662256730423e-07,1.2780021268309927e-07,1.4874042206114827e-08,-7.637517703251695e-09,1.4551692493735168e-09,1.6756684906407289e-09,8.8289226105048e-08,1.0274297176118686e-08,-4.427353696360782e-09,1.589600349354069e-09,1.2123883014719502e-09,1.2535775055188036e-09,-3.477279421116387e-10,2.901479061873653e-10,1.7900950580869334e-10,2.7697461565986914e-08,1.7624261032085112e-08,1.7012417657346753e-09,1.1466661109225165e-08,1.157782158262699e-09,1.5291108161683808e-10,b'Resonant 3:2',"b'3,2,-1,0,0,0'",8.40368479765766,0.14808643018380233,7.519285621287947,0.11141913949502992,7.000662296825782,0.131680691374741,6.56427784660894,0.14648356838016588,0.8843991763697128,0.5186233244621632,0.9550077746790032
b'2013 VR46',39.46206166,0.00159116,0.15045973,6.453e-05,13.80232047,6.006e-05,225.6373815,0.00897134,87.42465729,0.00037099,41772.90140456,1.40966285,33.52461039446846,0.0036389446346145834,37.09397674,0.00026728,37.45478846,0.00020156,22.85008161,0.03851037,15,19,38.45622,30.9869165489,21.0131282283,1.0585951008,-0.4067544194,0.8415231051,0.4852594917,4.908481604416434e-08,3.3090675087124407e-08,1.3743133905432666e-09,2.379038233658555e-09,3.4896927989433668e-09,8.704468882856966e-10,2.2340546982268288e-08,9.35361069523368e-10,1.8396188588551688e-09,2.507998910640751e-09,5.91834655243282e-10,5.041676236254652e-11,1.6685073332637032e-10,1.6363652535742086e-10,2.6612073373801413e-11,2.832819206068803e-09,1.953822926848848e-09,9.8919373948184e-11,1.4254711566072116e-09,9.919997618995845e-11,2.03378174812436e-11,b'Resonant 3:2',b'',8.349103239832667,0.12578685310561338,7.104575061360711,0.11066297181445894,6.95255192040443,0.07513909410707391,6.687330715897305,0.09270065690137734,1.2445281784719584,0.1520231409562836,0.41724434546340494
b'2013 VR71',39.39504986,0.00260431,0.20470483,0.00013166,16.20132688,0.00020781,273.47152481,0.06279501,75.1236243,0.00066506,49526.62020807,8.92507113,31.330692944727478,0.005431398135568632,32.67433527,0.00052073,33.10055065,0.00038016,24.08695591,0.10072791,7,9,8.05245,26.1903202573,20.1128027248,2.2778816423,-0.5197649156,0.8582335254,0.6150856925,1.7382995451356257e-07,1.2955613107271375e-07,1.3055670301554832e-08,-6.450610090275868e-08,-3.541572663486368e-08,2.3273533608581568e-09,9.667184830876054e-08,9.739300733952213e-09,-4.754901827231226e-08,-2.5988474650803686e-08,1.7545115515404608e-09,1.0473646018310501e-09,-4.630340478510218e-09,-2.512594523897106e-09,2.1353717860161214e-10,4.843207688139216e-08,2.9720591669179752e-08,-4.030319762537067e-11,1.8482736228276904e-08,8.451158818998973e-11,8.96878913296897e-11,b'Resonant 3:2',b'',9.92160493985311,0.28548155861417496,8.984761571343695,0.14586347484400494,8.282225601368664,0.15338084384187056,8.486156941370327,0.24889176504184876,0.9368433685094144,0.7025359699750316,0.49860462997337
b'2013 VS46',100.12233275,0.0207448,0.63020324,9.269e-05,20.21239314,0.00012608,265.83509983,0.0059892,69.34080294,0.0003027,46507.76870527,0.50389614,37.02491462653011,0.01690754754813057,43.67889591,0.00034254,44.02141755,0.00026141,23.21405375,0.0592144,19,23,32.33178,36.8264010536,24.1171575659,-0.2531783104,-0.1459866008,0.9820806065,0.6444601973,8.284609034353876e-08,5.3438681853333536e-08,-1.1707363612841453e-09,7.19808370549661e-10,2.92171176140058e-09,1.4592000690710381e-09,3.451222160462997e-08,-7.462756853849335e-10,7.506758190598853e-10,2.066354366228927e-09,9.388854997940852e-10,4.104656656486064e-11,1.5794104616779645e-10,6.843129259836861e-11,-2.599048489166098e-11,5.293000027777465e-09,3.4684872235984717e-09,-3.501193840561966e-11,2.359519871917709e-09,2.032095339346031e-11,3.6127379114801814e-11,b'Detached',b'',7.2987480430105744,0.07120935121170258,6.752277948318669,0.07684433389173025,6.420664993564012,0.0760320484404849,6.226563458657848,0.11090496874254659,0.5464700946919065,0.3316129547546566,0.5257144896608172
b'2013 VS71',39.57784617,0.01409317,0.21391598,0.00039881,13.62636514,0.00010878,278.39098518,0.38664668,111.82842787,0.00154889,55391.23393589,61.28335941,31.111512321936292,0.02683829909587503,30.69423345,0.00340713,31.24142887,0.00240508,23.89416972,0.09828506,7,9,5.37234,22.2001785238,21.8906485206,1.9946073862,-0.7934923271,0.8301008849,0.4616508279,6.112766877421041e-06,5.795251602353631e-06,4.3510799301552443e-07,2.6999994147162568e-06,2.5849575002522225e-06,2.0159165657478546e-07,5.4944297590056424e-06,4.1251931035828417e-07,2.5591772083464355e-06,2.450306591164828e-06,1.9110820379945705e-07,3.106991363394656e-08,1.9200609687314203e-07,1.8385321717391603e-07,1.4393285223366507e-08,1.2112796772049913e-06,1.1570843690772749e-06,8.954157139828755e-08,1.1057261428486116e-06,8.565917387381509e-08,6.694704914632731e-09,b'Resonant 3:2',b'',9.741982765395749,0.23318369253623059,8.887460707617903,0.13414650855803856,8.626272727431738,0.13572916678753133,8.675133256419757,0.2398696285791,0.8545220577778434,0.2611879801861698,0.21232745119815177
b'2013 VT71',39.37633814,0.001944,0.28488785,8.344e-05,11.18923881,6.81e-06,330.90959176,0.01256318,128.68271772,0.00088159,65914.81813237,0.98078326,28.15849779705452,0.004517736378172851,31.05619395,0.00029564,31.54432875,0.00020957,23.56099121,0.07328386,11,18,27.86999,23.4650182861,20.9432286454,2.4122120215,-0.9701469604,0.6624498065,0.3498329358,4.878606879349346e-08,4.324284234050032e-08,4.638136710643074e-09,1.2558025807186976e-08,1.2560497095203817e-08,1.6305575500656259e-09,3.838532178559499e-08,4.113989907839157e-09,1.1170217706685747e-08,1.119146429957428e-08,1.4490966156411227e-09,4.721589403424875e-10,1.2084248989632387e-09,1.2067936247821674e-09,1.7144088422078272e-10,6.404605965072431e-09,5.70318040432684e-09,6.195290536609339e-10,5.1784605706518e-09,5.762916863610615e-10,7.950922820543249e-11,b'Resonant 3:2',b'',8.958662144001059,0.11254440070903915,8.576997098326872,0.09824270836917076,8.210192652896248,0.09383534893833945,7.868760282063436,0.1380521488647315,0.3816650456741808,0.3668044454306273,0.7082368162634373
b'2013 VU71',100.55095281,0.02194495,0.65950339,6.723e-05,13.88672355,3.609e-05,281.64642884,0.00952303,141.05158367,0.00048379,62063.73063821,1.3467054,34.237258670961666,0.01416578376800207,35.60673678,0.00061702,35.99068925,0.00045718,24.02415384,0.0787319,10,12,24.18106,29.1950217554,21.0467431348,0.1225607284,-0.95804891,0.8756609784,0.3448198061,2.492217225986562e-07,1.8097410430746224e-07,-5.906982277833843e-10,9.971106863297554e-09,2.15290015574862e-08,3.044502075357724e-09,1.31649023658925e-07,-3.9000501543074376e-10,8.019273443163945e-09,1.622588306765387e-08,2.2157231051606053e-09,4.399855249930339e-11,1.431286412915662e-10,7.670767938225519e-11,-9.699975904961599e-12,3.726849777800931e-09,3.4046638831939375e-09,1.4166042485065969e-10,3.8151416121392215e-09,2.782201876922141e-10,4.474630683587812e-11,b'Scattering',b'',9.10776461892044,0.14600728011296296,8.568118348182976,0.1161836922333364,8.249841759669996,0.14324952140985486,7.999560922025543,0.18765828956208158,0.5396462707374594,0.31827658851298274,0.5685574261574362
b'2013 VV71',40.50999537,0.00239372,0.05977427,0.0001645,16.64561412,0.00011583,58.55374506,0.08155533,103.74731046,0.00087673,88142.94497151,26.299966,38.08854008631059,0.006093830085126056,41.26476412,0.0006883,41.74223493,0.00048862,23.99266119,0.09629534,12,14,24.44043,30.9895821416,27.9635295452,0.3177904267,-0.619827563,0.6086707919,0.4043855725,2.549161488889552e-07,2.3614443917158082e-07,2.4213601093167772e-09,2.993373329692626e-08,3.785090380336092e-08,3.646692438083105e-09,2.189206184257927e-07,2.27342676563909e-09,2.8787211999979486e-08,3.6020886534481746e-08,3.380003482566795e-09,7.355381043691395e-11,6.346167140992855e-10,6.747550604978102e-10,3.721510072654571e-11,1.5873498709648825e-08,1.554768687511135e-08,4.4374014768131483e-10,1.563154652672309e-08,5.555095733647101e-10,7.210924531123572e-11,b'Classical',b'',8.342490147951333,0.16005139362532547,7.781474462860293,0.11569611556874733,7.499761337947982,0.13021816583492427,7.102917021800371,0.18845626725663803,0.5610156850910353,0.28171312491230954,0.6785574410599263
b'2013 VW71',44.14138036,0.00217586,0.01125735,4.379e-05,1.59494521,7.365e-05,311.67395661,0.40877396,63.16731736,0.0040951,60183.76115566,118.77802624,43.644465584919466,0.004041180000613936,43.72010069,0.00050557,43.65129048,0.0005016,23.6573973,0.06894725,14,22,43.98417,43.4569700064,4.0641889068,0.6397553511,-0.0887726581,0.8684062057,0.3919543906,2.5384321736861616e-07,2.160873342895652e-08,2.665492404412119e-09,-1.5705562385060117e-08,4.040757766567479e-09,2.23934965618033e-09,1.8815367532503023e-09,2.380058667898143e-10,-9.763500451108353e-10,3.7595025357163256e-10,1.963822556516945e-10,5.0193977989691674e-11,-3.5629719402413186e-12,5.8149233437566573e-11,2.2935771899376108e-11,6.231210916498452e-09,2.621427862502252e-10,-5.472047379405771e-11,1.1937354653696167e-10,4.382966205265473e-11,2.622963730176895e-11,b'Classical',b'',8.09448275136056,0.11639633065498252,7.154955642840251,0.10528529848873175,6.5821301461005834,0.08828821839144753,6.561027720475517,0.11944308341921007,0.9395271085203101,0.5728254967396665,0.5939279223647277
b'2013 VX71',44.00720529,0.00262785,0.08318266,5.926e-05,2.97408776,0.00014475,320.80458375,0.06306585,30.28004935,0.00103636,52409.84076266,15.60301753,40.34656880704113,0.00488078117496975,40.52781304,0.00050497,40.5320597,0.00048729,23.49570594,0.06363171,9,16,24.37757,39.7830430012,7.3641170247,2.4345705631,-0.1679820085,0.9075478011,0.4476930076,2.462002335990712e-07,4.447143552840838e-08,1.4574176764553528e-08,1.754665697079486e-08,9.22626656752436e-09,3.967248716185677e-09,8.091259458119733e-09,2.6496433001171823e-09,3.675767678652447e-09,1.7527486387749136e-09,7.417313747703643e-10,8.940875480696762e-10,1.2848340658669035e-09,5.856023785315354e-10,2.520704328838543e-10,8.67697096583667e-09,1.8438777063454772e-09,6.494618092131895e-10,5.431208112872511e-10,2.0734503103405337e-10,8.97039619052195e-11,b'Classical',b'',8.374112351527769,0.15907183332242872,7.590778163710366,0.13141911881509977,7.227785964660084,0.12548582641066652,6.813361346930018,0.13034885836203974,0.7833341878173987,0.36299219905028574,0.7774168167803481
b'2013 VY71',39.41061966,0.00261527,0.1542686,5.511e-05,10.61008139,0.00011294,326.80196401,0.02336658,63.7610649,0.00066615,60179.76270514,4.18998153,33.3307987277533,0.004361044458361568,33.36331945,0.0003946,33.48987916,0.0003612,23.57383685,0.07282876,10,12,27.88333,31.9271358663,10.0892598873,-0.6609360107,-0.3336887172,0.9565071206,0.575696554,1.4219099803645264e-07,4.3893286558956704e-08,-4.128592958892991e-09,-1.6884961864975543e-08,-2.4744008955471504e-10,3.1225566430281365e-09,1.3601618322418667e-08,-1.2629378336097383e-09,-4.9572373253719245e-09,-4.824987466733948e-13,9.584968453794648e-10,1.5381912865582036e-10,6.265176502992122e-10,5.135161034411503e-11,-1.0013297140232683e-10,4.960428259260766e-09,9.838071237144634e-10,-4.354201164030998e-10,3.2112721917380624e-10,-2.640205667256655e-11,8.138036055913034e-11,b'Resonant 3:2',b'',8.974554781504802,0.1211531562905762,8.339403477308567,0.10653197232134977,8.204372356444695,0.1244139256732872,7.959834698463693,0.12008314491263962,0.6351513041962314,0.13503112086387936,0.3795687788448812
b'2013 VZ31',43.53016395,0.00151285,0.11727761,5.713e-05,2.67370587,4.382e-05,138.84659708,0.02862312,74.85673086,0.00271663,16110.80073622,11.46946976,38.42505015608327,0.001884284245028985,47.85762602,0.00048653,47.74002923,0.00048472,23.21870593,0.04168671,14,24,47.32801,47.6315509606,3.0636225709,-0.979775833,0.0142644014,0.7893733178,0.3530312144,2.3602239933617307e-07,1.1929992472095379e-08,-6.4387254778240736e-09,-1.9585151182353804e-08,3.39906931672353e-09,2.4722267233966883e-09,6.355636200441893e-10,-3.1827517801856763e-10,-7.431948887373908e-10,1.8577165721125858e-10,1.2055192892788488e-10,1.9497415981540658e-10,6.433291551411266e-10,-8.486348490949946e-11,-7.317387057197547e-11,5.333653926569928e-09,-1.6165214899533093e-11,-2.720962018146614e-10,7.207384039684501e-11,3.0787907176355784e-11,3.116116723973609e-11,b'Classical',b'',7.137397988947319,0.07882233004528254,6.399813907214886,0.04856645673626129,6.216330528240496,0.05453172171542883,5.999250356008302,0.1099078199251708,0.7375840817324365,0.1834833789743851,0.4005635512065819
b'2013 VZ71',52.43307911,0.00300515,0.28154585,3.265e-05,28.12423348,0.00013312,212.17943245,0.01878109,174.43930879,0.00013538,58825.87716966,3.87337388,37.6707632028739,0.0038548234670213294,37.61707608,0.00034695,37.73138574,0.00030676,23.98751754,0.08667847,15,17,46.97956,35.3421746168,12.9434068624,-2.6563851386,-0.4307909776,1.0730684329,-0.0660624975,1.0532040236080337e-07,3.884869409435762e-08,-8.709215172531073e-09,9.194802586317614e-09,7.162406654969411e-09,-1.1838134935788283e-09,1.4382606347960927e-08,-3.2159161401461007e-09,3.768941428486225e-09,2.7858570130446077e-09,-4.696000142469093e-10,7.411637927602908e-10,-7.962371115966778e-10,-6.062043157847885e-10,9.836308340027143e-11,5.600285408489502e-09,2.487475442155188e-09,-5.221974103615606e-10,1.2190780087348309e-09,-2.4334401462407185e-10,5.7950457893215245e-11,b'Detached',b'',8.542011145487256,0.09621170480008552,7.989948491913728,0.1065505932367913,7.77759563509151,0.08441621074014184,7.721437754989202,0.16157422242747552,0.5520626535735305,0.21235285682221483,0.2685107369245238
b'2013 WA139',43.4793696,0.0020397,0.14109065,5.56e-05,2.31096048,4.903e-05,49.57860907,0.01759268,69.86899691,0.00244961,86182.25530233,5.03604655,37.34483708349401,0.003402554028675385,45.33399078,0.00046165,45.2516686,0.00045789,23.46953159,0.04751361,16,25,45.41148,45.0451284088,4.3179516958,0.0721854438,-0.2026398589,0.8108303716,0.3734168035,2.1157313755478504e-07,1.8298113284086055e-08,-6.689079509925595e-10,-5.815753077820924e-09,4.030537032077837e-09,2.0317853907483722e-09,1.6171991162927322e-09,-4.852915054515228e-11,-2.380094345481291e-10,3.73822095225981e-10,1.7730840792116275e-10,1.990594484033332e-11,1.362500169467162e-10,-1.1816075364874059e-13,-8.836781058251534e-12,3.502425674433445e-09,2.466138807446468e-10,-3.610409229224134e-11,1.1807519529689448e-10,4.081887910823282e-11,2.2685541075336982e-11,b'Classical',b'',7.723696580351307,0.11251341324043387,6.927137200365463,0.06816957930962801,6.617275604938667,0.0719276069400699,6.391689970920188,0.11075545487396021,0.7965593799858416,0.3098615954267991,0.5354472294452718
b'2013 WB139',42.91487924,0.00324938,0.02140531,9.945e-05,3.18932846,0.00012085,298.77919755,0.16061974,132.81707988,0.00288754,75373.62973255,42.61027576,41.99627310366885,0.006398506774580881,42.5912753,0.00073821,42.51506571,0.00072908,23.8847847,0.07247819,10,15,27.59653,42.2205297134,4.9948834614,0.0939286223,-0.1252669085,0.8932956888,0.3532406301,5.389069792372866e-07,5.710180611908262e-08,-2.0870100107474e-09,-1.3155141055899181e-08,1.1355455442083356e-08,5.02685441658525e-09,6.12094276775897e-09,-2.059555275449237e-10,-8.031157887803297e-10,1.2724532302712116e-09,5.315508410358847e-10,4.535356339069061e-11,2.8190150431905346e-10,-1.832406149687756e-11,-1.635938091182999e-11,9.321103160513706e-09,7.20709598194197e-10,-1.3994158042191008e-10,3.616052537708245e-10,1.040217040420604e-10,5.844204101894038e-11,b'Classical',b'',8.790941369939622,0.21176101290906985,7.5608008543221015,0.09543560447721668,7.2557294816595235,0.09447007242017208,6.87407798185585,0.11903237330519782,1.230140515617516,0.3050713726625826,0.6867228724662549
b'2013 WC139',44.99447854,0.00373131,0.09701798,7.555e-05,4.37592711,0.00010158,339.90867626,0.03447862,63.86216699,0.00199138,67052.93265887,8.26450827,40.62920500766462,0.006552746384571815,41.46172745,0.00065956,41.40776291,0.00065127,23.85626832,0.07323569,10,15,22.4045,41.1099940384,4.8912283519,-0.804428312,-0.1554390325,0.9019067683,0.4394903906,4.302563029169796e-07,4.55894459745903e-08,-1.1399201968621919e-08,-1.6722408315692048e-08,9.601315177680692e-09,5.6741625175820694e-09,4.8983053727848066e-09,-1.1961223712726422e-09,-1.4403199199503682e-09,1.046910257774202e-09,5.964814387867028e-10,3.490905187733436e-10,5.953044097142974e-10,-2.3423330410678697e-10,-1.66683763643261e-10,4.899263648411469e-09,1.8733916497666777e-10,-2.8212598633016416e-10,2.9873199258400055e-10,1.1847724020042878e-10,8.616145427395777e-11,b'Classical',b'',8.521225494352139,0.1650131495139904,7.636545304412843,0.0787618306061055,7.271084418844369,0.07450870055593163,6.973374959600326,0.14455823149136024,0.8846801899392933,0.3654608855684769,0.6631703448125209
b'2013 WG114',44.15461922,0.00142144,0.06414814,2.183e-05,1.47077043,3.173e-05,273.74889931,0.04349103,70.03179391,0.00256653,51884.80968758,11.24025432,41.3221827313766,0.002146030857634533,41.58287032,0.00029701,41.48866549,0.00029516,23.05732568,0.04108164,19,27,43.56355,41.3312382972,3.5764998609,0.4967431096,-0.0622950621,0.9162838429,0.4084828706,8.777832666817041e-08,6.2526829523514955e-09,4.251323358842749e-10,-6.632512012097954e-09,1.5710322837827144e-09,8.69723004066862e-10,4.679662640542077e-10,3.7015177232125e-11,-3.2002811192652426e-10,1.2648121141821535e-10,6.475372591505313e-11,1.2335545231228813e-11,3.497810193529692e-11,1.446230257868664e-11,4.464654490229637e-12,2.024155296808112e-09,3.642687237167723e-11,-3.7913068062752553e-11,4.557013098678796e-11,1.8408963717225148e-11,1.0772228883001528e-11,b'Classical',b'',7.890308539050151,0.09670773126139273,6.741813551523508,0.046010521882906316,6.4083413786813015,0.046438736618491384,6.199005290005962,0.06094457489186506,1.148494987526642,0.33347217284220854,0.5428082615175507
b'2013 WH123',46.25566802,0.00198206,0.12106991,6.881e-05,9.32806545,5.83e-05,181.0773326,0.01904428,130.1813034,0.00068458,41803.55413325,3.86430304,40.655498580000625,0.004544527353209846,42.96841115,0.00033829,43.0042589,0.00031915,23.41678832,0.04837477,17,25,40.17672,41.7385966848,10.0988299143,-2.2955314196,-0.1087327732,0.9366948131,0.3075744838,1.0775409586908933e-07,2.613244377542865e-08,-6.266273377784963e-09,9.78058660919981e-10,3.0337252034997513e-09,8.29114923532397e-10,6.367083524895361e-09,-1.5148248200895707e-09,5.033861162938319e-10,8.02005656887275e-10,1.8713260370281363e-10,3.7889769383424906e-10,2.733297416727629e-11,-1.5444054854761132e-10,-5.57152505864924e-11,4.461005598884521e-09,1.187708417779138e-09,-2.263088883479063e-10,3.9261667475533586e-10,-3.764681722177775e-11,2.3273112924268682e-11,b'Classical',b'',7.603295886162767,0.07605595436103736,7.049725273112026,0.0527036963817435,6.761694191576721,0.05539719922458592,6.716138036351877,0.09509848791363631,0.5535706130507438,0.28803108153530377,0.3335872367601486
b'2013 WJ123',39.49530726,0.00511577,0.22608505,0.00017791,9.18536748,0.00014634,276.8402379,0.07195835,85.142893,0.00139569,52814.56799191,10.6630763,30.56600885818971,0.010938591775203895,30.94326119,0.00082073,31.29410564,0.00063618,22.74747412,0.07829174,7,8,9.59396,26.4788559947,16.4548751377,2.7254938874,-0.5301229549,0.9792940727,0.5342516064,4.991341234210368e-07,2.923015675593697e-07,4.2519613628972e-08,1.9669757268718405e-07,1.1873936329131669e-07,1.8874605066883186e-08,1.712775605270254e-07,2.491319697813133e-08,1.1474029378526665e-07,6.936156141587054e-08,1.1034255411782544e-08,3.6841010869871044e-09,1.657224832759335e-08,1.0024596369937716e-08,1.638670421313935e-09,8.555578397823162e-08,5.0823728270825045e-08,7.809443083364309e-09,3.0310120939612355e-08,4.677501828157053e-09,7.639161700993887e-10,b'Resonant 3:2',b'',8.639019925293416,0.12082484955748155,7.768453575493739,0.1016326765210503,7.484015160039403,0.07842876828784281,7.546219931364094,0.21742212534010688,0.870566349799684,0.28443841545433013,0.22223364412964408
b'2013 WK123',55.41768672,0.07449341,0.4489656,0.00125063,15.06811834,0.00039107,187.48182817,0.17783969,170.09798291,0.00194087,50071.8203557,18.76192963,30.537051924983267,0.11034527830644018,33.43511651,0.00258823,33.99697431,0.00181948,23.01695894,0.06844946,8,12,23.55817,23.708741107,24.2282424112,2.5849810941,-0.6606716485,1.0673337815,0.191045257,3.71273354319886e-06,3.3160134261799745e-06,2.9935947288552106e-07,2.5470216203819776e-06,2.2461702779897155e-06,2.0010618983586554e-07,2.9627725824459126e-06,2.67543525762485e-07,2.271371725588167e-06,2.0037030553804852e-06,1.7854825745518092e-07,2.430318746497566e-08,2.0470392078653842e-07,1.8062405152569008e-07,1.6172811256092197e-08,1.7617894048960127e-06,1.5516502838241316e-06,1.380315357181894e-07,1.3669350283800592e-06,1.2162448037867354e-07,1.0866039151935632e-08,b'Resonant 5:2',b'',8.208353994839301,0.10590206412850937,7.6956651681755535,0.11849370689745788,7.577413830786901,0.09715814682278574,7.322138602905154,0.1193327255529965,0.5126888266637477,0.11825133738865465,0.37352656527039874
b'2013 XL40',89.57187892,0.01514102,0.59936426,7.462e-05,14.47424996,4.59e-05,274.04970078,0.01368234,108.67509915,0.00051965,54326.82389338,2.26614272,35.88569567292809,0.012744014670950493,36.0412819,0.0003629,36.52320688,0.00025707,23.13657448,0.04836337,8,12,24.11477,26.8419576877,24.7244247632,1.4685941309,-0.7184714742,0.9711230494,0.513851986,6.994295348662936e-08,6.570598926113566e-08,3.737153877741504e-09,2.1014882273107965e-08,2.167768740422842e-08,1.7566752610507662e-09,6.176498912742755e-08,3.5124799272044837e-09,1.9801541705015337e-08,2.043346834670457e-08,1.6521954902832977e-09,2.1983674026172524e-10,1.1436267077035342e-09,1.17636900820798e-09,1.0407241387171744e-10,8.293964830450707e-09,8.185327250403536e-09,5.73604164241127e-10,8.147937294100908e-09,5.835089824954047e-10,5.462919353876018e-11,b'Detached',b'',8.578159369361499,0.17640311577102794,7.5377405442560725,0.10067085416829535,7.256992553077067,0.14697505100413902,6.991760257280978,0.09879182748632508,1.0404188251054274,0.2807479911790022,0.5459802869750942
b'2013 XM40',41.8316643,0.00630784,0.10638348,0.00018834,47.03372435,3.313e-05,222.08863278,0.04392427,77.80959676,0.00031297,44717.68557174,8.43909723,37.38146614513181,0.013097057790850007,39.15802714,0.00113391,39.02630019,0.00074497,24.08605914,0.10890561,7,7,10.09753,26.8865574987,10.9678210538,-26.0743558679,0.1809042796,0.921768859,0.4454755078,6.006960388298445e-07,2.426635176001386e-07,-5.937887720539211e-07,6.027797969113646e-08,4.487210311662482e-08,-4.618004729904823e-08,9.833641287829778e-08,-2.397599321557285e-07,2.5775197189844853e-08,1.8695275989833178e-08,-2.005111097859061e-08,5.87180151961078e-07,-5.872802113818035e-08,-4.4010722767062946e-08,4.479461696192641e-08,1.4875824348653383e-08,8.055104133012249e-09,-1.3285580554364329e-08,4.7975061572366185e-09,-6.9365555695510765e-09,1.2057013512521775e-08,b'Classical',b'',8.551008934103008,0.23551896225045957,8.46288304150057,0.16900642418237374,8.402325886239025,0.29420139584685734,8.307149033756081,0.3827405875124131,0.08812589260244179,0.06055715526154599,0.1557340077444903
b'2013 XU33',40.59820137,0.00093092,0.09714152,3.754e-05,22.90295989,8.87e-05,26.92931142,0.02070019,54.94087017,0.0001225,69697.03775496,3.9738323,36.654430324572765,0.0019207436803132972,37.82886248,0.00019434,38.13082908,0.0001538,23.43484635,0.04909439,21,23,25.31388,33.052393741,19.0079983449,0.4420327068,-0.4701211921,0.6418782759,0.6831361168,2.836467714200951e-08,1.632137969401794e-08,3.4023216798926395e-10,1.3761279303067423e-09,1.713885583500631e-09,6.678903732590581e-10,9.422184826080511e-09,2.063174287260758e-10,9.47694966538806e-10,1.0773379930122684e-09,3.8894484311428574e-10,2.2875477765424222e-11,1.233361773311326e-10,8.428269328882489e-11,9.623431585571888e-12,1.6454068020894285e-09,1.0228326549165913e-09,7.794825982869107e-11,6.67372570806781e-10,6.751161203366277e-11,2.037492479682608e-11,b'Classical',b'',8.955102832934147,0.13357689046029797,7.587111333947204,0.06706653304668049,7.153432583725467,0.08690114258714834,6.9138123502783575,0.08843050142977109,1.3679914989869417,0.4336787502217366,0.6732989836688461
b'2013 YD169',42.74257305,0.00258236,0.17628796,9.073e-05,28.92076653,0.00018484,258.71135304,0.01305554,50.44942276,0.00016217,40584.44583068,2.05168154,35.2075719874451,0.005513649107401336,39.67187512,0.0003971,40.00799974,0.00030664,23.73356906,0.06206012,14,19,46.39626,33.9456705866,21.1501506053,1.001309778,-0.2366226955,0.6637694206,0.7447703639,1.1345601481586021e-07,7.07704716373166e-08,2.9297338283098383e-09,1.4984365891686527e-10,4.089517068409878e-09,2.880327447479435e-09,4.41989593839003e-08,1.8479437774664531e-09,4.976989364171153e-10,2.7968130239655454e-09,1.8031473233422832e-09,1.0919755656134068e-10,2.9385639456572576e-10,2.8212694015188003e-10,7.844086125299293e-11,5.812870220266103e-09,3.538912047161665e-09,9.35720635377516e-11,2.308746401112972e-09,1.58477355474537e-10,8.430507113675616e-11,b'Classical',b'',8.171797358572887,0.10735902921435175,7.6726229509802035,0.07775646997681863,7.343022140680029,0.0885747531902734,7.126313948803761,0.13498535840213818,0.499174407592685,0.3296008103001729,0.5463090021764415
b'2014 LQ28',43.62297155,0.00118662,0.09596518,6.116e-05,1.29640245,8.889e-05,158.37081303,0.06746571,223.51373657,0.00411823,63965.7678327,15.83080426,39.436685273375545,0.0036354389498909267,40.03283614,0.00032421,39.8234641,0.0003218,21.92112706,0.01633962,11,16,44.95248,39.6442096387,-3.6763164337,-0.8541853226,0.0552110454,0.958037647,0.3977444235,1.04484969932849e-07,-8.131117164880432e-09,-1.5577467175160744e-09,-3.426395528891735e-08,2.989177704187407e-09,6.376899739103193e-10,6.611981609270493e-10,1.2604546088817956e-10,2.469121782353837e-09,-2.373907676718439e-10,-5.135256752611758e-11,4.3068200449922736e-11,4.285277575853404e-10,-4.287626556233761e-11,-1.9483316986257433e-11,1.4780290777160363e-08,-1.0583570310523274e-09,-1.8035388251362127e-10,9.266726304406421e-11,1.7685603110714436e-11,9.637491314523635e-12,b'Classical',b'',6.626252524478732,0.04999157623565429,5.7138141472305914,0.04497406876650706,5.448944550986161,0.03492632510062653,5.409725245735791,0.08605271680762837,0.91243837724814,0.2648695962444348,0.30408890149480533
b'2014 NB66',45.65484037,0.00157559,0.07889829,3.076e-05,4.912669,7.453e-05,194.10404585,0.04428094,299.92635673,0.00105954,101116.3621152,14.51457719,42.05275131114474,0.002194075014054004,48.85086915,0.00042859,48.5146254,0.00041028,22.45167302,0.02280665,10,18,25.35348,47.4756254333,-9.9459859967,-0.9006831024,0.1264979734,0.7737549501,0.3860914076,1.7540884818116318e-07,-3.817964807009077e-08,-3.729931920751055e-09,-1.426565632474172e-08,5.675211018934761e-09,1.5562799805439368e-09,8.326090334102422e-09,8.130841775016212e-10,3.1706077581439e-09,-1.2533554135364032e-09,-3.3938677280683014e-10,9.33540619027155e-11,3.371162496112754e-10,-1.272101867231595e-10,-3.8772002380221573e-11,3.301115592963049e-09,-8.712930408756517e-10,-1.4542606915302953e-10,2.653474954926756e-10,5.3986558051160393e-11,1.719460244286337e-11,b'Classical',b'',6.262260405550039,0.05622935689166317,5.4817045618287725,0.049972523960517434,5.249761772923614,0.05257032845123805,5.071109365550852,0.0961896050711122,0.7805558437212663,0.23194278890515946,0.4105951962779177
b'2014 OB394',46.61639449,0.00083838,0.24877718,1.472e-05,20.73004056,5.118e-05,10.36767581,0.00700828,8.09911894,1.588e-05,60907.40802995,1.29196489,35.019299508758024,0.001285594125073869,35.49988721,0.00011492,35.38690222,0.00011466,21.77681679,0.01408161,12,16,22.60474,35.340698177,0.942851904,-1.5423784815,-0.0622640016,0.8438598979,0.8186544519,1.3180290886311024e-08,4.254768434863636e-10,-5.796631244465371e-10,-8.913861358525133e-10,1.7277198019550982e-10,2.86580717341971e-10,1.666913415046917e-11,-1.8047982661293848e-11,-7.513691176479565e-12,5.42312950194442e-12,8.710354430373031e-12,2.8665719910913043e-11,6.452029946109463e-11,-6.421087473708908e-12,-1.4381360793283358e-11,9.31835427348197e-10,2.9397560656109836e-11,-4.089935580029353e-11,5.199815293587466e-12,2.7558948887433578e-12,7.766440033559709e-12,b'Detached',b'',6.8049080608865555,0.040093791709681505,6.200178704020535,0.03071070360311981,6.005744341059545,0.028645604248266354,5.944240510156009,0.039967628455736884,0.6047293568660279,0.19443436296098895,0.2559381938645219
b'2014 OD394',44.36536012,0.00083832,0.09539417,2.112e-05,11.24806664,3.923e-05,82.58296933,0.02847137,130.19828261,0.00034357,11826.65202077,9.80757885,40.13316319814818,0.0010716328769348781,48.20247202,0.00024207,48.18288896,0.00022981,22.43539998,0.02271246,16,25,48.11812,46.9181447602,10.0182964186,-4.4623108156,-0.114027053,0.8196747959,0.254853132,5.558029074303641e-08,1.1703090330942568e-08,-5.55319675267135e-09,1.9466850204661152e-09,1.4047660414362317e-09,9.656847965739277e-11,2.4742307997386567e-09,-1.1677199436018406e-09,5.164025346209096e-10,3.1833247492118095e-10,9.910356983015512e-12,5.596582941468978e-10,-1.6309767811476562e-10,-1.335391186458668e-10,-1.3300215381757236e-11,2.1106371909792583e-09,4.922747946982095e-10,-1.965721086799835e-10,1.3304215082989557e-10,-4.095679889397052e-11,2.1103829791629637e-11,b'Classical',b'',6.247020142564947,0.047102672210510975,5.55628353321748,0.03509570492431255,5.270592833193303,0.035586309684746596,5.162377300124264,0.05182758571064256,0.6907366093474684,0.28569070002418007,0.3939062330932173
b'2014 OM394',43.99492936,0.00173517,0.07684791,0.00012296,2.36306206,0.0001924,170.56603305,0.11653917,43.19727742,0.00411832,15624.63352077,41.833629,40.61401105059687,0.004983017894491364,46.84638636,0.00076833,46.72168887,0.00076791,22.83320033,0.05178189,10,12,25.36028,46.7030726677,0.578295937,-1.1852376584,0.0401660392,0.8059852234,0.3773692548,5.901620404300086e-07,9.586002859214693e-09,-1.435783546299351e-08,-1.067691046566142e-07,3.2528985040486993e-09,4.997609846974511e-09,2.1316064966856953e-10,-2.3313568226984096e-10,-1.7842671318929118e-09,2.534610748340202e-11,8.16554336851859e-11,4.0680805251282355e-10,2.567274065824843e-09,-8.055625669102786e-11,-1.4616894962517606e-10,3.4983194749996904e-08,2.2990355878009323e-10,-1.0027100759208367e-09,7.646642158463566e-11,2.2028055418195533e-11,5.840572672915752e-11,b'Classical',b'',7.04633439362806,0.21301471875304853,5.970766709453537,0.16731885400736898,5.6848050108350865,0.1444505542116931,5.40840430727093,0.13803820510581988,1.075567684174523,0.28596169861845167,0.5623624021826114
b'2014 OQ394',61.96246773,0.0016635,0.43966816,1.372e-05,29.48897974,4.055e-05,157.83562354,0.00208347,186.62073683,8.39e-06,52861.07912834,0.33861031,34.719543450836376,0.0017687726838044586,35.77812494,0.00010857,35.79735711,0.0001056,22.48009168,0.01950235,20,34,87.7448,35.2738322025,5.9360405988,1.4039086632,-0.032697078,1.2460018408,-0.1303163069,1.1475623077761681e-08,1.8646599727642826e-09,4.3452855995868966e-10,-3.2740796423587153e-10,3.9723473161118773e-10,-3.993142766444372e-11,3.074112042835548e-10,7.048489151918975e-11,-3.247685244362743e-11,6.765241601787118e-11,-5.704128491355836e-12,1.8617497995145813e-11,-1.371581242180601e-11,1.4803309533237866e-11,-2.0820837455682834e-12,2.011719875771075e-10,2.2138698259507808e-11,8.474575447487157e-12,2.0349849926567678e-11,-9.861582879872479e-14,1.1596117067696103e-12,b'Detached',b'',7.637158769848204,0.05072461640433254,6.899440220929881,0.025270669005174655,6.653191733858042,0.029199879829739848,6.433070516301685,0.03730802029078116,0.7377185489183213,0.24624848707184177,0.4663697046281974
b'2014 OR394',141.06340563,0.01629308,0.76133625,2.676e-05,13.04855134,5.949e-05,14.33125229,0.00221254,1.76577088,1.813e-05,59626.50312381,0.32391692,33.666720991164205,0.0076613336741242375,34.24438868,0.00016985,34.15994754,0.00016991,22.51682842,0.0294436,14,23,45.23461,34.1516217136,0.7167634337,0.2345217317,-0.1889783035,1.1358715861,0.8415791408,2.8882591177545742e-08,6.150635335149416e-10,1.9665916327348006e-10,-1.6088709197848146e-09,8.070499300831456e-10,6.234747074970991e-10,2.037007475944489e-11,4.286595598919238e-12,-3.229382666057997e-11,1.417080880945787e-11,1.3358209468157466e-11,8.697114686236241e-12,-8.734247460001812e-12,5.665757232983162e-12,1.1463077731510721e-12,6.294156627020394e-10,5.9712534362597444e-12,-1.8066507563983634e-12,2.955760013541958e-11,2.0558143180376732e-11,1.7694218376951796e-11,b'Scattering',b'',7.800681793482989,0.09017644630935502,7.1374832255533445,0.058313901814402054,6.880632048611725,0.06697796298619171,6.778354143575244,0.07035427864461326,0.663198567929646,0.2568511769416155,0.359129081978096
b'2014 PM82',55.40643757,0.00195845,0.34429898,4.414e-05,23.67751078,6.364e-05,315.02073127,0.00927782,358.4065871,1.193e-05,47245.4337083,1.35740697,36.33005753964292,0.003524285774139261,40.07006752,0.00020971,39.93310495,0.00020919,22.70127879,0.02946472,18,31,51.86127,39.868663777,1.1871884842,1.9321240266,0.174352794,0.7552304076,0.8158313843,4.39030126666555e-08,7.435537659116306e-10,1.689838641349367e-09,-6.447446896672765e-09,8.916763115639032e-10,7.692574535793553e-10,2.8108346887318984e-11,3.8945997562320904e-11,6.438622771767587e-11,1.790905582895865e-11,1.7937620095347372e-11,8.04683139121722e-11,-7.522984486947664e-11,3.567997428263941e-11,3.594153347384918e-11,3.866028342387185e-09,-1.0826237821054246e-10,-3.066510847675048e-11,1.9721402561503275e-11,1.6274005586097515e-11,1.7227188374432407e-11,b'Resonant 5:2',"b'5,2,-2,0,1,0'",7.511039781806192,0.06215128065130568,6.618208175302419,0.03749447468818734,6.332424553622845,0.03841262229156722,6.175332874289213,0.05041093987814757,0.8928316065037728,0.28578362167957577,0.4428753010132097
b'2014 QA442',43.12596332,0.00019027,0.18259415,5.18e-06,27.41266723,4.57e-06,281.87252694,0.0029181,109.40758407,4.048e-05,62592.06347172,0.54834542,35.25141465195395,0.00035955910849752923,35.92153193,2.626e-05,35.82731096,2.135e-05,20.79433569,0.00398294,19,32,46.82103,32.0227800088,7.9744958841,-13.9479456131,-0.1975103747,1.06043441,0.3557308317,5.47561695281924e-10,1.3058779543968781e-10,-2.468482930668637e-10,-2.2470226298781362e-11,1.4561619162460654e-11,1.454327297721377e-11,3.146861310203216e-11,-5.885547110761514e-11,-2.3516777689747953e-12,4.197195288871586e-12,2.130606791852732e-12,1.1153635188692109e-10,1.0546600714876112e-11,-6.46343541192361e-12,-6.8411839903890345e-12,7.867959386886271e-11,2.0263732713866736e-11,-3.491165757820897e-11,6.1246837901733196e-12,-8.822146456121405e-12,1.5699507069323504e-11,b'Classical',b'',5.6394909357554095,0.012172567131918383,5.1993553543442435,0.01237265607040568,5.12631800032567,0.01423099790733228,5.105079383162144,0.016710531554938405,0.4401355814111701,0.0730373540185711,0.09427597118210022
b'2014 QB442',66.32788095,0.00406715,0.44773659,4.649e-05,7.29145449,4.334e-05,269.32575207,0.00645736,75.29308023,0.0004507,49546.8847622,0.98298279,36.630461552339234,0.0053010848702847325,39.23271923,0.00016524,39.47164924,0.00013812,22.33922545,0.02199929,16,23,55.37613,35.6753756592,16.625619383,2.9778256527,-0.2514170165,1.0343542662,0.5233307299,2.2287042820526487e-08,1.0452024314795198e-08,1.8305409131282588e-09,3.893471585708203e-09,2.3237848584389854e-09,5.511445744315012e-10,4.909625111802897e-09,8.591664101438251e-10,1.875444152171831e-09,1.1133327412054449e-09,2.613480265304514e-10,1.5633882845316252e-10,3.428380221429255e-10,2.0045075444803062e-10,4.9194606166103777e-11,2.6644594253056014e-09,1.2274622261995909e-09,2.0979127576837293e-10,5.847764104994147e-10,1.0450212650107533e-10,2.2274051040827842e-11,b'Detached',b'',7.442896970260959,0.056108910499419705,6.303752801871431,0.03199437563292353,5.906291359560354,0.03723375831117148,5.710894426654585,0.059004597865532686,1.1391441683895305,0.39746144231107505,0.5928583752168474
b'2014 QC442',69.08486965,0.01315739,0.50066124,0.00014191,18.98994016,0.00012111,45.02930761,0.00849441,46.67367919,0.00015772,70771.45436418,0.53307341,34.49675316613631,0.01625846119020285,43.25201776,0.00053016,43.49751149,0.00043964,22.47223847,0.03494241,11,14,26.41215,39.0668155392,18.988621762,2.2912164729,-0.748870241,0.5377346179,0.628818027,2.2697969152471028e-07,1.1011382884917478e-07,1.2823861413734026e-08,2.444765287623837e-08,1.6347137692092517e-08,4.658149077481975e-09,5.344158104802295e-08,6.230234270097794e-09,1.224862596345252e-08,8.107121045051934e-09,2.2724246183816697e-09,7.397327579914872e-10,1.66479514245123e-09,1.0517586242577924e-09,2.7329818769645836e-10,1.519033722309102e-08,7.43410905553773e-09,9.079372844739615e-10,3.747327201563531e-09,5.191387745518126e-10,1.1448211405775669e-10,b'Resonant 7:2',"b'7,2,-5,0,1,0'",7.0387242198454505,0.087216843093838,6.067661927982437,0.06167850262275489,5.603437625964711,0.06167879681423231,5.386995316046397,0.08271106468188641,0.9710622918630145,0.46422430201772646,0.680666611936041
b'2014 QE442',41.26770107,0.00162901,0.04169891,0.00015116,26.35078029,0.00014769,256.33847244,0.09215758,77.78261089,0.00028877,41490.45466182,20.47272231,39.54688309415086,0.007515003987925449,39.96853804,0.00040405,40.43974907,0.00028614,23.19682848,0.07019818,11,15,24.44069,29.4361075246,27.7215401223,-0.6364682577,-0.5033090977,0.6018799081,0.6176836996,8.602646658620841e-08,8.149950122104604e-08,-2.222067462658192e-09,2.300934634484935e-08,2.3137169453845178e-08,3.687158321948102e-10,7.724468819817214e-08,-2.103022461516102e-09,2.195377769250696e-08,2.20722850684066e-08,3.418921547367544e-10,7.538039806527366e-11,-4.791405628330943e-10,-4.925584237802075e-10,-9.441734019434123e-12,1.341293541502608e-08,1.2811314972577564e-08,-2.470828032631807e-10,1.2286215509926272e-08,-2.166285245776059e-10,2.922151948048968e-11,b'Resonant 26:17',b'',7.564290549792693,0.14194378530091525,7.080299860910431,0.0809428762834987,6.749571727858809,0.12003665983659564,6.528274523378469,0.10440306214625207,0.4839906888822639,0.33072813305162213,0.5520253375319621
b'2014 QF442',45.90207661,0.00186744,0.20698466,2.849e-05,30.50668068,6.1e-06,246.45921938,0.01493938,52.91618622,0.00018534,52802.97115081,2.93290173,36.401051108290716,0.0026742666976756133,37.51151261,0.00029895,36.87936952,0.00019513,23.31980493,0.03560623,19,29,62.25921,24.9107440652,-10.6543323186,-25.0205501409,0.7469516508,0.799260575,0.2929289025,3.901717524294313e-08,-1.7349682807643534e-08,-4.07836605888741e-08,-9.84349449821648e-10,1.9989372403095643e-09,2.6132690299274195e-09,7.727638867681859e-09,1.8144102831385178e-08,5.214117118416205e-10,-9.233459612970326e-10,-1.2467608235742285e-09,4.2647976421955966e-08,1.1139507233008264e-09,-2.1245210237752e-09,-2.8179540719645423e-09,1.1422593828696238e-09,-5.065078802252185e-10,-1.1919838357639192e-09,2.9197095572070793e-10,5.947101512710156e-10,1.3156613159429863e-09,b'Classical',b'',8.0994725608089,0.06023611788945828,7.605034793910237,0.044067435529625436,7.362503794889259,0.05270480032132966,7.354242317145763,0.11429513359030123,0.4944377668986665,0.24253099902097638,0.2507924767644715
b'2014 QF562',42.26807717,0.00275405,0.15551149,6.189e-05,18.52754497,0.00017645,203.81605194,0.05093131,183.9521034,0.0004438,54206.41649352,10.13289508,35.694905648460015,0.004823980589660231,35.37484027,0.00045942,35.87654212,0.00032389,23.52569634,0.08479774,7,10,9.30781,26.0910261008,24.4769789619,2.6948343703,-0.7420378807,0.8453293127,0.0569389165,1.1154414032979804e-07,1.0483947945891427e-07,1.057431728300094e-08,1.1846514647777846e-08,1.6595051306462857e-08,1.4779219642454975e-09,9.861435215037154e-08,9.942746954878732e-09,1.1627795153853667e-08,1.604912788230542e-08,1.4343438471147721e-09,1.0291969080524638e-09,1.1530372660356069e-09,1.6004713493681407e-09,1.5150916254228823e-10,1.0582483073333565e-08,9.956857072077564e-09,9.95158466756353e-10,9.70428006684049e-09,9.58053259269697e-10,1.1370817239894486e-10,b'Resonant 5:3',b'',9.071955921611222,0.26864013312383933,7.927420836904728,0.10614848708410674,7.5404987938024615,0.119572107122621,7.3575999236575935,0.1288525224981034,1.1445350847064923,0.38692204310226963,0.5698209132471379
b'2014 QG442',53.69010873,0.10669038,0.36471419,0.00230027,30.45503527,0.00017909,241.98810911,0.21152107,95.89783001,0.00058617,45864.15126097,16.70279284,34.10856395652372,0.19127831541434226,38.95022687,0.00295044,39.41456701,0.00203867,22.66765955,0.03947795,10,18,31.99785,26.427268962,28.6177187129,-6.0111332864,-0.3967104542,0.8877890823,0.5692479335,4.056455176123378e-06,4.231504162581957e-06,-9.77218161705758e-07,3.3404515128991135e-06,3.488246240243825e-06,-8.061071158052378e-07,4.414191785580407e-06,-1.0193982051964044e-06,3.4847999089358174e-06,3.639050499155278e-06,-8.409523155143012e-07,2.3545858969497807e-07,-8.046583675859981e-07,-8.40266806541542e-07,1.9420995060548837e-07,2.7940372764642253e-06,2.918246923549969e-06,-6.7498097188431e-07,3.048049814315115e-06,-7.050051014804725e-07,1.6310551289185622e-07,b'Detached',b'',7.130065457180612,0.0721543916524951,6.670731072496496,0.06462628359067342,6.50946401429019,0.07459593327266091,6.4549411644210135,0.10901774802235054,0.45933438468411847,0.16126705820630605,0.21578990807548099
b'2014 QG562',47.60629345,0.00292726,0.15643562,7.648e-05,15.64723537,0.00010316,198.51308673,0.0239747,155.05267081,0.0006415,47438.53267394,5.22341241,40.158973343613766,0.00590989411230686,41.13030746,0.00041008,41.50724948,0.000305,23.89310651,0.06952881,10,18,44.56239,33.8088472842,24.0793049415,-0.0260499664,-0.5107923454,0.8791311568,0.2014743716,1.1139456001923006e-07,7.950538316043067e-08,-7.357841075758664e-10,6.188957005835856e-09,8.944803772207756e-09,5.927072166805331e-10,5.681230790563696e-08,-5.215040817111939e-10,4.754001695157714e-09,6.626041723533395e-09,4.214750452569475e-10,3.213059497029358e-11,5.723578517074951e-12,-2.5223739738873678e-11,-6.5786941699902425e-12,4.532179000092232e-09,3.5330590642036832e-09,1.2605437206719571e-11,2.9385917745001704e-09,3.284452017068224e-11,1.60785381433243e-11,b'Resonant 2:1',b'',8.24229406576878,0.10838359161696706,7.672287359199705,0.08014280976227195,7.402535565432904,0.09877029151296664,7.257758416438632,0.1663053569084447,0.5700067065690723,0.26975179376680253,0.41452894276107444
b'2014 QH562',37.99238023,0.00294575,0.07180258,6.43e-05,31.45762722,2.484e-05,306.50892197,0.04165761,44.08857603,0.00025303,63307.7687737,8.38938881,35.2644291773757,0.005079021259251237,36.16438948,0.00062068,35.55709881,0.00040993,23.61212308,0.05522789,10,16,29.1584,24.3773309264,-9.4065276394,-24.1157676782,0.6617496311,0.7492013528,0.4286909127,1.728814693728591e-07,-6.972176019539173e-08,-1.785255834840923e-07,-1.2161843714502563e-09,7.462495363146844e-09,9.038494054047386e-09,2.814035158939596e-08,7.201099547579829e-08,5.939706504419053e-10,-3.0499638327853595e-09,-3.747707633280105e-09,1.8439014671329642e-07,1.3707318543253194e-09,-7.748212535036458e-09,-9.453163319716023e-09,1.6884918611981238e-09,-6.394637204338892e-10,-1.6964324660821864e-09,5.339111466092887e-10,9.628984060302546e-10,2.0714267295682848e-09,b'Classical',b'',8.763070060283779,0.134586957143014,8.053020960000966,0.11484285694683423,7.757243468245067,0.12796484380122403,7.384080105885692,0.15487369546972565,0.7100491002828124,0.2957774917558991,0.6689408541152754
b'2014 QH563',36.91462801,0.00107003,0.13401109,2.569e-05,13.16583753,3.788e-05,262.06637745,0.01776275,91.46575112,0.00047513,53284.60873989,2.96979498,31.967658480415885,0.0017701864297354538,32.10663755,0.00019821,32.28913231,0.00017303,23.34658433,0.05683954,9,13,28.69249,30.0252733098,11.5663150493,-2.7002563472,-0.2864236348,1.0189256328,0.5073471536,3.3848684882276327e-08,1.3238772385343654e-08,-3.183098704092624e-09,-3.265919529085255e-09,-1.7325665257779735e-10,7.634412256445996e-10,5.207151980494243e-09,-1.2447263951481235e-09,-1.2123768516385277e-09,-4.656962833334943e-11,2.951719428910797e-10,3.2325822289503966e-10,3.332334347528898e-10,2.911335530301298e-11,-8.212783078026928e-11,1.821572611758111e-09,7.366099112034392e-10,-1.6098855180969035e-10,3.511532043714231e-10,-4.58057590621025e-11,2.7697448387668898e-11,b'Scattering',b'',9.276291829056015,0.17567454231261626,8.270875200624333,0.08812266988858564,8.0422738647512,0.07644413334563543,7.737399320509349,0.12311830005582826,1.0054166284316808,0.2286013358731344,0.5334758801149847
b'2014 QJ562',37.95763078,0.00507961,0.04783543,0.00098416,26.70875593,7.883e-05,212.88909905,0.45588137,34.6889815,0.00098978,42296.47460926,82.59118861,36.141911171251415,0.04196554872943606,37.90402199,0.00109301,37.22363641,0.00068107,23.54238963,0.08027029,12,13,28.26907,24.6821350964,-14.1545696352,-24.0008223476,0.7614199619,0.6176809925,0.3481407974,5.234002500660904e-07,-2.995896669153664e-07,-5.127324889022381e-07,4.7600173788766996e-07,-2.766611810200551e-07,-4.7108672065527854e-07,1.7168210106544122e-07,2.9362988272432494e-07,-2.6979832092460337e-07,1.5676205365371212e-07,2.6691289402437026e-07,5.025176796259108e-07,-4.637139591268487e-07,2.694359617415879e-07,4.5889683033639585e-07,4.962068340491643e-07,-2.910989609524365e-07,-4.940884498878962e-07,1.7093380524340674e-07,2.899941697075066e-07,4.921940066027664e-07,b'Classical',b'',8.576577638401771,0.13897093659561333,7.732220576549269,0.16629371684038902,7.218574034323909,0.1503504803803464,6.8551349128942665,0.13353832924950423,0.8443570618525024,0.5136465422253603,0.8770856636550041
b'2014 QK562',46.10672745,0.00478601,0.18666281,0.00011938,39.98735807,0.0002769,204.37533969,0.08441936,97.13465554,0.00047196,52166.71227257,17.48816274,37.50031633810761,0.008624798372162684,38.70622711,0.00078632,38.02609447,0.00049855,24.22653994,0.08525581,8,9,18.07992,24.8027020407,-13.1249335773,-25.6621501603,0.499092875,0.9782926263,-0.1248465892,2.518958056005965e-07,-1.3827499759149362e-07,-2.704563404985258e-07,-8.963641139362061e-09,1.6446933175381914e-08,1.31660126115262e-08,7.6072219776268e-08,1.4853035287114422e-07,6.5093517599554034e-09,-9.867202911167908e-09,-8.912355185113761e-09,2.905358816366902e-07,1.0203529909236557e-08,-1.796243390805147e-08,-1.4673873940233938e-08,3.024613951575076e-08,-1.7316720982370292e-08,-3.258949058668735e-08,1.0488171851722242e-08,1.88437646248671e-08,3.526424828659669e-08,b'Classical',b'',8.987674837821418,0.17038194541772214,8.296741911073285,0.10103503731347406,8.244031839774022,0.1488673048064867,7.834103362334266,0.2606159245551774,0.6909329267481314,0.052710071299261835,0.4626385487390172
b'2014 QL441',48.72697492,0.00095125,0.2605699,1.548e-05,26.28062247,2.94e-05,290.40148774,0.00575065,75.81345283,6.549e-05,52868.1143172,1.07686871,36.03019182982743,0.0014132647005241042,36.22721098,0.00012828,36.62645096,9.355e-05,22.22257937,0.02054,17,23,37.47591,29.3296943439,21.6609372855,-3.4741525123,-0.4075196143,0.825138812,0.7073645175,1.0454216625720447e-08,7.817419605108386e-09,-1.332829436786671e-09,-4.192912287006432e-10,-2.3885778629887513e-11,2.6183926299347224e-10,5.850282278551087e-09,-9.953863311183637e-10,-2.854595911342434e-10,3.5894100343110747e-12,1.9298548394106692e-10,1.7274823135573677e-10,7.338452337927749e-11,1.8671269018874686e-11,-3.5814504397616214e-11,4.315263566809568e-10,3.2592451792255266e-10,-5.2197547710517305e-11,2.555808267960555e-10,-3.329028186495013e-11,1.1335014627217004e-11,b'Detached',b'',7.334752604917982,0.05776739952357306,6.536887336469404,0.04119225161980583,6.226743302424813,0.03737013677393044,5.997246584604445,0.07529509274770665,0.7978652684485796,0.31014403404459334,0.5396407518649593
b'2014 QL562',44.92144045,0.00427297,0.15395284,0.00016528,16.94235756,0.00028712,272.89859345,0.01737107,172.40002922,0.00017745,77877.22559231,4.31669165,38.00565701499758,0.0104977180937532,43.34323045,0.00071974,43.20888433,0.00071856,23.51906948,0.06762405,10,13,26.97292,43.1670937969,1.1015794944,-1.5479730861,-0.1657226779,0.9531519599,0.1173477484,5.173226282283257e-07,1.174212922835001e-08,-1.9425816217972953e-08,-5.739376401683452e-08,7.989101593131895e-09,3.2787563132237994e-09,3.4232623227054016e-10,-4.4107403790227277e-10,-1.1716047612169707e-09,1.6119404996040107e-10,7.064515310789497e-11,8.042983807716183e-10,2.139526705244208e-09,-3.0115805026084957e-10,-1.5285317218798203e-10,2.3988417317794258e-08,4.683610119565471e-10,-8.767710835250991e-10,2.518932399383878e-10,1.0897068669731197e-11,5.988376695516556e-11,b'Classical',b'',7.6135177953570885,0.1412352785249865,7.100187933950638,0.08524730259205464,6.880287358162347,0.11185961579542517,6.844532067671844,0.1270196477944167,0.5133298614064522,0.21990057578828823,0.2556558662787916
b'2014 QM562',43.50212996,0.00230486,0.15195365,4.059e-05,5.17216154,0.00023991,319.98086499,0.04033083,25.60847359,0.00106169,53896.44942914,8.425569,36.891822485366106,0.0035022236644985166,37.20155819,0.00041722,37.09178752,0.00041644,24.05437153,0.1039734,10,12,25.21661,37.0424740228,1.7855232978,-0.6839053709,0.0041200173,0.975465123,0.520793286,1.7388077278576617e-07,6.672115697138891e-09,-4.1235996430753535e-09,-2.2187052613270385e-08,2.981432809789287e-09,2.561870496715019e-09,3.0960274141062145e-10,-1.581938437208123e-10,-7.961663906202456e-10,9.21954101997879e-11,9.856762672116287e-11,1.5128231244192647e-10,5.637264466033279e-10,-6.721838326696584e-11,-8.78473427928494e-11,1.084281646448917e-08,3.319063433164573e-10,-3.0990559975338056e-10,1.3913223158127268e-10,4.536315493005274e-11,6.245421006891185e-11,b'Classical',b'',9.69469094549749,0.46588847070424383,8.195517238663284,0.1082980428333759,7.597152648660982,0.09074228140922495,7.595049043108366,0.1474674972356681,1.4991737068342008,0.5983645900023044,0.6004681955549188
b'2014 QN441',46.1634034,0.0008258,0.28224125,1.066e-05,20.69128858,1.031e-05,243.08764646,0.0034261,144.61140282,7.916e-05,56240.77590157,0.58034743,33.134186707953965,0.0010824573934809468,32.78175976,0.00010199,33.18427559,7.373e-05,21.93307676,0.02017387,12,18,37.60102,26.2132559443,20.0811858749,-3.28745089,-0.6887264837,0.9933743418,0.254964667,6.457735537892176e-09,4.973654178066252e-09,-8.749858524878011e-10,-3.717541008789077e-10,3.373090699911213e-11,8.19853358602019e-11,3.837876944057555e-09,-6.734245178975171e-10,-2.5928650613146565e-10,4.8155797836542606e-11,5.957751680906778e-11,1.2010301236521046e-10,5.322083606321857e-11,-2.2524261230483567e-12,-1.1578393419233132e-11,1.6774492013350222e-10,1.1823721116765764e-10,-2.3900659429822904e-11,9.950262422675217e-11,-1.534587760470688e-11,3.954681177172349e-12,b'Detached',b'',7.615370854840586,0.0722011888653743,6.714707291249061,0.05912679622033957,6.349685077824459,0.0568101451940826,6.102384337740526,0.03818454249812029,0.9006635635915299,0.36502221342459945,0.612322953508532
b'2014 QO441',30.10156916,0.000825,0.10538241,1.726e-05,18.83131852,3.037e-05,115.00268637,0.04862058,107.00258451,0.00031372,29241.26295411,9.32831319,26.929393257030597,0.0006325134774131545,32.83880823,0.00029016,33.21777789,0.00021085,23.38231679,0.07732132,12,18,50.58182,26.43671985,19.9403923427,-2.6270448184,-0.5216191405,0.7820333559,0.4279775727,5.235230679483446e-08,4.046635662075345e-08,-5.3065261491284795e-09,9.515618937044849e-09,8.741664159950104e-09,-3.796362064835037e-10,3.134311912181242e-08,-4.083642084898341e-09,7.831551927257816e-09,7.1095300610952585e-09,-3.457450427043903e-10,5.555381359272147e-10,-7.784036266311757e-10,-7.473505426593795e-10,1.631910661336204e-11,6.408842829271073e-09,5.072230828204482e-09,-5.844640934965662e-10,4.0577952830768665e-09,-4.473861317966754e-10,6.288935519379842e-11,b'Resonant 1:1',b'',8.520294396967044,0.10409794228699558,8.007620891662969,0.09492689676187346,7.950398258228622,0.1072929783900439,7.624736207071928,0.11329361467072958,0.5126735053040726,0.05722263343434919,0.3828846845910451
b'2014 QP562',76.57007522,0.00731393,0.52385585,5.005e-05,24.30782041,9.78e-06,247.7687828,0.01360858,86.05262286,0.00029731,53041.96125546,2.28149712,36.45839365119406,0.007161761035020547,37.6935993,0.00043098,37.53520927,0.00036235,23.44497514,0.05974118,12,16,30.39436,34.1776149768,4.789140346,-14.7596308979,0.2202461638,1.1619040813,0.4376029478,1.5264272758298383e-07,2.1162243134371847e-08,-6.804289698302019e-08,-1.8990603502379007e-08,1.1727122159355946e-09,1.0281602994655811e-08,2.9671757895613847e-09,-9.424412184995092e-09,-2.251830838378231e-09,2.2158195292472202e-10,1.2595886882307975e-09,3.0350961146999334e-08,8.646517994994948e-09,-4.937528172138373e-10,-4.66467128741261e-09,9.4564232008261e-09,9.897758483616838e-10,-4.366883652345184e-09,1.9684829320474976e-10,-4.1571090669254756e-10,2.0436033271844356e-09,b'Detached',b'',8.330727058191671,0.09962924178669036,7.663503287704936,0.1065324168969738,7.493936467252949,0.12009290420668539,7.131573583494221,0.15432139597141808,0.6672237704867351,0.16956682045199173,0.5319297042107175
b'2014 QQ562',65.13444035,0.0044176,0.48263656,3.108e-05,25.70300445,3.442e-05,292.8962621,0.00611951,66.82833609,0.00019102,57825.47415495,0.99571834,33.69817829032982,0.004309593881104831,33.86669469,0.00025459,33.7101983,0.00021488,23.35499165,0.05121154,13,23,51.49814,30.7877649941,4.9917245843,-12.7895927089,0.0911061151,1.1100951681,0.7055279185,5.361361123324877e-08,8.499890835993055e-09,-2.301555738039493e-08,1.2665923424634156e-09,1.8187572451838172e-09,7.549560195204884e-10,1.3628828406192526e-09,-3.646035477217474e-09,2.8922539957749545e-10,3.0304994763264904e-10,8.480744316306074e-11,9.895528992039305e-09,-4.76656785606067e-10,-7.674510925451622e-10,-3.5403654399650575e-10,1.7449114488652602e-09,3.810144365499836e-10,-6.606111615095349e-10,1.3231205630020727e-10,-1.083690715299934e-10,2.835481948993608e-10,b'Detached',b'',8.78079257289331,0.09466845442808967,8.009136309412652,0.0825418221293456,7.804946919553666,0.09814137588274674,7.619134869799895,0.13279695451127288,0.7716562634806584,0.20418938985898305,0.3900014396127573
b'2014 QR441',67.90998149,0.00271477,0.37236608,2.129e-05,42.22740275,4.74e-06,282.66637897,0.00882479,77.93318251,0.00012222,60324.47228707,2.09618823,42.62260766460311,0.0031140378130112083,43.15490766,0.00024905,42.88286072,0.00017347,23.30920753,0.03641052,23,28,61.53856,31.1333059457,5.7261800925,-28.9286685801,0.1802213864,0.9961424585,0.4865697165,3.216191091266766e-08,5.797865531322252e-09,-3.0442606457911355e-08,2.83620994502697e-09,1.5212400236055327e-09,-2.0341004927670976e-09,1.0636228762253167e-09,-5.483954624323479e-09,6.043765380096747e-10,2.898077020541783e-10,-4.536625381963921e-10,2.88348116757966e-08,-2.6326965970831543e-09,-1.43042800781031e-09,1.8738285880809472e-09,1.1712392782443483e-09,3.0224643267789925e-10,-1.0402056585544e-09,1.0524587717916351e-10,-2.536812994405376e-10,9.378558454196162e-10,b'Detached',b'',7.44260808616473,0.097748878909729,6.9627539660754305,0.05298551613257508,6.595840382201379,0.06551936200249804,6.4540660286493345,0.12207844942752966,0.47985412008929906,0.3669135838740538,0.5086879374260947
b'2014 QR562',93.87064835,0.00824714,0.57474604,3.672e-05,28.28158604,6.908e-05,219.49626329,0.00980634,148.23699092,0.00016618,55503.74168365,1.97001821,39.91886511490044,0.006935260464180588,40.02918656,0.00030432,40.10797799,0.00025402,23.40211522,0.04141939,11,25,29.98587,36.4711968658,13.6037211147,-9.6664610662,-0.3475319564,1.1937193612,0.0657200206,7.611918175524403e-08,2.8809238878851366e-08,-2.066326536570459e-08,-1.0127056147417132e-09,1.744537628285641e-09,-1.3088828935291568e-11,1.09334190022796e-08,-7.824122791577813e-09,-8.04732389965032e-11,7.807745606239149e-10,-8.782300435035177e-11,5.620645275018067e-09,2.3159493453768248e-10,-4.909917501560012e-10,1.3506099432807026e-11,5.070299496714055e-09,2.020853470260613e-09,-1.385174863187899e-09,8.709686456135339e-10,-5.607113287023618e-10,3.8393660029469304e-10,b'Resonant 11:2',b'',7.937090148169849,0.07059046450721757,7.314988004634801,0.04805835044153176,7.185456864965266,0.061855669520849234,7.13397425997791,0.14586102831754838,0.6221021435350459,0.12953113966953536,0.18101374465689654
b'2014 QS441',47.00611637,0.0004791,0.08340891,5.647e-05,37.88510655,6.461e-05,267.62090968,0.02705169,185.92692342,5.685e-05,74036.91956943,6.44994859,43.08538757824855,0.0028864197752625025,44.44445345,0.00011281,44.74926888,8.49e-05,22.00164451,0.01712653,18,26,47.63524,37.2671164873,24.4797382607,-3.7949319676,-0.5826106813,0.7320038929,-0.2247467122,8.695230722056602e-09,5.840104102768055e-09,-9.777093594849928e-10,2.333343325098048e-09,1.7728799510890225e-09,-3.402201585473918e-10,3.930285811653804e-09,-6.585437835189136e-10,1.6654807670359606e-09,1.2557677882486971e-09,-2.3930119315379485e-10,1.1278077456958595e-10,-2.985945994054416e-10,-2.2328216375895472e-10,4.238634878327139e-11,2.685004486521097e-09,1.832451417462555e-09,-3.160607685252864e-10,1.2572573556388458e-09,-2.1755718384936007e-10,3.909794547217449e-11,b'Classical',b'',5.841849984440794,0.04067155235231367,5.515457701919972,0.04537629549072384,5.409564494800781,0.04079483828950072,5.35155436779033,0.04566509434447991,0.3263922825208237,0.10589320711918926,0.16390333412964397
b'2014 QS510',69.45972496,0.00729272,0.52689412,5.612e-05,13.50331553,1.511e-05,300.4954477,0.00699245,131.64574348,0.0005747,63374.43876309,0.88693811,32.86180411894356,0.0072847403113461785,34.87853401,0.00030101,35.30028921,0.00022031,23.50096693,0.06051013,13,23,44.06654,28.1016565642,21.3610962092,0.3329949036,-0.9545874119,0.7860544183,0.376047787,5.734019263329174e-08,4.367985863979273e-08,2.5719221960920393e-10,-2.103000234579631e-09,1.3409846801039049e-09,7.015280287719418e-10,3.3308606107389475e-08,1.9952183576700447e-10,-1.3949149660823402e-09,1.1785798602946598e-09,5.36227183936969e-10,1.4713052449818963e-11,4.010361324612706e-11,4.4490385958736214e-11,8.649275018893491e-13,2.9382088652823123e-09,2.1659562961018116e-09,-2.1955009816642802e-12,1.7600764944958415e-09,3.466177642449401e-11,1.747221677731676e-11,b'Resonant 7:2',"b'7,2,-4,0,1,0'",8.603639902376147,0.1602698224000093,7.997355464492193,0.12414217105792984,7.641245274258361,0.10522484726871834,7.672452692037913,0.16724157082825536,0.6062844378839545,0.35611019023383256,0.3249027724542796
b'2014 QS562',128.05248829,0.06024233,0.68487772,0.00019096,24.93766274,0.00011199,337.80356299,0.02539093,77.25987061,0.00043546,65475.6363126,3.98005907,40.35219251148524,0.04339645862692036,43.9958417,0.00051552,44.15477512,0.00040744,23.59846113,0.06790167,10,11,17.55235,38.7246257274,19.0430091023,-9.3494028055,-0.5735583552,0.7821829896,0.7355508376,2.027768601746955e-07,1.0168572617348541e-07,-4.927691944455528e-08,5.6246423223650525e-08,3.30324122034659e-08,-1.0579474583440113e-08,5.1074443704309626e-08,-2.470096316915887e-08,2.927381369519982e-08,1.7089658079353573e-08,-5.551647773558799e-09,1.2030178672847355e-08,-1.3083032960009681e-08,-7.723662918342436e-09,2.413378946766503e-09,5.656627561516013e-08,3.023050827444532e-08,-1.2479105365418751e-08,1.6239876881651596e-08,-6.634515415725511e-09,2.7960682023851253e-09,b'Detached',b'',8.714674378450484,0.3376289258315421,7.121059625325577,0.10122781430729155,6.85785013476003,0.1200772741138535,6.888418641383661,0.1764937252584135,1.5936147531249059,0.263209490565544,0.23264098394191557
b'2014 QT495',57.12785846,0.00266636,0.47386398,2.235e-05,44.67437564,7.31e-06,258.71080173,0.00436682,103.79077467,0.00012085,56216.02806844,0.59233289,30.05702410036023,0.002674500201127113,30.15985805,0.00015573,30.16352928,9.745e-05,23.57903216,0.04899779,15,25,39.27146,21.1566593696,11.8032034024,-17.9699374679,-0.2372793885,1.2899752556,0.4568881642,1.1624122836572755e-08,6.395070051436712e-09,-1.0289380216334077e-08,-5.528736785442182e-10,3.93196593749783e-10,5.943016039030804e-10,3.5293291599187897e-09,-5.6637325588866696e-09,-2.6894223056306056e-10,2.36888894982544e-10,2.973214714292037e-10,9.119927403289909e-09,4.925775553914109e-10,-3.452906651650879e-10,-5.32183219868091e-10,5.549275641518469e-10,3.2227823541024285e-10,-4.836150327234405e-10,2.3867667676899163e-10,-2.7568958518519754e-10,4.2945500235771563e-10,b'Detached',b'',9.478187794462906,0.09687662517613471,8.713218235404321,0.07609351255024265,8.380749682986378,0.05719598767672356,8.132504942511515,0.13341152173643916,0.764969559058586,0.3324685524179426,0.580713292892808
b'2014 QT510',39.50477588,0.00430005,0.22348349,6.114e-05,28.73183632,5.751e-05,250.69334788,0.01472417,1.24679565,0.00021443,49747.40571421,2.08181073,30.67611064591733,0.005638516146418076,33.3974739,0.00068475,32.57477688,0.00041792,23.35111045,0.04485585,17,25,50.36733,15.7281485748,-17.3672619915,-22.6300605794,1.1165106541,0.2692124327,0.327593704,9.9134324217701e-08,-1.1642821810397472e-07,-1.521151427736054e-07,6.39822596538928e-09,2.2124181964873725e-09,3.589381894717224e-09,1.3676501259469231e-07,1.7867647983139857e-07,-7.453319168034295e-09,-2.669341030359682e-09,-4.304914643608125e-09,2.334513304771847e-07,-9.73414135413139e-09,-3.488775074678722e-09,-5.631709241524045e-09,8.885016173824759e-10,-3.6288733644506974e-10,-4.2411307890698253e-10,5.943011671700647e-10,7.827325992277293e-10,1.044303041433771e-09,b'Resonant 3:2',b'',8.594400345873678,0.06064064285941716,8.008728406253786,0.04846190364148238,7.745188306530663,0.061385528226845634,7.722207711825325,0.1342490232969878,0.5856719396198944,0.2635400997231208,0.2865206944284565
b'2014 QT562',40.59286823,0.00122304,0.05729987,8.724e-05,22.30411765,4.875e-05,305.07836223,0.07685871,128.72372603,0.00040707,70065.13401896,16.74048268,38.266902093847506,0.0038894526097185173,38.97266705,0.00030712,39.12560407,0.00024536,23.48464513,0.04785327,15,22,48.3461,34.5245872959,16.4740198947,-8.2141606061,-0.4139038685,0.8951568022,0.2724527067,7.327839119962553e-08,3.486366686615972e-08,-1.808795269570949e-08,3.828044300483515e-09,3.886769069753561e-09,-7.183582242633253e-10,1.662277166262607e-08,-8.606874316743494e-09,2.1645092338935037e-09,2.014968781453119e-09,-4.242051985710427e-10,4.485165628328374e-09,-9.180463610316033e-10,-9.450460445975752e-10,1.6335126397449556e-10,9.564780445387661e-09,4.953656400458205e-09,-2.3065500195320777e-09,2.625164279344572e-09,-1.190014941515823e-09,5.646469754634385e-10,b'Classical',b'',8.03428442567583,0.07654851816987782,7.540523750946379,0.06109845061677603,7.33177654962188,0.08612942417952546,7.15319714771003,0.11772329235436559,0.49376067472944907,0.20874720132449795,0.38732660323634793
b'2014 QU441',41.25774172,0.00208161,0.10562428,5.092e-05,19.34131873,2.692e-05,296.67805631,0.04781125,113.16028402,0.00046343,61512.57929799,10.21111168,36.89992247995072,0.003867049312410659,36.72757948,0.00045394,37.09326361,0.00033316,23.55955467,0.06427602,15,17,27.77756,29.9459394495,21.5329729557,-3.9347162006,-0.5746107726,0.8172445847,0.4185592092,1.3462605818803443e-07,9.62777519453871e-08,-1.9136089499831775e-08,-1.653999558244161e-08,-8.457470131102347e-09,3.395105834472035e-09,6.890149082744685e-08,-1.3684098592927735e-08,-1.1620277640253782e-08,-5.898019747567787e-09,2.4026749032234156e-09,2.746812129225042e-09,2.4182707130151513e-09,1.2549294382683467e-09,-4.987249381359104e-10,5.981462363048009e-09,4.093842667904188e-09,-9.118665874423953e-10,2.9064316658896904e-09,-5.967208258141505e-10,1.5566328003014956e-10,b'Classical',b'',8.744943165496233,0.13765834202247376,8.071189144365649,0.11818778835364788,7.6938495456308775,0.12005359277542808,7.471797229047342,0.15768542739412966,0.6737540211305829,0.37733959873477035,0.5993919153183119
b'2014 QU495',43.52817808,0.00170736,0.26355743,4.307e-05,21.2898153,7.756e-05,170.18514899,0.00793819,177.5986285,0.00012923,50429.69738404,1.10234716,32.05600340201844,0.0030865939733812297,33.50474628,0.00014782,33.78569537,0.00011797,23.22898116,0.04145245,20,27,42.01517,29.5573410911,16.3648470606,0.1690551829,-0.4239376228,1.1179414827,0.0487469456,1.6554469707927083e-08,9.36191492466515e-09,2.1361996969374385e-11,1.7503089223629724e-09,1.7683285429765012e-09,1.072455114429813e-11,5.313644386291483e-09,1.227904542812747e-11,1.1329236091891552e-09,1.0839507992321392e-09,5.978423495768786e-12,5.993877939592751e-12,4.6112630455730275e-12,3.657840579625969e-12,3.919651758464421e-14,1.9727108124655603e-09,1.231116995650588e-09,3.309128598306282e-14,8.032924989493493e-10,5.053791718779466e-13,3.359417081212743e-12,b'Resonant 7:4',"b'7,4,-4,0,1,0'",8.564833043442809,0.07674057509335157,7.90290564801464,0.06033827133204099,7.631445835014295,0.07804687514875283,7.55192038946913,0.11378790599577296,0.6619273954281706,0.2714598130003412,0.35098525854551194
b'2014 QU510',40.89342757,0.00094016,0.05177366,4.076e-05,42.12681224,2.452e-05,119.7619328,0.102418,86.25171187,0.00023046,16165.48865202,30.09248299,38.776225269847444,0.0016465073556756768,42.88055746,0.00029,42.83721359,0.00018959,23.20767495,0.04642327,16,24,55.74237,31.7956392624,14.6010149025,-24.7158765922,-0.016223003,0.8298192898,0.4359667948,4.568841191090092e-08,2.0666888217637962e-08,-3.644056914600575e-08,-3.716108076783849e-09,-8.714610109678073e-10,3.460157975137277e-09,9.369584373588911e-09,-1.6487721946173947e-08,-1.5768238182458266e-09,-3.493738387292942e-10,1.4863511711202761e-09,2.9091138786203895e-08,3.0365618930902236e-09,7.325538043583812e-10,-2.8247440756526525e-09,5.225066852906726e-09,2.487047659731206e-09,-4.095008725505338e-09,1.210088917520267e-09,-1.9399556225204432e-09,3.225661443114892e-09,b'Classical',b'',7.637440150950537,0.12885780592708646,6.841374703382423,0.05739590013015317,6.574410502358509,0.05242278354921479,6.520449900124694,0.12592132141985043,0.7960654475681149,0.2669642010239179,0.320924803257729
b'2014 QU562',43.72466558,0.00222311,0.2423836,5.86e-05,26.03113748,0.00012049,332.74726185,0.03305169,69.45195275,0.00031243,61198.88954641,5.55370701,33.12652385713534,0.004065991418519044,33.3577644,0.00028967,33.59372386,0.00022595,23.63818684,0.05810073,10,16,30.00358,29.0707414336,16.0165658232,-5.1865108368,-0.4206207998,0.8270849073,0.7670426056,6.212322490332056e-08,3.4950554877025904e-08,-1.1491596939528811e-08,-1.4613491338923335e-09,7.993896451187572e-10,1.5094549840691647e-09,1.970304645541519e-08,-6.453251924802555e-09,-2.9440626202634616e-10,7.506074546328619e-10,7.555905778877864e-10,2.153483461463195e-09,6.742115727468102e-10,8.232694226536473e-11,-3.51290527235328e-10,1.5671930552573048e-08,8.8892937755879e-09,-2.8133364302327642e-09,5.102055213571113e-09,-1.5642729341331143e-09,5.435120977332722e-10,b'Resonant 7:4',"b'7,4,-2,0,1,0'",9.37918261720628,0.1186045135030458,8.378861376037827,0.06879269662528575,8.227208960803209,0.09974897517985182,7.8792469137269325,0.09090460144033687,1.0003212411684537,0.15165241523461762,0.4996144623108911
b'2014 QV495',79.57283753,0.00663652,0.54487425,4.47e-05,23.38909471,5.47e-05,276.95809428,0.0066715,69.19755862,0.00022937,52748.80856816,1.08216787,36.21564768051147,0.006563057032374039,37.44910573,0.00015339,37.50325089,0.00012945,23.06492523,0.05480741,12,18,23.73202,34.300175243,12.7907931505,-8.1478473394,-0.0211859473,1.0697819659,0.6829494063,1.9569376560822565e-08,7.450243458208014e-09,-4.705739603011156e-09,2.7329844247416864e-09,1.6617528241015e-09,-2.44649269387257e-10,2.8592153594210224e-09,-1.7833640542818107e-09,1.2316541792283846e-09,7.149635135547279e-10,-1.3646636608876424e-10,1.1461315078068065e-09,-5.29813505878373e-10,-3.4855740951702354e-10,3.460551168085399e-11,3.128009913701106e-09,1.340857311608124e-09,-6.509740172540889e-10,5.950705216876435e-10,-2.7026012707670475e-10,1.4720260376471343e-10,b'Detached',b'',7.542653780464468,0.07244901600211946,6.945408182730782,0.0710155759947045,6.698162500213025,0.05321312211395045,6.476680117832986,0.0603662059884158,0.597245597733687,0.24724568251775897,0.4687280648977932
b'2014 QV510',43.26730764,0.00238545,0.15148329,7.952e-05,31.50330486,2.245e-05,324.42128087,0.03031676,47.83253618,0.00027808,67604.5842175,5.64869981,36.713033736855365,0.004963385283643395,38.90734147,0.00043023,38.32897535,0.00028943,23.70811428,0.06184965,13,20,41.00456,27.2665474698,-8.7845969614,-25.4652036393,0.5490242218,0.7867104949,0.4782284827,9.085808857574401e-08,-2.98974548020506e-08,-8.755184477216719e-08,3.6246876416250435e-09,1.8396153582102836e-09,6.672728857757298e-12,9.881288368315788e-09,2.8844547077205067e-08,-8.143881337822502e-10,-7.210606670583362e-10,-3.542287862751327e-10,8.442994752552751e-08,-3.0610922698032847e-09,-1.9037571801160157e-09,-4.1048636413899823e-10,5.590095903355379e-09,-1.5672534169870853e-09,-5.051947056155891e-09,5.386826481500614e-10,1.5241767004978196e-09,4.699538644965998e-09,b'Classical',b'',8.375775494941498,0.0905240747045857,7.69351579216322,0.07528094944766509,7.651010073196263,0.08381747814849129,7.707785403167078,0.18977747322677463,0.6822597027782796,0.04250571896695459,-0.014269611003860302
b'2014 QV562',41.90009995,0.00121028,0.17277983,2.514e-05,26.37213588,7.686e-05,243.58432467,0.03695362,152.1159993,0.00024408,59250.07445095,7.0257963,34.66060795184843,0.001974707943410591,34.49969325,0.00021735,34.73421928,0.00016784,23.39396158,0.05327793,12,19,22.53158,29.8616034057,16.5438797359,-6.4070800238,-0.5632610287,1.0010280245,0.1156871476,3.467857845427209e-08,1.9433680943646274e-08,-7.630195387716208e-09,-3.8031370032075525e-09,-1.0659509981291072e-09,6.958738981124314e-10,1.0931765471488503e-08,-4.2808073403916414e-09,-1.670307087732058e-09,-3.3283789727298783e-10,2.876860376379115e-10,1.6924342206790277e-09,7.73587497812503e-10,1.979577403098169e-10,-1.4350751341301395e-10,8.936484888162153e-09,5.1034478238264345e-09,-1.9742922228849874e-09,2.9596950817765553e-09,-1.1330718731041168e-09,4.433381554621425e-10,b'Classical',b'',8.706346989307226,0.10584255926568825,8.161741352139527,0.0794806763197842,7.619538567539768,0.097003575820649,7.671712714997829,0.13222508890605442,0.544605637167699,0.5422027845997576,0.49002863714169853
b'2014 QW495',133.28177905,0.07109086,0.74696541,0.00013049,28.50449849,5.303e-05,208.87714479,0.00341547,75.935712,0.00016761,53480.17291052,0.46141435,33.72490094569613,0.03537664326551032,35.97669048,0.00082088,35.1661778,0.00048346,23.58277655,0.06736981,15,19,39.42474,19.300872302,-18.495398966,-22.8485580825,1.0986534282,0.8478082772,-0.1605302363,1.9029246605887773e-07,-1.9041917078938088e-07,-2.3611439659016176e-07,1.7267759912305212e-08,2.7497877176719565e-09,-8.558041882260125e-09,1.9059449922370522e-07,2.3630223906593848e-07,-1.7165419736338235e-08,-2.857013401100052e-09,8.42821141260904e-09,2.9300900218841743e-07,-2.1353628320860773e-08,-3.479347450330195e-09,1.0531987391562915e-08,2.0724531377105387e-09,-2.0706870111911247e-10,-1.3685262304156525e-09,4.605696731122793e-10,4.1595226272651565e-10,1.0888991668004332e-09,b'Detached',b'',8.455478923529997,0.10317138007746296,7.874109733381614,0.07626578974147219,7.580489413323923,0.0701256970067315,7.376322454422597,0.12332995138738853,0.581369190148386,0.29362032005768984,0.4977872789590164
b'2014 QW510',205.24138927,0.06068034,0.87343925,3.927e-05,26.12520563,3.204e-05,298.53795956,0.00138007,148.50290419,0.0001221,64481.3367305,0.03953049,25.97550356748691,0.015737835937861086,33.62659578,0.0001122,33.86799081,8.513e-05,22.84831064,0.03148809,19,27,61.33545,28.6206051454,16.8832076235,-6.5466833802,-1.2010876303,0.782700259,0.2941400036,9.068856992160306e-09,5.2257888844036995e-09,-2.161488248833397e-09,-1.4207057396500478e-09,-4.738107991223211e-10,3.2989590780321855e-10,3.021855321488327e-09,-1.2462200544335705e-09,-7.566723672382823e-10,-2.3439159486267874e-10,1.75361991115946e-10,5.195498623364554e-10,3.3690196139375083e-10,1.1189698563087255e-10,-7.907961266205562e-11,9.836245913762635e-10,5.601750894765181e-10,-2.333469238139084e-10,3.3770718629644864e-10,-1.3351972458606306e-10,5.740875594286483e-11,b'Scattering',b'',8.124999626617692,0.04895810518454222,7.511913765476633,0.03543277229020426,7.273559751596926,0.041673446423191346,7.12350278560101,0.07266878273357083,0.6130858611410589,0.23835401387970684,0.3884109798756206
b'2014 QW562',49.16162925,0.00401277,0.23962058,9.367e-05,19.91318135,2.344e-05,232.28928144,0.03079688,119.45141953,0.00054966,50999.50422777,5.96326136,37.3814911174031,0.007461728824746146,38.18139437,0.00044453,38.38549877,0.00035288,23.89953644,0.06154513,12,14,22.50368,33.6359429947,17.261192153,-6.6423715474,-0.3259797382,1.0151019798,0.3447484733,1.5140248139388778e-07,7.764785972600022e-08,-3.1201897150495924e-08,1.3968576692617746e-09,5.363733467660793e-09,7.676617792492073e-10,3.993067272508342e-08,-1.5992524928247787e-08,1.6674925310826027e-09,3.265524050042262e-09,2.0752273086864626e-10,6.472890185473406e-09,-7.934175842466748e-11,-9.894913110311436e-10,-2.0850202542732756e-10,1.4795425804057218e-08,8.208465295274088e-09,-2.899085750700853e-09,4.709166621531131e-09,-1.578105460742511e-09,5.881888015068235e-10,b'Classical',b'',8.827680539415892,0.12929037783882777,8.002492442713818,0.10669982593140116,7.934876204223679,0.1265613656324625,7.907243552121178,0.20564558306126327,0.8251880967020775,0.06761623849013729,0.09524889059263437
b'2014 QX510',45.59703344,0.00181671,0.14409009,3.708e-05,6.46247879,3.494e-05,269.78085085,0.02087521,67.98962007,0.00071484,52052.77663334,4.70854116,39.02695283844636,0.0031583321247520653,39.56921738,0.00031525,39.41934254,0.00031172,23.07798694,0.03314615,20,29,62.86117,39.2021593328,2.1513430721,-3.5280296558,0.0418789242,0.9613164116,0.461287304,9.824116841367144e-08,5.594878186227125e-09,-8.999690980515824e-09,5.098901915224319e-09,2.4314221831209943e-09,5.894431549567051e-10,3.360653653060962e-10,-5.07459818260151e-10,4.584727152798778e-10,1.455159399256858e-10,1.749818767733987e-11,8.340957483303552e-10,-3.845167837971457e-10,-2.1875210177078567e-10,-6.300880362949624e-11,2.9945014328550113e-09,2.583842548384443e-10,-2.3019714739805733e-10,6.922977549908052e-11,1.9601746676349587e-12,3.1124628252463466e-11,b'Classical',b'',8.186054850122593,0.08533159340863669,7.100286841340752,0.0494656982858355,6.720441868212989,0.05580731497740681,6.667168129958883,0.08991464022287562,1.0857680087818433,0.37984497312776566,0.43311871138186936
b'2014 QX562',41.9750154,0.00200115,0.1345474,0.00015616,26.03547593,0.00014266,298.88325764,0.03829174,149.27202513,0.00046544,71410.9950808,5.80843543,36.32738607332279,0.007928646922194822,38.73898678,0.00033649,38.92772083,0.00026374,23.85391879,0.06224214,15,15,23.73763,33.899305614,17.5628393217,-7.5994212136,-0.556810998,0.8718081357,0.1382101054,8.517125252957783e-08,4.475275157025882e-08,-1.9648229298018843e-08,-1.1661121201076707e-09,1.5754960572359671e-09,1.0161581929204373e-10,2.356849941873226e-08,-1.0328679999783206e-08,3.990567690656299e-11,1.1843558255445009e-09,-9.830525444874822e-11,4.561327824740148e-09,2.204919207283443e-10,-3.8992574426113507e-10,-1.8397510927165923e-11,2.2441558108953174e-08,1.2470353742059873e-08,-5.2330558992023945e-09,7.011009005605215e-09,-2.9146591331377943e-09,1.2395252767188562e-09,b'Classical',b'',8.604018331157564,0.10410089400061863,7.859406782126355,0.06550308767712872,7.84466442947109,0.10803404299506474,7.574207992574019,0.133156195949535,0.7446115490312074,0.014742352655268682,0.2851987895523389
b'2014 QY510',42.82378948,0.00149825,0.1711637,4.854e-05,22.71120849,7.87e-06,245.05824684,0.02232359,107.65146063,0.00030755,51874.50215761,4.23059651,35.493911054015726,0.0032697167641330834,35.9141576,0.00016623,36.0907897,0.00012848,23.4919964,0.04064793,22,33,82.21828,31.2002773644,16.2098830413,-8.1441687782,-0.3179940521,0.9948964376,0.4201893887,2.044042020924997e-08,1.0811209726454798e-08,-5.485119100651889e-09,4.484856915986275e-09,3.193098215129688e-09,-9.727700771939028e-10,5.733165562458764e-09,-2.9007253388335873e-09,2.510786608119123e-09,1.7625281663924706e-09,-5.50501337919936e-10,1.4801221886087354e-09,-1.1688514419375589e-09,-8.376701219537035e-10,2.4992435534272814e-10,4.321297583533792e-09,2.5263206674881034e-09,-1.085118997907225e-09,1.5041688982528838e-09,-6.295592581573082e-10,2.7944513187760654e-10,b'Classical',b'',8.89018247395117,0.09769483404683368,7.855357548075959,0.04713482202499074,7.46658315069711,0.052800008899402034,7.308299670206216,0.07343163764033367,1.0348249258752045,0.3887743973788507,0.5470578778697451
b'2014 QY562',45.64563625,0.00308359,0.15464067,0.00019152,27.12998718,0.00016612,99.15609925,0.0622002,159.45536995,0.00044047,21027.57636933,25.84726041,38.586964623480476,0.011050445735852132,49.2880427,0.00048331,49.55816849,0.00036646,23.82689699,0.071659,16,18,33.94648,41.721540224,25.5984530691,-7.7488286928,-0.3435803307,0.7813842307,0.0258291968,1.6607506133085262e-07,1.010481013006744e-07,-3.174621620158018e-08,-2.3300857010710912e-08,-1.1529196674933511e-08,4.194156877108414e-09,6.16109779739638e-08,-1.932779569665231e-08,-1.2508386651966209e-08,-5.963884222109439e-09,2.22928157554173e-09,6.109085358440174e-09,4.289037944722005e-09,2.0996543868128402e-09,-7.78285259835869e-10,3.999466272517056e-08,2.497907526721731e-08,-7.705269483594689e-09,1.5678848518972857e-08,-4.819787086253581e-09,1.4984399412341065e-09,b'Classical',b'',7.494950113519115,0.1060308255909515,6.821711456544657,0.07950852536401673,6.527085662463781,0.1024037628969355,6.070898116488761,0.11527246067360845,0.6732386569744585,0.29462579408087514,0.7508133400558968
b'2014 QZ510',39.37182111,0.00084052,0.23925666,2.786e-05,23.73699016,3.572e-05,263.47219303,0.00602783,71.82012732,0.0001118,50566.44915187,0.75431486,29.951850762335052,0.0016933532149149475,31.46698264,9.182e-05,31.6669542,7.335e-05,22.78738216,0.02323294,27,42,77.49542,27.870360122,14.2274530427,-4.8598965804,-0.1893744775,0.9889752836,0.6918472954,6.4887817410955704e-09,3.347247147471448e-09,-1.182233617730033e-09,2.358919296796826e-10,3.134384139157495e-10,9.979488821618633e-11,1.7308674200903206e-09,-6.089568398863461e-10,1.616323329818304e-10,1.8250479987364206e-10,4.488361965610553e-11,2.183916239822806e-10,-1.4696430842055988e-11,-4.198662533861449e-11,-2.336152096849443e-11,1.0521961964906918e-09,5.679945027309159e-10,-1.6966147442412478e-10,3.137522053629385e-10,-8.77103842406221e-11,3.175061027752636e-11,b'Resonant 3:2',b'',8.414657078472304,0.05603511203934294,7.718180427700949,0.04023282501482962,7.539305208599766,0.036394011272721544,7.391702693308472,0.052787230585037904,0.6964766507713528,0.17887521910118326,0.32647773439247574
b'2014 QZ562',41.33821799,0.00314747,0.13351475,0.00022647,27.71408821,7.357e-05,186.34325193,0.02091917,32.44962267,0.00064023,35076.06197415,8.69179348,35.81895612966859,0.011359299625398665,42.06700094,0.00057055,41.38123899,0.00035832,23.96603231,0.10541486,8,13,29.25374,27.7524447387,-14.9659182092,-26.799814237,0.7637393427,0.5352861255,0.2905824704,1.4161245502595997e-07,-7.820304882381804e-08,-1.4111323466653817e-07,-3.0145675231706403e-09,6.900784404513089e-09,8.525371688714333e-09,4.3299565187348674e-08,7.801816773071414e-08,2.920701802379711e-09,-4.4761333252421776e-09,-5.9430788111765015e-09,1.4075542743623108e-07,4.30098655024477e-09,-7.57384389189e-09,-9.754038097180321e-09,2.206725405641417e-08,-1.2055769443786693e-08,-2.189990082877432e-08,6.811388293289606e-09,1.2182006205479238e-08,2.199562747498586e-08,b'Classical',b'',8.040637118440804,0.1103878856204494,7.680614598325169,0.1197345515772597,7.37309871963607,0.13199430005784077,6.877093655654262,0.20140803582142525,0.36002252011563546,0.30751587868909946,0.8035209426709075
b'2014 RH70',38.26849067,0.00294122,0.12274723,6.036e-05,27.60557869,4.772e-05,244.75529033,0.02301966,8.00664915,0.00019644,47430.23204852,3.95252207,33.571139610271786,0.004614291066359071,35.83560179,0.00057222,35.0408305,0.0003411,23.11124499,0.04847593,18,25,55.26472,19.4571922751,-17.4202808988,-23.3626043977,0.9683441836,0.3838569445,0.3717802951,9.444369737602422e-08,-8.84757191429467e-08,-1.1906466205971206e-07,6.005180054783135e-09,9.169464757093636e-10,6.092785551258016e-10,8.291090013454441e-08,1.1156456436131927e-07,-5.517836839259728e-09,-9.578379963571457e-10,-7.021124484290805e-10,1.5014212076003799e-07,-7.436348452948573e-09,-1.2774060836325737e-09,-9.333521358669157e-10,1.399643434251045e-09,-8.408175299640157e-10,-1.1746945298077789e-09,8.102336116427687e-10,1.0821838507963312e-09,1.4602296755305137e-09,b'Classical',b'',8.122148059945248,0.06709921904740562,7.555573837182207,0.07159644331102659,7.288348691915077,0.06693180476979456,7.209807494404716,0.07264026023613704,0.5665742227630376,0.2672251452671337,0.3457663427774947
b'2014 RJ70',46.87009881,0.00661205,0.18885824,9.289e-05,26.47784085,1.781e-05,274.87731752,0.02201232,30.88507326,0.00030187,57337.56433465,4.79542344,38.01829439055343,0.009717134458379881,38.80680453,0.00101131,38.01834461,0.00061476,23.03747959,0.04025065,14,19,45.04702,20.3056008767,-18.3776431775,-26.3692876539,0.9052367564,0.5734291495,0.2963946665,2.7097907748459067e-07,-2.58608850261592e-07,-3.699092504282909e-07,1.3671258910580542e-08,5.942851133860294e-09,2.5628671791351836e-09,2.468435614077555e-07,3.5305927918027385e-07,-1.2886064336984249e-08,-5.819698133127944e-09,-2.6587877211008337e-09,5.050125352069506e-07,-1.8482591951087156e-08,-8.277688465689152e-09,-3.737066667212568e-09,1.9793013491819932e-09,-8.685595690750569e-10,-1.556939462348215e-09,1.198837460848267e-09,1.5905408665708547e-09,2.2439104530193624e-09,b'Classical',b'',7.857680110349227,0.07538527452537452,7.152533945476593,0.052347432980972566,6.869735571004165,0.06620040073239848,6.833482344956144,0.10105576644597306,0.7051461648726369,0.2827983744724265,0.31905160052044534
b'2014 RK86',388.2240847,1.79777921,0.94321566,0.00025506,26.38189891,3.165e-05,223.30717869,0.0119883,8.20096211,0.00018039,50365.9910442,0.59068489,22.045047530231788,0.20110367274610536,33.35989649,0.00217193,32.54868397,0.00129947,23.16766204,0.05052236,10,15,27.23726,16.7697237991,-17.2605311561,-21.9150007131,1.5204198266,0.0226982025,-0.1222969433,1.1416063606309747e-06,-1.249692562499856e-06,-1.5875499364776581e-06,1.0703081303157756e-07,6.784310952120276e-09,-3.2981998532777474e-09,1.3680678501808288e-06,1.7379107111382522e-06,-1.1706316403601274e-07,-7.542679066912566e-09,3.460015361481189e-09,2.2077672198776346e-06,-1.4872096731998235e-07,-9.574588991801955e-09,4.4131766642428685e-09,1.036075158976491e-08,2.460935169589872e-10,-8.012918926136609e-10,5.146432378289245e-10,5.744046858792585e-10,7.627010886428345e-10,b'Scattering',b'',8.699717053372703,0.1297651779542294,8.059976075160295,0.10637740151499474,7.862089089554397,0.1222070484593621,7.458460407191106,0.12288913860235728,0.6397409782124033,0.19788698560590165,0.6015156679691912
b'2014 RL74',46.77652634,0.00397073,0.20780752,0.00017441,30.27737708,9.351e-05,10.02461296,0.03287746,150.16496328,0.00044238,90357.00203998,14.98627745,37.05601225931345,0.011184226145156132,50.16777427,0.00033357,50.51633209,0.00022643,23.02943562,0.03805188,16,25,44.86212,37.2402784737,32.1065389884,-11.5858371052,-0.6427647072,0.5372649101,0.1347386505,6.119063390649654e-08,5.1726524442462984e-08,-1.9698315587155593e-08,-1.1135146696693943e-08,-7.83305569948763e-09,3.5355553470669866e-09,4.377572025482768e-08,-1.6656357364639983e-08,-8.722663671677132e-09,-6.029219465259428e-09,2.7673688287977353e-09,6.3571190526809455e-09,3.5623030712922214e-09,2.5034374400043555e-09,-1.1362795125230454e-09,2.1276288539005853e-08,1.816480171342129e-08,-6.85083495808983e-09,1.5575925685238834e-08,-5.853144226508559e-09,2.2166995758565917e-09,b'Classical',b'',6.536355962982848,0.06320845365240567,5.938340752149786,0.0615997633604292,5.697004626369678,0.06384201542900003,5.5263186885028315,0.08918568125972003,0.5980152108330569,0.24133612578011537,0.4120220636469554
b'2014 RL86',123.52182449,0.07912371,0.69346233,0.00019869,28.85548244,4.181e-05,332.04595,0.01187131,23.72691376,0.0003415,66993.72104868,1.43881189,37.86409286448043,0.048661019275757576,44.5208768,0.00152075,43.76670581,0.00093669,23.32254055,0.04075415,13,25,54.2944,24.7593547831,-19.1180337687,-30.6104503932,0.6934032331,0.7412133688,0.6753979449,6.98024488261932e-07,-5.6377620443079e-07,-8.99540781765311e-07,2.2284693019428486e-08,2.0929744835940757e-08,1.7310627454471775e-08,4.554103987221132e-07,7.265959740264786e-07,-1.7521550741698976e-08,-1.7294221292628135e-08,-1.4598840426301807e-08,1.159327206346507e-06,-2.815593244590253e-08,-2.7429348545592422e-08,-2.3039514752871058e-08,6.859269570559202e-09,-4.282965315187863e-09,-7.344636956824172e-09,4.633272152790595e-09,6.8908122559591175e-09,1.060333390556319e-08,b'Resonant 25:3',b'',7.472665289449628,0.08154143545942731,6.836331083391238,0.050596893395679375,6.669793167473793,0.06624981853128895,6.508004583652687,0.1076592534590978,0.6363342060583876,0.16653791591744607,0.32832649973855305
b'2014 RM74',67.05575831,0.00560814,0.35352479,6.709e-05,32.47191696,2.071e-05,284.9198993,0.0189504,149.4736854,0.00022452,63633.62146055,4.47135343,43.349885209373554,0.008009289473911774,43.89401493,0.00047363,44.41131584,0.00033227,23.41572423,0.04752154,19,25,57.01503,25.2540708912,35.011215693,-10.4312824485,-0.9105353217,0.5646073351,0.2069019975,7.203194577539473e-08,1.0001364279158246e-07,-3.1031093992809126e-08,-8.270703585873135e-09,-7.833594720221379e-09,3.1142178542481566e-09,1.3897906263742102e-07,-4.3103039167322705e-08,-1.1048888062018963e-08,-1.0220339429080243e-08,4.131007721755232e-09,1.338651226137812e-08,3.508779327736827e-09,3.2932121373246324e-09,-1.3201183258670072e-09,3.603490870189219e-09,4.936873589239637e-09,-1.5418234047481315e-09,7.00794460245811e-09,-2.1431042140415215e-09,6.681732996747871e-10,b'Resonant 10:3',b'',7.5640718942615965,0.07553390006804751,6.867472499775511,0.06815797250738512,6.610259766489667,0.07806740408421083,6.623535449354014,0.1870814744456294,0.696599394486083,0.25721273328584354,0.24393705042149688
b'2014 RM86',43.00749629,0.00221036,0.17919428,5.736e-05,19.13530204,4.18e-05,307.95137708,0.03462246,117.24717759,0.00057102,62649.29799614,6.52695709,35.30079910185324,0.003988971803486928,35.4195403,0.00038996,35.87670891,0.00027565,23.49114226,0.06571322,9,14,22.0096,26.300648515,24.3170685291,-2.0234395713,-0.7521043167,0.7335788916,0.4251044469,8.200723801524567e-08,7.544508525680873e-08,-7.236598226864047e-09,-2.327141539838332e-10,3.1163481074124942e-09,9.342725184622884e-10,6.945324002793613e-08,-6.655935662085728e-09,7.778665454142168e-11,3.128713756491481e-09,8.369052679891152e-10,6.576483280407698e-10,9.306756968875848e-11,-2.0604087381866194e-10,-9.601472176689637e-11,6.949037896200229e-09,6.538771729974963e-09,-5.549594440662251e-10,6.313464591954473e-09,-4.86430871492993e-10,6.843238695935625e-11,b'Classical',b'',8.426707059711143,0.15486688875880775,7.923567387884157,0.08045235075405636,7.768962576519501,0.10095040637819548,7.370051499237073,0.13651518362842413,0.5031396718269886,0.15460481136465767,0.5535158886470822
b'2014 RN74',39.3205512,0.00205194,0.28760515,7.056e-05,24.36078079,1.431e-05,317.73782685,0.01540777,115.28393897,0.00022409,62802.94610843,1.73937485,28.011758326810337,0.004209356216338919,29.1510493,9.112e-05,29.5133851,6.354e-05,22.62702729,0.02896019,20,27,58.10564,22.2383779547,18.7477009423,-5.0018152123,-0.8368332667,0.8326349132,0.5290394187,4.780617691088265e-09,3.928291291886786e-09,-1.1633152883794134e-09,-9.361142350655008e-10,-4.0882813094016957e-10,2.915751286591403e-10,3.2595335584882103e-09,-9.515884034941519e-10,-3.4657992845218755e-10,9.750644362639204e-12,1.3642734723343845e-10,2.867289910894524e-10,3.0303113917444945e-10,1.6129067810539163e-10,-9.008845366755927e-11,6.754262124582445e-09,5.4683462117699605e-09,-1.662753374102507e-09,4.458809096709035e-09,-1.3422312169732199e-09,4.135562332293018e-10,b'Resonant 3:2',b'',8.429840333312095,0.03850833895954083,7.91166865856186,0.035065754073381916,7.776522447657774,0.044993508335095675,7.663696206897745,0.06911282243196062,0.5181716747502377,0.13514621090408083,0.24797245166411294
b'2014 RO74',30.03913591,0.00061419,0.05118056,3.385e-05,29.5370185,5.249e-05,114.19599475,0.0299233,152.43682838,0.00020954,36827.16901807,5.46870182,28.50171625743391,0.0010332970861608142,30.59858596,0.00017309,30.93319836,0.00012028,23.29927214,0.04121421,18,26,45.89478,23.8355452926,18.5638895019,-6.6416524785,-0.6263950426,0.9156557817,0.0952926126,1.777721827873534e-08,1.375547636250543e-08,-5.2342234744408685e-09,-1.8273338529843427e-09,-5.062788329232702e-10,4.665146110682745e-10,1.0666338603732973e-08,-4.052874766213216e-09,-1.3235322336963367e-09,-3.187148985361609e-10,3.344405199145475e-10,1.551615992782545e-09,5.301650890410364e-10,1.4284869082541203e-10,-1.37751567203953e-10,1.2655501044431205e-09,9.639614598121565e-10,-3.6950424367181765e-10,7.939971905759328e-10,-2.865124395974409e-10,1.133366236928531e-10,b'Resonant 1:1',b'',9.07944180582295,0.08694231294560609,8.374886709060261,0.04916497180775721,8.1408165045529,0.06267883442881435,8.03247757419008,0.15717414739851415,0.7045550967626857,0.2340702045073645,0.3424091348701842
b'2014 RO86',42.01084828,0.00840928,0.12177665,0.00014954,28.89141856,4.208e-05,227.33382444,0.05695146,32.6866567,0.00051213,46522.16794179,11.37214433,36.89490811018882,0.013054669794869227,39.08842917,0.00165566,38.3447178,0.00102936,23.64610337,0.07196486,11,16,16.46673,21.7528695013,-16.2246891128,-27.0903952546,0.8751407782,0.5401672193,0.2514360922,8.26748635676964e-07,-6.480589210415457e-07,-1.0786697144712266e-06,4.294958853704244e-08,1.276635466487754e-08,-3.997799894639535e-10,5.0809881247154e-07,8.45620514643558e-07,-3.321848610861812e-08,-1.0361567571210898e-08,-2.598817119943559e-10,1.4075221099918137e-06,-5.5524523923211086e-08,-1.705029474164967e-08,-1.5653487333409586e-10,7.511812531877125e-09,-3.210787952894977e-09,-6.563474614034867e-09,3.067022236546937e-09,4.811189315310683e-09,8.152783440841554e-09,b'Classical',b'',8.111344250283112,0.090309544348444,7.266938066354024,0.1582549517218097,7.59545485205428,0.17692309223855507,7.571968458003036,0.1894993123443298,0.8444061839290851,-0.3285167857002531,-0.30503039164900975
b'2014 RP86',71.06873319,0.04377096,0.50622452,0.00037873,24.80475561,2.489e-05,219.04061591,0.0211072,33.47720217,0.0006051,46548.36069975,1.61727639,35.09199778807282,0.04838438190621313,42.05955377,0.00141213,41.28139715,0.00084263,23.94797856,0.08812708,9,12,10.54647,23.8224509597,-19.7228643484,-27.3432478449,1.0775819501,0.4388080182,0.072023672,6.36231361880842e-07,-5.432354899453143e-07,-7.540836364024642e-07,1.1370712717054402e-07,-6.001025602112557e-08,-9.796105980219245e-08,4.640704972144352e-07,6.440740204939765e-07,-9.50686108607305e-08,4.949521385406374e-08,8.123339280821232e-08,8.940232439848381e-07,-1.3277239564672937e-07,6.939836837159756e-08,1.1372600026079371e-07,4.302139751203538e-08,-3.0345151469493346e-08,-4.458377439712234e-08,2.2658211628531155e-08,3.266608965681053e-08,4.743445793506033e-08,b'Detached',b'',8.216592624022143,0.12774872316473482,7.498671840647779,0.08670144696522947,7.3279455772968465,0.10349372301067551,7.133166827450415,0.14596832568399715,0.7179207833743622,0.17072626335093893,0.3655050131973648
b'2014 RQ86',38.6157879,0.00726727,0.01309997,0.00024158,31.16936289,0.00017315,47.31617753,1.8264245,67.22986413,0.00065167,96955.88481126,463.62404541,38.10992234000799,0.004312866162537998,39.86471412,0.00201101,39.09914925,0.00124038,23.98676275,0.07830624,7,9,20.89763,21.210237158,-17.8196609616,-27.5921908335,0.6886888878,0.7205823907,0.0695008297,1.1375607152820923e-06,-9.77416468972722e-07,-1.5331349738020613e-06,2.0799802313454249e-07,-1.1168237114086911e-07,-2.2661091774343667e-07,8.403718686891677e-07,1.3177309907667362e-06,-1.7464746072239027e-07,9.244441364629602e-08,1.8921789374363487e-07,2.0666984143717035e-06,-2.7712081546652545e-07,1.4774952495251767e-07,3.0105767644419203e-07,7.365737672983725e-08,-5.0946566156649784e-08,-8.932089804795212e-08,3.716090595265226e-08,6.330659550109379e-08,1.0957265614387337e-07,b'Classical',b'',8.764676771363527,0.15481694097768314,7.950446011652103,0.09407697098129955,7.9298681217452,0.1412868118880826,7.53491887221408,0.17871568067196367,0.8142307597114233,0.020577889906904373,0.41552713943802216
b'2014 RR86',38.25386741,0.00623468,0.07959309,0.00039185,35.44132147,0.00017314,181.65299495,0.18181151,10.14966418,0.00050877,30706.73492958,50.98439936,35.20912402437805,0.018125424360762,40.23929008,0.00149996,39.55722198,0.00095303,23.99507119,0.08241055,7,8,15.17539,24.9518310699,-13.8182846507,-27.4086655314,0.7983710393,0.3663684761,0.4400447963,8.578162198536475e-07,-4.933511049438159e-07,-9.74812141522368e-07,9.304142974992181e-08,-2.5647969562130165e-08,-5.7922665873846825e-08,2.840990064651968e-07,5.611652507812036e-07,-4.883170451030669e-08,1.209550085603592e-08,2.8027458840427044e-08,1.1087359089208628e-06,-9.769635810768644e-08,2.4555558285365135e-08,5.6767375345237175e-08,8.661222808778766e-08,-4.657752269159664e-08,-9.28570183997999e-08,2.587550427694907e-08,5.130173598167582e-08,1.0193294175291768e-07,b'Classical',b'',8.690821211705787,0.15311734997863582,8.023461952934616,0.1047709961740604,7.7961562723076,0.1094534687690443,7.846552957611918,0.2795939671581695,0.6673592587711697,0.2273056806270152,0.17690899532269735
b'2014 RS86',47.20836526,0.01015362,0.21847486,0.00023123,25.23073056,9.816e-05,171.65220234,0.02398187,62.09519489,0.00058779,39686.5397836,5.11161874,36.894524137666295,0.018164879957706142,43.67024699,0.00145281,42.88018578,0.00085823,23.74509376,0.07408353,10,13,29.98915,24.7327363735,-21.2939637687,-27.8131118563,0.8278308119,0.5666143866,-0.0056654529,6.700409473745802e-07,-5.965524794203785e-07,-7.805420404656031e-07,6.282935868813669e-08,-1.8486113416889768e-08,-4.4812923008576305e-08,5.313440253015139e-07,6.95087378303918e-07,-5.467544143241984e-08,1.5377948484579384e-08,3.8461746135537715e-08,9.094478544986378e-07,-7.223617156786753e-08,2.0716142708534233e-08,5.111938886601552e-08,1.6893714559516385e-08,-1.114059514138836e-08,-1.6694073596186142e-08,8.587351885109416e-09,1.1936367942751341e-08,1.7225519403654663e-08,b'Classical',b'',7.960982675842361,0.12194633779675844,7.500605178728565,0.13133337491550662,6.905133534150549,0.13208627517237015,6.885180600752689,0.22183034118358044,0.4603774971138006,0.5954716445780129,0.6154245779758778
b'2014 RT86',46.93777157,0.00409143,0.24201466,0.00010327,30.79475134,6.268e-05,317.58120232,0.04104367,95.08341346,0.00040201,63499.57840654,7.40410893,35.57814265381092,0.0075338089008485445,36.397448,0.00050388,36.6002001,0.00035063,23.5799479,0.06832578,10,12,26.29303,29.0995949646,19.1113109017,-11.2936272114,-0.468836065,0.8499502292,0.6129376331,1.6213524357408973e-07,1.0329928463791605e-07,-6.485204531079538e-08,6.745268019903023e-09,1.12625500005011e-08,-6.382970876931469e-10,6.593293046345189e-08,-4.130232897499963e-08,5.591686791421602e-09,8.027217273040923e-09,-9.120466125940436e-10,2.597912483611172e-08,-2.324375127360939e-09,-4.256256487490226e-09,1.030713866024797e-10,2.1189642985268213e-08,1.4321020412145815e-08,-8.20905585664936e-09,9.983555738875887e-09,-5.469614616505144e-09,3.2238679077513694e-09,b'Detached',b'',8.831259683195858,0.1387654280249378,7.885596265158162,0.07155289376837315,7.616939981710155,0.09368603417844079,7.683417855942613,0.16353757867959504,0.9456634180376947,0.26865628344800835,0.20217840921554744
b'2014 RU86',39.49519864,0.00180424,0.21957199,9.407e-05,30.21260906,5.945e-05,127.72594034,0.01565808,138.0949518,0.00034013,32366.37088465,5.77855388,30.823159386970687,0.0049540362667653435,42.39441857,0.0003106,42.62544824,0.00021709,23.43227913,0.04343628,12,22,30.04582,33.8689165165,22.8872875805,-12.0829383302,-0.3064786973,0.8648467961,0.1094898145,6.129020550662637e-08,4.0607822872186674e-08,-2.2523333268383216e-08,-6.775382675969125e-09,-3.2665958781624846e-09,2.477355749815016e-09,2.693607305161179e-08,-1.4926682450645496e-08,-4.2343139058788545e-09,-1.991020564135813e-09,1.5483960194430212e-09,8.29478107898415e-09,2.4875263064678754e-09,1.199602587771464e-09,-9.137861512495012e-10,8.068355428153386e-09,5.486196852518284e-09,-2.968812332240783e-09,3.773369603070441e-09,-2.0208692237725695e-09,1.1005489396117797e-09,b'Resonant 3:2',b'',7.8395130985098564,0.08250428341906868,7.0701635531028675,0.05488682298471218,6.803899511335734,0.08175168990107731,6.773961321625583,0.16826708782314612,0.7693495454069882,0.26626404176713214,0.29620223147728303
b'2014 RV86',119.93239145,0.02622496,0.672675,6.769e-05,28.49656648,4.415e-05,263.43792132,0.02344389,129.60938524,0.00051353,58126.58892523,4.48984087,39.25687046864361,0.016697411840645656,38.99922505,0.00049817,39.29207644,0.00034465,23.86129518,0.07754885,7,7,10.32587,30.6842393439,22.1950528219,-10.4749394666,-0.6820280253,1.0463812363,0.3498969497,1.5172004182618045e-07,1.0845086189258393e-07,-5.3623144071079216e-08,-1.0446556868229531e-08,2.2401018916715026e-10,4.071046435708172e-09,7.804941773079397e-08,-3.83289775400057e-08,-4.2232261378750056e-09,2.683181667280756e-09,1.7762233930530706e-09,1.90399475089422e-08,3.852990310786316e-09,4.885021626267059e-11,-1.5098866191890988e-09,2.6249639924362255e-08,1.9956530776199156e-08,-9.220624047726997e-09,1.5667564572035894e-08,-6.995132341845088e-09,3.270890196951269e-09,b'Resonant 8:1',b'',8.50794113753655,0.1717364638040424,7.913819689592815,0.11982277111530233,8.063733923835231,0.1844728087777642,8.275280121815443,0.42000466159585126,0.5941214479437328,-0.14991423424241257,-0.3614604322226287
b'2014 RW86',39.27725775,0.0021731,0.20185092,7.018e-05,23.28844989,1.17e-05,243.30687044,0.03754438,127.04875292,0.0004753,53370.74590978,5.86366503,31.34910721636477,0.004330180093735383,31.45799863,0.00028149,31.83035341,0.00019684,23.72074039,0.07313202,11,17,30.23398,24.0522944226,20.2589080848,-4.922923333,-0.631116824,0.9726258125,0.3647528713,4.4841090266675525e-08,3.800329753704507e-08,-9.821339101759772e-09,1.5778856425502994e-09,3.838481950260752e-09,3.800436376749188e-11,3.2310284817580924e-08,-8.316137811647945e-09,2.275150064422864e-09,4.052636441873753e-09,-1.7224201127668964e-10,2.1718881426325933e-09,-2.0125430836006418e-10,-7.176196037276188e-10,-4.089275034117401e-11,1.2446627537876135e-08,1.0695689668946742e-08,-2.700975845220016e-09,9.351994489123326e-09,-2.3023328566069396e-09,6.032415377827709e-10,b'Resonant 3:2',b'',9.278765902581968,0.10655406090688424,8.734057869664051,0.10952924435217365,8.392907840889253,0.10384700887696462,8.534247057311395,0.21227012633763634,0.5447080329179161,0.34115002877480005,0.19981081235265227
b'2014 RX86',45.26460045,0.00273888,0.17175254,4.837e-05,26.58892024,9.371e-05,248.17701545,0.06582502,154.60919968,0.00043161,58509.79777993,14.1083312,37.49029052998852,0.00443341612291561,37.1155164,0.00045266,37.51303291,0.0003165,23.49490265,0.06929029,13,17,31.2923,28.2165901457,24.0069200788,-5.8923226885,-0.7114062789,0.8439474151,0.1259980334,1.1762619346728598e-07,9.799191873140623e-08,-2.6020654277772965e-08,-3.2279705818550165e-08,-2.2840311382830187e-08,7.013460472628774e-09,8.17467710115839e-08,-2.1684473145372883e-08,-2.6009691705706873e-08,-1.8254234351996593e-08,5.648148161145294e-09,5.785130066514215e-09,7.112374869404848e-09,5.028716924857619e-09,-1.5541826234587984e-09,2.0759675047618383e-08,1.6881411333367676e-08,-4.570161563343843e-09,1.3925004909280922e-08,-3.723831282835507e-09,1.0213089382470212e-09,b'Classical',b'',8.703277312670151,0.11502678346799311,7.7304956890661725,0.08070484501075444,7.305853287301948,0.07935310702088295,7.244886332993035,0.1224419794953194,0.9727816236039818,0.4246424017642258,0.48560935607313693
b'2014 RY86',42.72096297,0.01181965,0.18547865,0.00014055,28.1625023,6.766e-05,246.39977681,0.0562635,14.32437208,0.00041528,49242.63281774,10.06264528,34.79713639420657,0.015251387284636049,37.01779486,0.00207419,36.21777674,0.0012739,23.60571834,0.0725123,8,13,18.90588,18.2871413948,-18.0207131378,-25.5452874252,1.0142602215,0.384961276,0.2840367055,9.991610065907831e-07,-1.0492919716429127e-06,-1.483083098645846e-06,2.835439890778353e-08,5.022091917758675e-08,5.893321043392306e-08,1.1020723965718426e-06,1.5576328919807599e-06,-2.929976463340661e-08,-5.321943422554488e-08,-6.257062864878217e-08,2.201592475950032e-06,-4.148436151634321e-08,-7.514850889509997e-08,-8.833739459471359e-08,3.858303600234637e-09,-1.5984681907407663e-09,-2.6357950662811615e-09,5.545534617991733e-09,7.247582393664693e-09,9.595585709224663e-09,b'Classical',b'',8.604204311250099,0.13970627611231737,7.995343236738551,0.12465383918301928,7.810537476979539,0.12036164270267795,7.828272336080984,0.20742849483955708,0.6088610745115476,0.1848057597590158,0.1670709006575662
b'2014 SA374',43.84758611,0.00154244,0.12156554,9.934e-05,35.78235164,7.81e-05,200.236601,0.01329969,72.30555521,0.00021496,31680.45062446,5.82706293,38.517230620493535,0.005532238387198976,44.10828156,0.00021807,44.24467909,0.00015514,23.31967811,0.03919919,20,33,79.56111,36.1892154502,20.412580423,-15.207198067,-0.0410238861,0.7460479909,0.571906221,3.1780000564589855e-08,1.7733471038417042e-08,-1.3666991326607694e-08,1.2309884111731562e-09,1.300834511211366e-09,-1.2015655339171395e-11,9.912045324178814e-09,-7.62557722569751e-09,8.42645980589128e-10,8.139992406276532e-10,-6.987743968045945e-11,5.891444063704653e-09,-4.0660571473391145e-10,-4.879063335222148e-10,-4.7060196859653326e-11,6.304700626170783e-09,3.6738649736558434e-09,-2.5550509328171625e-09,2.1592782518121764e-09,-1.4812440409243908e-09,1.049653525274127e-09,b'Classical',b'',7.420701502563118,0.0687903745827668,6.807679808683931,0.05637045023072667,6.576867529732338,0.06667288269056426,6.410528903872921,0.10254185066352955,0.613021693879192,0.230812278951589,0.397150904811008
b'2014 SA404',48.17032673,0.00572744,0.24842764,0.00017197,20.58148695,1.905e-05,212.03255416,0.02694107,125.59336626,0.00063493,45999.22472415,3.71785074,36.203485977908606,0.012322520366260773,39.13454063,0.00058527,39.47177005,0.00042357,24.11624267,0.08795948,9,12,22.01654,31.4658141936,23.3029871986,-4.989384262,-0.4191162654,0.9527509414,0.3145233209,2.1605517575997457e-07,1.6129233985716216e-07,-3.6109362614527306e-08,-4.572445352443433e-10,6.161238473601894e-09,1.4404604051114961e-09,1.2055818512587526e-07,-2.6939756098762778e-08,1.1398874730002693e-09,5.750294686499937e-09,8.338916571018638e-10,6.070661162372671e-09,3.8776379006795014e-10,-7.913603225359002e-10,-2.8482754800655824e-10,2.1957869832541258e-08,1.6870129221633972e-08,-3.567027237659458e-09,1.3182967734230434e-08,-2.701432874851883e-09,6.04197523155034e-10,b'Detached',b'',8.737015036395514,0.17092663135987665,7.990250417504784,0.08167852275524302,7.529063355143316,0.09842962030156104,7.495922319081187,0.17515257425570355,0.7467646188907306,0.46118706236146423,0.49432809842359676
b'2014 SB374',44.19822896,0.00150567,0.17265856,6.157e-05,40.7529987,3.961e-05,1.7042145,0.00884948,100.91998658,0.00013667,72711.70405579,1.15016999,36.56702636904882,0.003795533361659684,39.98127941,0.0002076,40.38259484,0.00013197,22.94050418,0.03794935,15,22,35.07321,24.758695429,28.6172158954,-14.1002099589,-0.5656988508,0.5836888157,0.634573748,1.6454901015224887e-08,1.856252540139453e-08,-9.696209473740247e-09,-1.74761944980824e-09,-1.2176558467546744e-09,1.2113445341789524e-09,2.097494068092043e-08,-1.0940496594595344e-08,-1.8365352569659064e-09,-1.2136525826326631e-09,1.2914570820267652e-09,5.72650766356269e-09,1.0622550517832474e-09,7.585642646331438e-10,-7.353781324166606e-10,1.4300903192180614e-09,1.6479867800032483e-09,-8.341255523793111e-10,1.9502286702083815e-09,-9.524688244368604e-10,4.92907348367432e-10,b'Classical',b'',7.351660955693157,0.0978435711987075,6.998035617790395,0.07349254761633964,6.8566431844217295,0.08313164702888944,6.670299936759227,0.11234520992118188,0.3536253379027614,0.14139243336866675,0.3277356810311639
b'2014 SB404',39.42822987,0.0022833,0.10518723,0.00011988,21.84385412,5.028e-05,200.55548896,0.04404754,135.1028504,0.00059011,45605.92354429,7.54784649,35.28088338997561,0.006170227975355791,36.51824339,0.00047935,36.85582776,0.00034601,23.91583816,0.06856051,11,11,23.12093,29.3589397218,21.6708012336,-5.1750431937,-0.5096086764,0.9028473249,0.2601862817,1.4505638358246235e-07,1.0748171420442927e-07,-2.7053182436904186e-08,-8.043706604093293e-09,-1.0326781148207e-09,2.0980270529979337e-09,7.975857963288437e-08,-2.0042485193319545e-08,-5.0911882866775676e-09,-8.947160065637669e-11,1.3965533798468424e-09,5.082697204561157e-09,1.6054277635656907e-09,2.749313418112918e-10,-4.1313817337259754e-10,1.22395035892167e-08,9.25752558273982e-09,-2.263897166258022e-09,7.210256102329134e-09,-1.6925059455747414e-09,4.379282997214227e-10,b'Resonant 3:2',"b'3,2,-6,0,1,0'",8.6511863852502,0.10186443306263146,8.18757736999015,0.07756940657254532,8.156917088118393,0.12239331919882579,7.7918270657813995,0.22127337519025464,0.4636090152600531,0.0306602818717558,0.395750304208748
b'2014 SC374',30.0830523,0.00070453,0.09914303,1.896e-05,33.72890731,9.654e-05,45.00723456,0.03573681,176.26117576,0.00015937,27982.12610122,7.62512569,27.100527278943073,0.00010554201980159325,32.67087559,0.00025897,33.05886275,0.00018536,23.26125414,0.05296896,14,18,36.54082,25.8856923511,20.0477937168,-4.5722319277,-0.6390995723,0.8087114259,-0.1224651343,4.140724678368395e-08,3.171246492008024e-08,-7.745187942103172e-09,-6.589751557612093e-09,-3.7146416670412284e-09,8.69289035771093e-10,2.4313141193114204e-08,-5.935420351031263e-09,-4.931185246450925e-09,-2.7517354403094042e-09,6.42329184052925e-10,1.4620795007543761e-09,1.196606724785266e-09,6.6451780585358e-10,-1.5902066939141e-10,3.177963665622198e-09,2.4071780714608446e-09,-5.770031381857791e-10,1.8905436002562393e-09,-4.5291606987181497e-10,1.1389545822768933e-10,b'Resonant 1:1',"b'1,1,-3,0,0,0'",8.711969693072609,0.08674907097070432,8.05855873044458,0.06381437075918227,8.021596400647356,0.08376083656899153,7.8320819836152875,0.12839464686092375,0.6534109626280318,0.0369623297972216,0.2264767468292921
b'2014 SC404',39.38954313,0.00231605,0.24368111,5.146e-05,26.69290038,7.187e-05,276.67999626,0.01538865,158.09391288,0.00024466,63549.098196,2.03625253,29.79105564468085,0.0035560251280634374,30.88372729,0.0003299,31.24695699,0.00023632,23.736616,0.06477626,12,14,29.26858,24.7381903907,18.4979603369,-4.7137799013,-0.8485137143,0.8900794044,0.1199154681,6.721414855088666e-08,5.110297426428814e-08,-1.3637455183974338e-08,-2.1956228203704086e-09,2.2844003841583897e-09,2.545851162132028e-10,3.895781610113886e-08,-1.0374860209256357e-08,-1.1764715066183352e-09,2.1484101652227252e-09,9.120711223853042e-11,2.78857100924526e-09,4.2348716429416357e-10,-4.817783140334377e-10,-5.0289778225587303e-11,3.444727403495869e-09,2.7650450754273763e-09,-7.103920193015371e-10,2.4800752101694074e-09,-5.835896394617937e-10,1.5443574073973326e-10,b'Resonant 3:2',b'',9.571081995756378,0.1304356906543572,8.78938674440379,0.08247335376087221,8.768828192587796,0.1295486825774777,8.886026279573572,0.22316974499447556,0.7816952513525827,0.020558551815998135,-0.09663953516977751
b'2014 SD403',110.52366453,0.1584078,0.66476894,0.00045677,26.38652338,0.00010945,305.14866507,0.02017758,9.08243136,0.00054137,59521.72816853,3.49104571,37.05096504212321,0.10357744509718124,38.19075921,0.00323838,37.37531246,0.00193694,24.15132711,0.10085162,7,8,11.52747,19.3867953816,-19.6797050331,-25.1748953595,1.0684817309,0.5641421497,0.545641789,2.577222168913453e-06,-2.7841930374628806e-06,-3.5540900619913333e-06,7.152558760089287e-08,1.5228996178309354e-07,1.8168625857864403e-07,3.008577009908905e-06,3.840412692513041e-06,-7.493169187289414e-08,-1.6710864907051392e-07,-1.9957693670661055e-07,4.902390945250231e-06,-9.57824830492367e-08,-2.1317079484268308e-07,-2.545844013009232e-07,1.0194449281759037e-08,-4.801590790150217e-09,-6.480518109703387e-09,1.896767154617165e-08,2.3436708684199303e-08,2.9036492742688104e-08,b'Detached',b'',9.181829545302476,0.19454883208570273,8.11392049623227,0.0941756973648789,7.73724336279828,0.09396387758857551,7.607307756412274,0.17249410332503037,1.067909049070209,0.3766771334339927,0.5066127398199992
b'2014 SD404',36.41240283,0.00131162,0.19732006,3.637e-05,22.92233579,4.848e-05,250.97183551,0.01545129,96.7204089,0.00025716,50949.5044474,1.99786964,29.227505218979086,0.0020322110725369403,30.1923167,0.00028019,30.56028763,0.00020184,23.59465742,0.05736739,13,17,55.87978,24.1754713662,18.269105666,-3.9645355948,-0.4643312554,0.9770593602,0.5754529045,4.920014024447068e-08,3.693707290733047e-08,-8.925352617886024e-09,-7.1960760594734884e-09,-3.5761807523014073e-09,2.075829772344116e-09,2.7766276991725584e-08,-6.695627910088328e-09,-5.244769253160256e-09,-2.5580222904115756e-09,1.534675498784545e-09,1.6350975851043068e-09,1.372244071508179e-09,7.040577303755225e-10,-3.8921501698613096e-10,2.6090474680093397e-09,1.803088845602607e-09,-5.417000536415134e-10,1.320237548991239e-09,-3.472572320064646e-10,1.2878943196687678e-10,b'Resonant 4:3',b'',9.405631328946454,0.1480520694095411,8.644110027511813,0.11090531890782535,8.487288749041126,0.10088722737494549,8.419986329939475,0.19010926466468409,0.7615213014346377,0.1568212784706882,0.2241236975723367
b'2014 SE404',74.84729814,0.04662066,0.40462493,0.00031979,41.49108568,0.00056921,325.83384769,0.18356814,335.95777992,0.00062039,57927.4782612,46.72272345,44.5622152451431,0.05162222795013906,45.35255074,0.00374504,44.57098324,0.00220759,23.88521211,0.09979581,8,9,9.86385,24.7621555077,-23.0333434087,-29.0322801872,0.8710906596,0.0868220187,0.6923276508,4.114139315131175e-06,-3.978323839453428e-06,-4.997573099730559e-06,6.965857668576392e-07,-5.065418751305082e-07,-5.688128601595317e-07,3.847416194611204e-06,4.83309139690574e-06,-6.665593598785073e-07,4.82915214003481e-07,5.411933409892426e-07,6.07160938593688e-06,-8.341523532951186e-07,6.033676512895606e-07,6.758832801442517e-07,3.4219873600595914e-07,-3.101498991872973e-07,-3.8070704003999333e-07,2.87063359366295e-07,3.5470610297345576e-07,4.3954738034978063e-07,b'Detached',b'',8.050478490248919,0.1665156559806298,7.345532306645778,0.1102039333210315,6.984354063877001,0.12838210814973997,6.94043125519393,0.22831632330297766,0.7049461836031438,0.3611782427687768,0.40510105145184877
b'2014 SF404',41.35460191,0.00237164,0.14783985,4.124e-05,29.03866435,1.397e-05,265.93876632,0.04889829,109.60942514,0.00045543,57200.35618163,9.65092689,35.240743736588165,0.003723465822696765,35.13364896,0.00035451,35.24136802,0.00026002,23.55460225,0.05559118,13,17,40.80207,29.6233629484,14.6146603034,-12.2809646048,-0.327491938,1.0086968719,0.4034643121,8.755104025922984e-08,4.3845235387075997e-08,-3.763716312604183e-08,3.729826707151197e-09,6.009779742103196e-09,-8.237773774319396e-10,2.1985937342885398e-08,-1.8851132036126716e-08,2.136474525715184e-09,3.1456444399006025e-09,-5.237797583167082e-10,1.6200459560471203e-08,-1.5632394965849564e-09,-2.5601109818060413e-09,3.2740203129190327e-10,1.0432747019726286e-08,5.835912588162003e-09,-4.351436980357366e-09,3.463785595528828e-09,-2.404409306218125e-09,1.840435582763035e-09,b'Classical',b'',8.836619087113837,0.10371937162690073,8.086386654896886,0.08451315543024704,7.870321779437704,0.09804206928589666,7.713439818768839,0.14194521727974788,0.7502324322169557,0.21606487545917866,0.37294683612804463
b'2014 SG404',78.25519059,0.00607468,0.5017817,4.034e-05,31.61244788,0.00011304,321.23589295,0.0209517,66.73378679,0.00027595,60221.09854947,4.1365671,38.988167872796865,0.006031394342916817,39.23623452,0.00036139,39.37732859,0.00027693,23.92724277,0.06464475,12,17,32.24373,33.9357519567,16.9591573431,-10.5511008204,-0.2804924879,0.8507492347,0.8367543767,9.610696701684479e-08,4.88853814490069e-08,-3.040825712280245e-08,1.658158515047896e-08,1.0954856627795811e-08,-3.022650535047857e-09,2.4904222416583612e-08,-1.5462258142883433e-08,8.821655724644968e-09,5.768257366786664e-09,-1.652661575165445e-09,9.652392820720618e-09,-4.940392051248571e-09,-3.305276007381983e-09,8.584102629670375e-10,1.6636997865322034e-08,9.090350702432242e-09,-4.649684913392052e-09,5.0309363312137705e-09,-2.5045028887431177e-09,1.3485230590527595e-09,b'Resonant 21:5',b'',8.521598745351527,0.09857003217154885,7.880888362915135,0.07030040602693793,7.437676435844564,0.09066676507688726,7.347822958706351,0.14708411958818463,0.6407103824363899,0.4432119270705742,0.5330654042087851
b'2014 SH404',67.60848991,0.01371496,0.44400348,0.00017203,27.74563226,3.745e-05,323.7315363,0.0134358,122.57791087,0.00061606,71274.18873122,0.99562192,37.59008525054273,0.019091836940067428,44.89689416,0.00063562,45.12198227,0.00045834,23.93757211,0.06600233,9,11,13.1969,37.0589219122,22.2357155807,-12.9692923166,-0.7019875329,0.7183808487,0.398232211,2.721137985513406e-07,1.6251762464082192e-07,-9.777497505525244e-08,-1.2434942370906081e-08,-3.8919327704424e-10,5.138964483775731e-09,9.724109680981613e-08,-5.8416570622901116e-08,-6.758326628594838e-09,1.4794456790014468e-10,2.8411477300986064e-09,3.526122440160868e-08,4.539312664210557e-09,1.9508048661737772e-10,-1.9191683862978102e-09,1.807457508837482e-08,1.1448965420423798e-08,-6.437101505161714e-09,7.49967072360432e-09,-4.0627086663170106e-09,2.3229300248829882e-09,b'Detached',b'',7.883444786933948,0.09890060447564884,7.396956223093001,0.07380787358608906,7.426823011277817,0.1071668132766867,6.826614046556363,0.2099847492863168,0.4864885638409463,-0.0298667881848105,0.5703421765366422
b'2014 SJ404',39.14013066,0.00109995,0.23191211,2.203e-05,23.54340397,2.456e-05,309.74215489,0.01032049,102.2554916,0.0002121,61128.28544734,1.49740975,30.063060498395807,0.0016338177988382504,30.27137288,0.00014956,30.58359863,0.00010866,23.45109035,0.04544085,19,22,54.72085,24.7403075671,17.1444109494,-5.4169049949,-0.630504842,0.9160552083,0.5817106353,1.4679840202274115e-08,1.0064955949846629e-08,-3.4185106559796368e-09,-8.274118294595499e-11,7.505514706997731e-10,2.832382285822715e-10,6.924522165401333e-09,-2.3408931795652114e-09,6.907568292435012e-11,6.073821511342319e-10,1.6758383261399972e-10,8.0538040710416e-10,6.02309293441025e-11,-1.441094694198277e-10,-7.575477765949227e-11,1.251223664688101e-09,9.276724648593408e-10,-2.676994909557938e-10,7.382088742574245e-10,-1.84335802913397e-10,6.581351296595601e-11,b'Classical',b'',9.170564553457977,0.08057879523606358,8.570596233075841,0.05453414468347378,8.289293774094977,0.07934314215586839,8.604247979489378,0.2185961213132884,0.5999683203821331,0.2813024589808645,-0.033651746413534495
b'2014 SK404',62.51287699,0.00515612,0.41445776,5.083e-05,26.16250629,2.611e-05,243.13415422,0.01126856,128.14371229,0.00036077,54170.90905792,2.0467145,36.60393003255579,0.00615981593366125,36.79413089,0.00028661,37.07293837,0.00020413,23.76237029,0.07369952,12,18,59.28505,29.7378775059,20.3445937045,-8.7269070965,-0.5087774721,1.0694804166,0.3123401471,5.295761918088519e-08,3.583449062493477e-08,-1.622014791659328e-08,2.0061918601582224e-11,3.000019931520225e-09,2.635824704113681e-10,2.4293048072544077e-08,-1.097909704577292e-08,2.2180805794544207e-10,2.178604525672153e-09,1.1756727286949043e-10,4.992879266100617e-09,1.1987632899038754e-11,-9.037124029463852e-10,-9.414375047061119e-11,3.4465285835179247e-09,2.622316801262788e-09,-1.0285742526056148e-09,2.1802512820627193e-09,-7.697915397091849e-10,3.203034029378295e-10,b'Resonant 3:1',b'',8.675931683329972,0.11380602882089308,7.976755582392967,0.07908547820119555,7.798201706307816,0.10070640327737165,7.556583245083447,0.18843810929975774,0.6991761009370026,0.17855387608515327,0.4201723373095206
b'2014 SL403',43.60735406,0.00501704,0.14413456,0.00014773,35.38908798,2.735e-05,194.53381363,0.02241405,61.15433806,0.00038638,38324.92811879,5.30948722,37.322027252826295,0.010188091261951979,42.21680608,0.00088692,41.79045643,0.00063195,23.82356215,0.06516521,9,11,20.91541,31.7371423939,-2.0107013406,-27.1137072682,0.5045827139,0.7924320902,0.3205715735,4.437998592200287e-07,-3.197693854362398e-08,-3.887493609259929e-07,3.799445826816464e-08,8.67100094503946e-09,-2.1087813419752626e-08,2.387440633734801e-09,2.806049316571886e-08,-2.1273190632118844e-09,-6.540506737322905e-10,1.0014591369222688e-09,3.406463280260958e-07,-3.2631960983085945e-08,-7.62945093779576e-09,1.7923442343909773e-08,1.161111872006961e-08,3.147734042413341e-10,-8.88853514049326e-09,2.0468290874354584e-10,-4.909927361780182e-11,7.027398146732609e-09,b'Resonant 7:4',"b'7,4,-2,0,1,0'",8.223195140898907,0.14122675318262248,7.528777023106587,0.08610804356373972,7.475202790261923,0.1293027142059138,7.0831363012257835,0.12948221761392578,0.6944181177923179,0.05357423284466409,0.44564072188080395
b'2014 SL404',41.72197475,0.00157947,0.07171201,9.593e-05,25.97985265,3.19e-05,141.45819948,0.08019681,97.48464493,0.00047348,21919.09830087,25.40449785,38.73000802365009,0.004443360667449126,43.66150674,0.00045916,43.75567542,0.0003551,23.92434409,0.05598294,15,23,35.51023,37.9724678949,17.2332556881,-13.2538942193,-0.1810349993,0.8218627452,0.3887862047,1.583377463833185e-07,7.10636426072689e-08,-5.716316964564163e-08,-1.2373419463659427e-08,-2.8519400926881887e-09,5.548142748478107e-09,3.1929167142515257e-08,-2.565939005499889e-08,-5.418728064088279e-09,-1.2266709992829895e-09,2.4455888509652247e-09,2.0668900503655597e-08,4.513352953219598e-09,1.05407636482199e-09,-2.0310784902205674e-09,1.3125175916075344e-08,6.201058454081058e-09,-4.605229874687372e-09,3.0038643383964065e-09,-2.152881128270171e-09,1.6376898258760561e-09,b'Classical',b'',8.056692830413974,0.09302184726591041,7.5044179057277685,0.06806369435559805,7.125055908367036,0.08293614275236161,7.015757828057756,0.1491119253379201,0.5522749246862032,0.3793619973607326,0.48866007767001024
b'2014 SM363',41.91824087,0.00140792,0.12210522,9.397e-05,23.22833371,6.51e-05,130.75584699,0.02105838,124.5510683,0.00034738,30039.05895248,7.83423268,36.79980475204139,0.0049373594258943785,43.38350864,0.00027202,43.33856352,0.00023657,23.18020237,0.05042497,19,25,44.30108,40.3229377399,10.0124955311,-12.3305195859,-0.0557087031,0.9200791089,0.1776621496,6.382077697000444e-08,1.585764357795746e-08,-1.9973505164188514e-08,-7.839878800965988e-10,8.509165081573712e-10,3.6155173992988585e-10,3.9619074370428084e-09,-4.9634014031347e-09,2.352852105209067e-11,2.6366578031454184e-10,2.2440860501566762e-11,6.267891634063797e-09,2.6722215356651716e-10,-2.6003423372251604e-10,-1.2656897438317733e-10,8.670206185210473e-09,2.3127423652226263e-09,-2.6939346111188917e-09,6.403581730437798e-10,-7.170435514782473e-10,8.432790805333488e-10,b'Classical',b'',7.423084869522034,0.10026742856215108,6.672316724821288,0.0870991889512023,6.320178814415138,0.10952013445580677,6.015944934306374,0.14016798883452744,0.7507681447007446,0.35213791040614906,0.6563717905149109
b'2014 SM373',45.54816435,0.0014298,0.16232553,3.576e-05,25.41872246,1.393e-05,252.7400905,0.02132326,106.14413561,0.00027712,52444.08384749,4.60006877,38.15453431455703,0.0027358674989285156,38.35312062,0.00020347,38.55198936,0.00015147,23.24907044,0.04473857,18,27,46.53688,32.4105551966,18.3070282987,-10.0331705018,-0.332673001,0.943934924,0.4256491422,2.9243346967465343e-08,1.636217916485659e-08,-9.39609172514504e-09,5.917668938016724e-10,1.350306570499625e-09,1.0163206791349205e-10,9.17370272121579e-09,-5.258691665819666e-09,4.245925386771186e-10,8.070735817044961e-10,2.921604150140795e-11,3.032396915757194e-09,-1.6970159530149685e-10,-4.206092601429714e-10,-4.373870813388596e-11,2.726888794669414e-09,1.6870242932030564e-09,-8.229573322530072e-10,1.0836866716367382e-09,-5.00553049754282e-10,2.5653071824138387e-10,b'Classical',b'',8.049100751695908,0.06630560227986021,7.355415116620238,0.04997594447844193,7.112924251958889,0.05358251550246697,6.851519347437248,0.0968431953897366,0.6936856350756696,0.24249086466135292,0.5038957691829916
b'2014 SN350',42.824559,0.00134736,0.18892049,3.187e-05,32.05830626,6.672e-05,258.56847475,0.01203387,171.6810322,0.00011682,64449.38621023,2.13004223,34.734122273390604,0.0023251950151215455,35.51350526,0.00021517,35.84020929,0.00015791,23.01620083,0.03301447,20,30,53.05855,29.2038069519,20.108936288,-5.2238819746,-0.7369352431,0.8573650496,-0.068426112,3.057119855655572e-08,2.1159390887764157e-08,-5.786842479090473e-09,-1.7093865313299636e-09,6.952936294395941e-11,8.182217119367579e-11,1.4659033241156353e-08,-4.006987464500099e-09,-1.1041349238098562e-09,1.0535235718723798e-10,4.090624074339062e-11,1.1019465171641262e-09,3.081721519340748e-10,-2.459541014166616e-11,-1.4034802873293164e-11,1.363515016539473e-09,9.485063790087352e-10,-2.591352109879316e-10,7.200323235049736e-10,-1.9142955808909492e-10,5.438672702122457e-11,b'Classical',b'',7.997634496839156,0.055361502338257707,7.411693388984139,0.040138876658179286,7.229192822058311,0.04746810322910544,7.111320080991161,0.0789100152193065,0.585941107855018,0.18250056692582894,0.3003733079929768
b'2014 SN363',44.8503971,0.0020658,0.19120772,7.389e-05,27.13170646,6.554e-05,267.41237445,0.01995943,59.92415901,0.00017084,48382.19736672,3.53670095,36.27465477269004,0.004891823525033383,37.86256786,0.00021566,37.91374692,0.00018097,23.03747452,0.03706919,12,18,61.62513,34.5450574792,12.9673112533,-8.7143587258,-0.0155330385,0.862286286,0.6783088278,3.8518971388588504e-08,1.4452560263590716e-08,-9.947319662035635e-09,5.9364450138629976e-09,3.1260914698149684e-09,-7.647862651840961e-10,5.438941463058131e-09,-3.7246105858749594e-09,2.4707539295101266e-09,1.2679974890349747e-09,-3.477911719389308e-10,2.5820928593190646e-09,-1.325818871956875e-09,-7.276019044520931e-10,1.4691397843483152e-10,7.0535527199333715e-09,2.8459597037060143e-09,-1.6494891292515915e-09,1.1683926746800715e-09,-6.52280681600433e-10,4.0123847838570074e-10,b'Classical',b'',7.598589749429232,0.06816003683434683,7.090286999672413,0.05178776911219971,6.956709496068536,0.05698847029605808,6.791434240888298,0.09271575777481653,0.5083027497568223,0.13357750360387524,0.29885275878411277
b'2014 SN373',103.64756732,0.06454947,0.63834957,0.00028047,32.47175909,8.021e-05,349.90299573,0.01272846,115.57793083,0.00042239,70581.21671929,0.29365319,37.484187552876335,0.05238639370138456,46.64963552,0.00065773,47.15602364,0.00045929,23.32530938,0.04970027,11,19,29.28835,27.7460626754,36.7112586616,-10.3019444199,-0.9419642456,0.2919252362,0.5680256424,1.4915636464401647e-07,1.9730909392733117e-07,-5.780187484631718e-08,-1.987790257251105e-08,-2.229514958824081e-08,9.13861108290458e-09,2.610921645050476e-07,-7.645972263196704e-08,-2.5491885622475173e-08,-2.842892967664913e-08,1.1787311720583667e-08,2.242470052337295e-08,7.975778675672786e-09,9.006047608912618e-09,-3.6490058925748996e-09,2.118491908640949e-08,2.773447475384207e-08,-8.221255106645246e-09,3.6446893079878024e-08,-1.072794935817503e-08,3.2190480386203466e-09,b'Detached',b'',7.563885196147199,0.1110206004019882,6.53390780007849,0.08031467752403683,6.393806278531583,0.08193992237623486,6.731542240852539,0.1751128492265636,1.0299773960687086,0.1401015215469052,-0.1976344407740493
b'2014 SN403',129.56130325,0.10125301,0.69816479,0.00028972,31.19709833,1.264e-05,208.90889511,0.01591092,140.35103411,0.00044393,44436.27494281,0.56857053,39.10616336982891,0.06807643185953278,48.11817938,0.00056917,48.6304132,0.00039777,23.33894984,0.05697742,14,18,38.07573,28.2565869094,38.0385797069,-10.9338391443,-0.5169406216,1.0148076081,0.1534912886,1.0960110924031826e-07,1.4672403367584237e-07,-4.418602112381345e-08,-2.5913714396530998e-08,-3.035245454373639e-08,1.0289792926335498e-08,1.9664445224815095e-07,-5.916886637198355e-08,-3.2968080323049525e-08,-3.822932208183013e-08,1.3077441397710254e-08,1.7838805871610868e-08,1.0396185035827979e-08,1.2163879784211662e-08,-4.124905987271229e-09,2.4481212284466136e-08,3.2675691952877944e-08,-9.844069710116673e-09,4.386844037295783e-08,-1.3152904366764776e-08,3.9731230028723695e-09,b'Detached',b'',7.508930834570242,0.14911231146031229,6.49798063758824,0.0725924637981665,6.1445016646925,0.08684454537509274,5.753332329270444,0.09649350065399752,1.0109501969819992,0.35347897289573843,0.7446483083177976
b'2014 SO350',75.80082381,0.004107,0.54352804,2.28e-05,24.04236006,2.618e-05,244.16479927,0.00492214,140.99697056,0.00017886,56351.56048735,0.80694611,34.60095032473803,0.0035990797659939027,34.35480907,0.00017501,34.6731502,0.00012638,23.28743253,0.03996489,20,33,53.52404,27.8131497343,19.8454064871,-5.9004989691,-0.6738838815,1.111417356,0.2632102116,1.972165936678662e-08,1.3979310577674308e-08,-4.444017653070599e-09,-1.1560390965559053e-09,1.8567698322038622e-10,3.219457287043608e-10,9.926087493396995e-09,-3.1503850631472996e-09,-7.277298085694777e-10,2.02365248789935e-10,2.0787033502452494e-10,1.0072134771810647e-09,2.659990001095249e-10,-3.763935753578048e-11,-7.394410686251117e-11,1.0184093198947041e-09,7.208344045632058e-10,-2.293240225813877e-10,5.697316739708149e-10,-1.5945528885620202e-10,5.500844041507201e-11,b'Resonant 4:1',b'',8.777760311724299,0.09961143623527834,7.874779624494055,0.05224391455666932,7.279727242821279,0.06321237669565644,7.08815182128575,0.10570334063996255,0.9029806872302404,0.5950523816727752,0.7866278032083021
b'2014 SO363',41.73627667,0.00144264,0.09613596,9.929e-05,23.14696035,4.375e-05,309.87070724,0.05897602,119.69006505,0.00041553,70058.40554873,11.7622515,37.723919611636276,0.00421698976999092,39.13439061,0.00036696,39.18956014,0.00030137,23.47358465,0.04716052,12,18,28.44878,35.2851646387,13.5711833907,-10.3248129298,-0.3475256279,0.9217070973,0.3160941807,1.0882934169155715e-07,4.1577389407941964e-08,-3.290923180072354e-08,2.4157077772152476e-08,1.3243595949723044e-08,-6.623529863825834e-09,1.591495977145011e-08,-1.2572075568904828e-08,9.588188796234138e-09,5.197914949143503e-09,-2.637035965645688e-09,9.966876690563662e-09,-7.253902973753256e-09,-3.9838968687170505e-09,1.9824337078502204e-09,1.3908815540389138e-08,6.355962786713234e-09,-4.017449237226361e-09,2.9859951508339924e-09,-1.8250820578299127e-09,1.1706831814829008e-09,b'Classical',b'',8.94871673075147,0.1954971117138454,7.534993910153924,0.08610052999275551,6.995308200039334,0.12104470725612333,6.787824598651097,0.15380050647268878,1.4137228205975416,0.5396857101145885,0.7471693115028253
b'2014 SO373',41.82035303,0.00112368,0.12747128,4.749e-05,25.98647637,4.504e-05,203.2312991,0.02256731,132.98977785,0.00018383,49434.87566003,4.44640573,36.48945894986017,0.002882556601367651,37.32680262,0.00015436,37.34853606,0.00012844,22.77127246,0.03038719,17,25,33.17682,33.9265945382,11.5591992538,-10.5016304364,-0.221364841,1.0461596974,0.1677125611,1.9533890344358696e-08,6.682903345253012e-09,-6.2611917683656294e-09,3.2835926601821213e-09,1.803251088272047e-09,-1.0026691888556059e-09,2.2977843414217996e-09,-2.1420474186046614e-09,1.2614119141507653e-09,6.645314770591727e-10,-3.870383121260594e-10,2.01190349221648e-09,-1.0430905581791252e-09,-5.746075930198587e-10,3.1700705204613026e-10,3.4684541900336036e-09,1.3346684003428217e-09,-1.0997092977119182e-09,5.342221408041573e-10,-4.221738543844551e-10,3.5162401124823627e-10,b'Classical',b'',7.556909198257733,0.04907103603056126,7.039462846442719,0.035410725235093726,6.809340086220589,0.036212193561850126,6.831948278525859,0.07874445594721136,0.5174463518150156,0.23012276022212885,0.20751456791685685
b'2014 SP363',62.40595888,0.0020892,0.31526793,3.434e-05,31.22804792,5.327e-05,267.85393397,0.00901187,145.44830502,0.00013723,66309.3329665,1.99324485,42.73136127110336,0.0034640808842162432,44.60559573,0.00018002,44.67352736,0.0001436,22.77395276,0.0262729,18,30,59.12248,39.5023065781,16.2780788536,-13.0505161092,-0.5171088812,0.9257193781,0.1092436438,2.5352366221345705e-08,1.0207480500730431e-08,-8.653705740953527e-09,-2.006597528043872e-10,7.022455731722302e-10,1.9949550189739857e-11,4.118037649455049e-09,-3.4849688888786277e-09,-3.234201096309333e-12,3.1567813324560023e-10,-1.851355624773368e-11,2.9586254857494056e-09,6.373849094081173e-11,-2.4169323440296575e-10,-6.132914324569039e-12,1.8079099278717347e-09,7.824690888743752e-10,-6.203592447203482e-10,3.661160474972756e-10,-2.7037070317276853e-10,2.1568765501058474e-10,b'Detached',b'',6.9300790831815124,0.04669345299629445,6.196768618416231,0.028483739766376012,5.862154231054619,0.02950682046649053,5.731491938377191,0.056706473566125,0.7333104647652818,0.33461438736161303,0.46527668003903905
b'2014 SP373',39.49480885,0.00078373,0.32305383,2.369e-05,24.45552249,2.835e-05,311.97289585,0.00176742,158.84385744,8.05e-05,69581.25694266,0.2044811,26.73585954768406,0.0014015091639659693,33.89314048,0.00010156,34.15517314,7.975e-05,22.41576339,0.01990779,22,29,57.06285,29.5650136772,16.543403619,-4.3360829318,-0.8170313603,0.7933812129,0.1297746615,7.730375229394172e-09,4.307101618262744e-09,-1.2113045454342885e-09,-1.2849227923615465e-10,2.2274153569335374e-10,8.696675518731843e-12,2.404954456133136e-09,-6.751754147724273e-10,-3.8526867263728776e-11,1.4400550761330552e-10,-3.7821427744915684e-13,1.9215633653809657e-10,1.8429735378320398e-11,-3.593043361709556e-11,-1.7885728658142118e-12,4.676793775527547e-10,2.876972302652979e-10,-7.424839171775612e-11,1.896243849912892e-10,-4.617490234704353e-11,1.2427702526856413e-11,b'Resonant 3:2',b'',7.584567706133738,0.03315882190645168,7.024567344539983,0.03194408150262709,6.836831910503102,0.03582086795736036,6.653639947294737,0.06023863176723866,0.5600003615937527,0.18773543403688545,0.3709273972452477
b'2014 SQ350',43.08458516,0.00204018,0.10824233,0.00016748,29.8170199,0.00022664,214.63534194,0.03716144,66.3774155,0.00028827,28449.14289161,14.82094324,38.42100911901667,0.008496026261837639,43.99240596,0.000422,44.4372442,0.00030272,23.6040988,0.06069769,13,15,48.53876,34.0496159278,28.5466825724,-0.6158258227,-0.3446437964,0.5746928651,0.6423295472,1.0407991768256273e-07,8.77204690161413e-08,-2.550485163966702e-09,-2.6818438874445335e-09,-1.2769781594746285e-10,1.922738966840496e-09,7.398720217885169e-08,-2.1370226588180726e-09,-1.743206285682405e-09,3.1800342044891787e-10,1.6049685425954157e-09,9.695978727432343e-11,5.096612157787156e-10,3.73450187364852e-10,-6.446592317298744e-11,1.7732744775719955e-08,1.4722871813688196e-08,-5.934569049282787e-10,1.2295665747549482e-08,-4.560355812397437e-10,6.96737793044812e-11,b'Resonant 12:7',b'',7.501659078842204,0.13830201992737504,7.068627434597994,0.09367182059003473,6.738494656593806,0.08771542587158387,7.135669338065332,0.2685208721416003,0.43303164424421053,0.33013277800418767,-0.06704190346733972
b'2014 SQ373',46.06160305,0.00363904,0.15849993,0.00018988,29.90931916,1.915e-05,339.51123863,0.03111103,131.18784428,0.00034086,72838.14109926,4.42460246,38.760842294085805,0.011662074146784948,41.4973753,0.00042604,42.01052439,0.00029953,23.25675761,0.04162909,14,23,40.3946,24.7468643657,32.8709915756,-8.4837949471,-0.7966351503,0.518188053,0.3472200808,6.320589503485377e-08,8.343270013131385e-08,-2.268641653015437e-08,-1.2825173515736767e-08,-1.5332242799545305e-08,4.8824742435639576e-09,1.1017852346089962e-07,-2.994608091010447e-08,-1.645102905555243e-08,-1.9592120310902384e-08,6.277168020626954e-09,8.153587074406662e-09,4.700822810398534e-09,5.6343140705025965e-09,-1.7861157309702316e-09,1.308190189572769e-08,1.7232155211374248e-08,-4.660458393332752e-09,2.2764479413428088e-08,-6.132183080993676e-09,1.6690952229752094e-09,b'Classical',b'',7.975632470817024,0.11376129475252353,7.002201832661294,0.058763043119440056,6.552030648516668,0.08194740399681778,6.424457206043771,0.1085998292122889,0.973430638155728,0.4501711841446265,0.5777446266175221
b'2014 SQ403',139.22037495,0.12267056,0.66573681,0.00035749,44.04427869,0.00019301,190.77700664,0.03169375,180.321588,0.00036331,46234.67626392,5.55166129,46.53624702133921,0.09073535833408267,51.30074195,0.0008224,51.75057801,0.0005496,23.58280182,0.0643126,12,18,22.03628,31.4317467878,38.5247931309,-14.3529764373,-0.658072258,0.8418913999,-0.3192657803,2.503060884651595e-07,3.0453057582965e-07,-1.1774929863961304e-07,1.0209275833994502e-08,2.2228035134005245e-08,-8.763018934424871e-09,3.707384908263414e-07,-1.4333610820498526e-07,1.4681245203287609e-08,2.9842712914700535e-08,-1.1745068193285392e-08,5.5475421981694335e-08,-5.808647574325775e-09,-1.171095128927074e-08,4.589072715934907e-09,4.56825817022713e-08,5.7709243767060344e-08,-2.2219495920828123e-08,7.331648796441236e-08,-2.8226788586376154e-08,1.089619111302037e-08,b'Resonant candidate 10:1',b'',7.082980599867499,0.09666459564680928,6.440906498217876,0.07881892568102837,6.078958640015953,0.09807896795309871,6.079068115578329,0.1412428027354051,0.6420741016496209,0.3619478582019253,0.36183838263954915
b'2014 SR350',101.2856097,0.03805564,0.63517468,0.0001722,28.76649968,3.347e-05,220.03624827,0.00894453,35.12152894,0.0003546,44453.18791289,0.39980394,36.95155527414458,0.0312763910329452,47.14998196,0.0004669,46.47120737,0.00029523,23.30575735,0.04670914,18,28,48.35473,30.7309664323,-16.1848246189,-30.8744598091,1.0325856314,0.4861959304,0.0914495701,9.213177554832013e-08,-5.0029163743531047e-08,-9.53387127843197e-08,5.2601520969691136e-09,7.14906916453294e-10,-1.779109620403225e-09,2.7210228913155204e-08,5.1805844093911745e-08,-2.3198967267333582e-09,-6.740729097564978e-10,4.12578448442167e-10,9.871141501501226e-08,-4.892715190823203e-09,-1.0371124142124575e-09,1.2800375689705247e-09,1.0558642678155431e-08,-5.5357729368474704e-09,-1.0723413931567258e-08,3.048802662582489e-09,5.76529691682151e-09,1.1051218094284578e-08,b'Detached',b'',7.233775344874951,0.07091658513421552,6.5587353473385175,0.05741573347568584,6.180020979168544,0.052968307571201,5.897946587973751,0.07656819485027526,0.6750399975364346,0.3787143681699753,0.6607887593647724
b'2014 SR373',62.48442036,0.00641937,0.38345951,6.776e-05,35.58336238,7.976e-05,214.46924455,0.01660582,165.74606513,0.00030493,50971.61582098,3.09504749,38.52417530655004,0.007920796859238525,39.53598966,0.00062985,40.04326104,0.00043298,23.61304702,0.05829336,12,16,28.82583,23.7804647082,30.7371749615,-9.652892213,-0.8084604185,0.8282419771,-0.0461571545,1.3934748844540977e-07,1.798625615468009e-07,-5.9385452591278897e-08,-1.423886533653487e-08,-9.368642280141117e-09,4.015333311293124e-09,2.322718892160608e-07,-7.667615670687527e-08,-1.8118355665205924e-08,-1.1746245699503679e-08,5.069375329634609e-09,2.5349331075070314e-08,6.0049783881159354e-09,3.9074919985479146e-09,-1.6943412219649043e-09,4.0502830634973575e-09,4.648455465263477e-09,-1.5875515776177122e-09,5.919227389563572e-09,-1.952645552851606e-09,6.66133273774779e-10,b'Resonant 3:1',b'',8.389902497913875,0.10298672237938535,7.5226938214157375,0.06597101720596064,7.364488939624033,0.10916292323282503,7.007651453052796,0.12198835490091907,0.8672086764981358,0.1582048817917034,0.5150423683629408
b'2014 SR403',55.53467997,0.0318884,0.42130064,0.00039449,27.45887212,0.00013539,17.73309231,0.04977914,53.38422222,0.00117854,88350.96224076,19.94159581,32.13788397892676,0.03840120982648495,59.45132989,0.00499488,58.67291998,0.00303528,23.84221297,0.06996239,8,13,24.80426,32.0934965235,-27.6442887027,-40.5994128224,0.3614461501,0.6217324358,0.3441894172,7.12109082950853e-06,-6.3501283021199966e-06,-9.307647698696396e-06,-6.747783870333292e-08,2.7324925449646516e-07,2.7279279713337183e-07,5.662977965886516e-06,8.300221622418144e-06,6.328597405488509e-08,-2.4635450937444937e-07,-2.472507185318637e-07,1.216597639059183e-05,9.089662670238292e-08,-3.5948085789881697e-07,-3.6002844606232135e-07,5.413371974336301e-08,-4.8491673398855156e-08,-7.094213367465472e-08,4.9948185046692044e-08,6.917124062066155e-08,9.791332882523145e-08,b'Resonant 5:2',"b'5,2,-2,0,1,0'",6.6454660468511175,0.11074106731197267,6.090719434592225,0.07881232806232065,6.102962482654911,0.12005840101544574,5.701545779936064,0.17176851685920963,0.5547466122588939,-0.012243048062686274,0.389173654656163
b'2014 SR404',46.1736573,0.00672373,0.14882733,0.00039514,31.18105152,0.00018488,26.58726732,0.0428777,10.8433528,0.00065091,79789.21085128,8.91725427,39.301755255474625,0.02155054685223997,45.56213013,0.00160719,44.83645729,0.00098565,23.96719485,0.07944896,9,15,34.66728,27.8364844865,-18.3075016002,-30.0045566299,0.6465757051,0.4590684179,0.5276126001,9.549252658526168e-07,-6.536597324250693e-07,-1.0617875750857207e-06,1.3526355181942078e-07,-6.090728582433689e-08,-1.0637752420466822e-07,4.4756801331809753e-07,7.269324500367001e-07,-9.100963211945906e-08,4.062829223532292e-08,7.107072153089619e-08,1.1808377132943296e-06,-1.4813495904903657e-07,6.617473994174943e-08,1.1579815745722431e-07,5.870351130579252e-08,-3.583504992249037e-08,-5.9023549006243736e-08,2.266120396848582e-08,3.7056633672995236e-08,6.079466014455311e-08,b'Classical',b'',7.954005175770773,0.11574097949997889,7.341377886920414,0.08933475991165432,7.1375325358482495,0.0896985245804847,7.161881610990216,0.19929113803601528,0.6126272888503546,0.20384535107216709,0.1794962759302027
b'2014 SS373',57.65318399,0.00199195,0.34751487,4.093e-05,29.96397311,3.443e-05,343.77135036,0.00690297,76.06889067,0.00014545,68017.29944181,1.03541804,37.61784552950305,0.0035799478681261556,41.28328309,0.00014888,41.34467935,0.00011433,22.75883996,0.02565402,23,36,39.64425,35.7766362852,15.4545489804,-13.8047717289,-0.3395603142,0.7879910555,0.7002364684,1.649535827246057e-08,7.121234791536221e-09,-6.545309484661013e-09,4.0792670581379715e-10,5.849873810063196e-10,9.304413176560173e-11,3.0803307503032503e-09,-2.8260171774566446e-09,2.1396461658744134e-10,2.686949103346601e-10,2.642335008952212e-11,2.602534143119198e-09,-1.4147001422516055e-10,-2.2226093943308858e-10,-4.618024658712604e-11,1.885143635888097e-09,8.99176500820308e-10,-6.90258469151639e-10,4.4090464918370057e-10,-3.238523303494116e-10,2.5889457179966983e-10,b'Detached',b'',7.512187154732532,0.05724922020119169,6.479402150602377,0.0321500801378527,6.138337177998482,0.03251666773352698,5.727731174938446,0.045413173516165015,1.0327850041301587,0.3410649726038906,0.7516709756639302
b'2014 SS403',45.33310075,0.00768857,0.13670212,0.00011287,25.72594903,8.259e-05,289.48708413,0.18609306,18.76520555,0.00059321,57635.28233717,43.27798934,39.13596963656023,0.011748581264524391,39.92125628,0.00136282,39.13677493,0.00081056,23.35011899,0.0593578,9,12,23.39016,22.4739968662,-18.9960265846,-25.8022787895,0.8629928329,0.5077751719,0.3814576293,5.941919455958212e-07,-5.126274567586941e-07,-6.981685109694162e-07,1.4782854383834607e-07,-9.140201045056506e-08,-1.3521174009187752e-07,4.4268079715543544e-07,6.02749496131917e-07,-1.2426803969994313e-07,7.600577423475535e-08,1.1278510227034843e-07,8.208272761450739e-07,-1.7023509097770636e-07,1.0437511790089534e-07,1.5478028034900608e-07,6.638343072344907e-08,-4.856340592367836e-08,-6.864705343448691e-08,3.661981584976539e-08,5.1355429279958134e-08,7.221193548962808e-08,b'Classical',b'',8.11738888075717,0.16420348329038725,7.597910573794005,0.12288875626540034,7.471991452693336,0.2054286082733374,7.218788858366308,0.1867215115009449,0.5194783069631632,0.12591912110066814,0.37912171542769596
b'2014 ST373',104.9369978,0.00889922,0.52191738,5.321e-05,43.14911758,3.3e-06,297.2282622,0.01071776,130.38064216,0.00014332,65872.88731973,2.83754467,50.16855441463603,0.00977720420852551,51.95127692,0.0002414,52.30444931,0.00014694,22.62178752,0.02095824,20,32,54.25856,29.6661244,36.2560790553,-23.263129891,-0.7708107455,0.6239471807,0.3890635496,1.903578375815352e-08,2.2760505997768564e-08,-1.5131038359285446e-08,-8.569301271916022e-10,1.0666337038859626e-10,4.3880857718973213e-10,2.7235174008579707e-08,-1.809840228417434e-08,-8.961885988791752e-10,2.8776861184391394e-10,4.2202021589978115e-10,1.2035536825553241e-08,6.524126670147245e-10,-1.200341588112509e-10,-3.2805567954798647e-10,1.8881766278471364e-09,2.3595910080879297e-09,-1.5196469194499091e-09,3.0296793243866402e-09,-1.9174601870572263e-09,1.2305626446075638e-09,b'Detached',b'',5.8919065889383315,0.04288908015810929,5.355426076850863,0.03131520965682815,5.230560969418631,0.037932987333671654,5.055741567310408,0.06658693388495478,0.5364805120874663,0.12486510743223289,0.2996845095404545
b'2014 ST403',47.94744621,0.01505044,0.15301721,0.00019373,30.00185119,0.00012392,253.9177667,0.10186899,64.35520673,0.00059769,59476.00865676,24.83553642,40.61066192221314,0.022002222717316326,41.45257462,0.00257373,40.67042262,0.00157639,24.20157872,0.11740952,8,8,27.13299,21.5340217859,-19.3721174796,-28.5497853914,0.7491745358,0.7414892954,0.09166646,1.7471858568521597e-06,-1.6384485593990037e-06,-2.416080716879661e-06,1.747100642392688e-07,-3.8808852647513535e-08,-1.3719290511576445e-07,1.5367580883546544e-06,2.265924072313805e-06,-1.6276309994340756e-07,3.5427041730545357e-08,1.2721283844726176e-07,3.3413647209699487e-06,-2.407355563537947e-07,5.2892168162124775e-08,1.8853337927662313e-07,2.6055968351081546e-08,-1.1351115490004719e-08,-2.5044330200407736e-08,7.416331178529179e-09,1.293800591868051e-08,2.5796438569977283e-08,b'Classical',b'',8.314445395733651,0.23177879184679342,8.028377348038203,0.191575064787917,7.676380200824104,0.19788686044914522,7.6186294468827125,0.26099399054573014,0.28606804769544897,0.3519971472141003,0.4097479011554877
b'2014 SU373',55.27100541,0.0032111,0.39771473,5.037e-05,28.14884667,7.21e-06,317.9374947,0.0079185,106.1865386,0.00026526,66372.55502317,0.94618958,33.28891228595282,0.004561680506590896,37.07661815,0.00025265,37.14546453,0.00019169,23.3761826,0.04245593,17,25,55.93867,31.8962468163,13.8276072342,-13.0848099828,-0.519739003,0.932730858,0.5225578541,4.6782922854180765e-08,2.011167636224463e-08,-1.986102359064105e-08,9.023246572031687e-10,2.2640237403809013e-09,5.575843137615711e-11,8.662457851882904e-09,-8.540083976929919e-09,4.6140841572036154e-10,1.0048337360110183e-09,-5.03966012401462e-12,8.446493825253838e-09,-3.7248915911813665e-10,-9.550836228818375e-10,-3.3401178653577093e-11,2.906524527296164e-09,1.4926351082706326e-09,-1.169473604645934e-09,8.435287995125018e-10,-5.854952574363263e-10,4.81238103142983e-10,b'Resonant 5:2',"b'5,2,-3,0,1,0'",8.37760996096682,0.07764742521249308,7.671868295284943,0.05879012635301996,7.407400948277365,0.06923800410230209,7.407797579818544,0.14051272652092783,0.7057416656818747,0.26446734700758273,0.2640707154664059
b'2014 SU403',57.75816021,0.00397191,0.1639626,4.698e-05,44.44303886,0.00013416,247.29498225,0.09127922,177.84629135,0.00042373,58223.88101345,28.74675592,48.28798182380643,0.006023307404765929,47.7535077,0.00069548,48.29525046,0.00050225,23.86781117,0.07619484,11,13,20.84615,21.8367171868,40.0104422026,-15.9609997836,-0.8730247114,0.4151116235,-0.1345966202,9.859170245320502e-08,1.8006179232250134e-07,-7.432098191273165e-08,-1.3698497396039126e-08,-1.859948712931858e-08,7.670716265021619e-09,3.2923665897763214e-07,-1.358631737365472e-07,-2.4389513371439947e-08,-3.2806732225729646e-08,1.3520507778398727e-08,5.615525380630318e-08,1.0047030558355637e-08,1.3489931476660578e-08,-5.590627586704291e-09,9.159962947894085e-09,1.7250081337818268e-08,-7.096249100813428e-09,3.327002449421877e-08,-1.3674104843194843e-08,5.650065629894964e-09,b'Classical',b'',7.511013570123824,0.09569097037078918,6.965686103880659,0.08193839334537825,6.87569939705533,0.11624574374061075,6.580492920071757,0.16766583061489715,0.545327466243164,0.0899867068253288,0.38519318380890466
b'2014 SV373',55.3927513,0.01933986,0.33179485,0.00049954,10.72476225,0.00012307,214.43830961,0.02746875,108.17646509,0.00185399,40120.69531309,2.53369874,37.01372171297428,0.04055804676478698,45.01182682,0.00038818,45.46605347,0.00027891,23.2971449,0.06353516,8,15,36.59953,35.1602379644,28.5855135249,3.71323316,-0.3688878503,0.8608453738,0.3848542873,9.144698974271204e-08,7.305491907437948e-08,8.823264836891085e-09,-6.863154664996046e-08,-5.228421841585091e-08,-5.601344910157513e-09,5.842941987335256e-08,7.062679366602248e-09,-5.316613270562931e-08,-4.04150754360893e-08,-4.309197212093968e-09,8.768430603353984e-10,-6.0059113912283485e-09,-4.545860087008306e-09,-4.739700988553406e-10,1.3582533884091422e-07,1.0741112188559408e-07,1.2567105577891651e-08,8.507005397892246e-08,9.967348300917376e-09,1.2086709577935963e-09,b'Resonant 5:2',b'',7.289986623581219,0.12347020443189018,6.744653105040262,0.10676092846959534,6.361854915710607,0.09349129529704787,6.24205898010579,0.13163276311615693,0.5453335185409549,0.3827981893296606,0.5025941249344734
b'2014 SV403',46.12854853,0.0219761,0.15700876,0.00088962,29.36454112,0.00043566,30.02552526,0.13953433,355.31550675,0.00116784,77967.07347252,23.54764191,38.88596254412786,0.05159397203199329,44.85788129,0.00489164,44.05983628,0.00287933,23.89995354,0.09331558,7,8,7.83745,24.4138305657,-22.9856028949,-28.5813944726,0.7150561757,0.3721904378,0.5362755418,6.982914753503332e-06,-6.806013805163769e-06,-8.487198873465144e-06,7.349478026761287e-07,-3.760028279340685e-07,-4.794142046239111e-07,6.633926104201241e-06,8.272501310805156e-06,-7.10800304659194e-07,3.6096196627638225e-07,4.603482939559812e-07,1.0316007082828674e-05,-8.864493238756441e-07,4.501408936254676e-07,5.74195054002197e-07,2.483028564318614e-07,-2.1264820201491022e-07,-2.658858104236116e-07,1.956329146143041e-07,2.440183809985734e-07,3.045979451594584e-07,b'Classical',b'',8.091906892751306,0.17122743542601607,7.416132646666872,0.13482530584190577,7.151260112561529,0.12842248241022414,7.431526004424027,0.3008854254246683,0.6757742460844304,0.2648725341053494,-0.015393357757148939
b'2014 SW373',55.66060351,0.00151294,0.35164,2.12e-05,20.85249558,4.929e-05,332.88368419,0.00741964,76.59301952,0.00018399,62723.88401232,1.31817453,36.0881091299003,0.0020667683915644103,36.95132538,0.00014449,37.19328511,0.00011522,22.91768267,0.03016932,21,31,59.86781,32.5917737458,17.4113251493,-4.2382187109,-0.5242604885,0.8308595939,0.6710253461,1.5962239197318877e-08,8.590933858762708e-09,-2.1710635533114518e-09,5.822417392227977e-10,8.573885116289285e-10,2.2898139871337376e-10,4.634484288432629e-09,-1.1681554141362923e-09,3.621487732071202e-10,4.866570609329482e-10,1.1824168836294826e-10,3.0295332088256964e-10,-5.6987814480289853e-11,-1.0346964535542404e-10,-3.623875349206848e-11,1.3573234247102044e-09,8.115827640723923e-10,-1.3341708719605405e-10,5.055274503667779e-10,-7.066842568740252e-11,2.1235331448455845e-11,b'Detached',b'',7.961785147313963,0.056011018671664296,7.1342316087133515,0.040164753722534315,6.833447180070285,0.04408774297156155,6.644301273670857,0.06355661082331723,0.8275535386006054,0.30078442864307003,0.48993033504249656
b'2014 SW403',42.57351715,0.00238298,0.18280955,3.341e-05,34.91693563,0.00010648,324.03855954,0.02435652,43.62681538,0.00020259,60026.10262482,4.63121306,34.790671693160256,0.0033168688246105393,35.082308,0.0003873,34.94536638,0.00031877,23.62134124,0.06768607,9,12,31.88495,31.4381155306,5.859161468,-14.0887809949,0.1766602216,0.7866469431,0.826953114,1.2025667862765455e-07,2.2581571728843706e-08,-5.547627829657348e-08,1.0116176893164821e-08,4.362575427190753e-09,-7.648330550108145e-10,4.26683476327714e-09,-1.0415530996562634e-08,2.0096613582749828e-09,8.340975431602955e-10,-1.8876616173055065e-10,2.562399052476718e-08,-4.545196352753684e-09,-1.9866183048446932e-09,2.924366400474746e-10,4.643434646319556e-09,1.157529775253033e-09,-1.639657550682075e-09,3.315858475854167e-10,-3.567679894402275e-10,6.691196370283045e-10,b'Classical',b'',8.520911129120256,0.140849202427649,8.027557857445982,0.1072798264984946,7.865436841825575,0.16681019377909836,7.857099915023118,0.1665006186984783,0.4933532716742687,0.1621210156204054,0.17045794242286738
b'2014 SX373',42.90383808,0.00151199,0.1635672,2.757e-05,32.86492284,1.583e-05,251.28253316,0.02442127,140.81267027,0.00028113,54575.79783001,4.87536625,35.88617761769936,0.0023602748460886734,35.56936048,0.00025446,36.03411505,0.00017241,23.14180448,0.0549054,13,19,36.5121,21.4109643214,27.4363875876,-9.3419853644,-0.7976447835,0.7576594872,0.2497614396,2.3551644374238966e-08,2.9238588318881957e-08,-1.0695009578837566e-08,-2.6381725345132042e-09,-1.6605809555734898e-09,1.1162432383714741e-09,3.636710573980659e-08,-1.3286563456795827e-08,-3.049136097481237e-09,-1.7391200201015014e-09,1.2784046953160084e-09,4.870768074420946e-09,1.1851409128053593e-09,7.337156808916861e-10,-4.966489775697928e-10,1.687889221410356e-09,2.0941634540089097e-09,-7.695706951112306e-10,2.756887458673971e-09,-9.674458892723851e-10,3.613187837434788e-10,b'Classical',b'',8.28264045054375,0.10457817003268717,7.633378724675529,0.11490333867446426,7.607218500196998,0.12778141832089826,7.447239830795835,0.10601097773267187,0.6492617258682201,0.02616022447853066,0.18613889387969496
b'2014 SX403',372.72665549,0.31182187,0.90470046,8.31e-05,42.93373573,8.4e-05,174.71420391,0.00455945,149.21707448,0.00011061,49258.76845803,0.36484323,35.52067698869403,0.06068473351758879,41.88206813,0.00022997,41.7657468,0.0001866,23.28732543,0.04131985,18,31,86.43108,37.2511626414,8.7557709854,-16.735141526,0.0925631426,1.2774567621,-0.3826409925,4.185273868906211e-08,9.428007437209773e-09,-1.9316008052611815e-08,-3.997555021339794e-10,1.1794447742835167e-09,-2.2583940144789832e-10,2.144486405627804e-09,-4.355682886245637e-09,1.497538894606381e-10,3.2429319697998794e-10,-1.637865293582416e-10,8.926753128321384e-09,1.0844833030085185e-10,-5.635078715232401e-10,1.3759465661483581e-10,5.051327999828412e-09,1.2653300036422667e-09,-2.3758716634095156e-09,3.6091752810323075e-10,-6.08296569265741e-10,1.127152743850239e-09,b'Scattering',b'',7.730153353293479,0.06748383123470242,6.986203203514416,0.049594774067647694,6.745421916727585,0.054783729258972964,6.512404922242206,0.10135575851686161,0.7439501497790638,0.24078128678683045,0.4737982812722049
b'2014 SY373',38.96223939,0.00253384,0.06730227,9.237e-05,25.48448251,2.238e-05,349.45508131,0.04517093,48.51399753,0.00028126,77436.20619501,8.12375198,36.33999215208975,0.003692142334182811,39.5276011,0.00067805,38.74021381,0.00040607,22.85384458,0.03955521,17,22,55.31815,21.5795987001,-18.8363655042,-26.0828760103,0.7357650021,0.6548335993,0.2367309598,1.3438979955896666e-07,-1.227074688896244e-07,-1.692996432783172e-07,1.454717913357184e-08,-4.461603167347323e-09,-1.0501306582786584e-08,1.120828031864583e-07,1.546162359832558e-07,-1.3046615401245991e-08,3.864829187477949e-09,9.297353170514985e-09,2.1332022810963157e-07,-1.8116972201828344e-08,5.43497921412364e-09,1.2971928828884855e-08,3.6199799414833126e-09,-2.293655718483261e-09,-3.6550910603128714e-09,1.759205675508504e-09,2.5830890427031777e-09,3.932795567783827e-09,b'Classical',b'',7.875588128502665,0.0813923599942184,6.864726776425938,0.071368248022048,6.583393500198843,0.052167689329649616,6.555265546063859,0.0814099092722726,1.0108613520767253,0.28133327622709436,0.30946123036207757
b'2014 SY403',52.01283235,0.00699792,0.30488503,0.0001733,28.79140447,0.0001335,176.71034505,0.01462448,118.81766882,0.00061345,42559.95423506,1.23459397,36.15489830645791,0.013631585572673242,42.585365,0.00052719,42.4527276,0.00043344,23.79670631,0.06943781,9,11,16.6635,38.1658806143,8.0756978719,-16.7446332141,0.1145283133,1.0385247508,0.1031926494,2.2327192228916114e-07,4.541516984439302e-08,-1.0074772505017366e-07,-1.073993404774829e-09,6.112287885740676e-09,1.3452229407465325e-09,9.30099910891302e-09,-2.049325974822436e-08,4.991029187371973e-10,1.3876622416811714e-09,-4.8034366636076844e-11,4.5508181182024404e-08,5.779234856896478e-10,-2.7373329153936622e-09,-6.622548923503362e-10,2.2710987486214074e-08,4.890137031770279e-09,-1.0201366823549947e-08,1.2650567350524631e-09,-2.174804160549053e-09,4.6222769817817504e-09,b'Detached',b'',8.216248398698118,0.12724210047880613,7.487123726709042,0.09502340552728086,7.085913304271111,0.08625329666388581,7.065754231280598,0.14447642194040475,0.7291246719890832,0.40121042243792676,0.4213694954284408
b'2014 SZ373',111.88265309,0.00590785,0.6719331,1.652e-05,29.60367804,2.754e-05,240.05676453,0.0029373,148.34791709,7.334e-05,58984.01353221,0.50605108,36.70499470323193,0.0037842645526933076,36.78586761,0.00012108,36.89237969,9.804e-05,22.76886572,0.02775248,22,28,51.55101,32.8598485196,13.8878277761,-9.4024610588,-0.5746964836,1.2035213277,0.1045423599,1.1679869482393774e-08,4.787777072334246e-09,-3.4684220584637903e-09,-7.087253781861336e-10,1.5873075242165028e-10,1.7958073612716604e-10,1.970801635399067e-09,-1.4224731078789205e-09,-2.4518880726691066e-10,8.61224459462546e-11,6.00078630147475e-11,1.0342008011535797e-09,2.0706052076525652e-10,-4.870989390407318e-11,-5.348231552883004e-11,5.94118757190366e-10,2.6104437436970343e-10,-1.774880891396964e-10,1.363430752107489e-10,-7.951152915645444e-11,5.423359112601149e-11,b'Detached',b'',7.8600906143888185,0.062189963768444476,7.063451284526744,0.03550967160006059,6.81579991515858,0.036863913559412785,6.676688498431728,0.056826610841757205,0.7966393298620703,0.24765136936816431,0.3867627860950169
b'2014 SZ403',42.77541562,0.00229981,0.1258402,4.48e-05,29.9086978,0.00011831,315.43477468,0.0619427,52.30371026,0.0001892,56609.83235205,13.54202645,37.392548753487326,0.003918519667722383,37.29954893,0.00035502,37.40063034,0.00029748,23.50753819,0.05680599,8,12,21.07884,34.0895815897,13.4250152417,-7.5150876659,-0.120103878,0.7592682296,0.7738364827,1.0355610607508536e-07,4.2578485771658825e-08,-2.2686083582127167e-08,2.5737881699003584e-08,1.2625058538696741e-08,-2.6034728060634944e-09,1.7537826896281615e-08,-9.324484764409557e-09,1.0796888830106027e-08,5.2753276593754705e-09,-1.108726210002626e-09,4.9980973509077645e-09,-5.436978797893737e-09,-2.678363213577006e-09,5.263652796894914e-10,1.4675277023236171e-08,6.703547747468554e-09,-2.1500257950816918e-09,3.081640683386016e-09,-9.652148365480867e-10,3.441830325983639e-10,b'Classical',b'',8.852191272828447,0.2289693006353708,7.787632325057368,0.09508504782373003,7.682725727535042,0.12429655782118598,7.318527335783207,0.14450858861282648,1.06455894777108,0.1049065975223301,0.46910498927416105
b'2014 TA115',42.32727338,0.00437256,0.10709345,0.00031651,6.91170778,0.00023391,248.47766783,0.15671109,84.55919072,0.00341852,45253.44172202,31.03708043,37.794299797994086,0.015378069874737915,39.03746066,0.00106974,39.29549234,0.00088326,23.92120623,0.1050311,8,11,26.2798,35.1346256913,17.3222979072,3.1035126534,-0.3725081883,0.865386428,0.4363067473,9.234852066298365e-07,4.457210692132809e-07,7.510576900437825e-08,-5.435850957857126e-08,-7.766675619972885e-09,4.532560128447366e-09,2.1529071367356524e-07,3.6255718575885717e-08,-2.6007817157958507e-08,-3.54480438677948e-09,2.2066040755461074e-09,6.2411253372457515e-09,-4.330485272298905e-09,-5.8703125149093e-10,4.565001571173993e-10,1.4189226307792683e-07,6.347613673591188e-08,9.0974977928009e-09,2.878704405294064e-08,4.2196749831483545e-09,7.264176025998502e-10,b'Resonant 5:3',b'',8.633157485637382,0.2042856841573752,8.1585945672637,0.19677441495402687,7.958385298877383,0.1773743785811331,7.794064340826099,0.3848485159155551,0.4745629183736802,0.20020926838632078,0.3645302264376035
b'2014 TA116',45.26787645,0.00771053,0.16528725,0.00027235,26.74356313,0.00032161,251.37437862,0.49963933,155.5716576,0.00140702,59230.63490831,108.41188728,37.785673508661745,0.018539407426489324,37.45245286,0.00081283,37.84374138,0.00056706,23.97800768,0.09557312,10,12,31.26298,28.1215232848,24.6403993015,-5.8463161142,-0.7256963228,0.8214540013,0.1201905139,3.755036130933997e-07,3.1655412496566366e-07,-8.213590588168301e-08,-3.3930955816833316e-07,-2.7840218398243284e-07,7.380712721688147e-08,2.683845586817104e-07,-6.934303133823478e-08,-2.524524712811079e-07,-2.0557267036167492e-07,5.4813219791649906e-08,1.800806273915632e-08,7.204626882476627e-08,5.901183775576059e-08,-1.56588654518791e-08,1.077228728870033e-06,9.194365609638847e-07,-2.365934166710942e-07,7.852793104127432e-07,-2.0197305622627717e-07,5.1997373843182086e-08,b'Classical',b'',8.87696999720655,0.20100422418066313,8.33550081180181,0.13687969479519152,7.923099697123684,0.1943969465618386,8.088132089560672,0.5394057410948893,0.5414691854047375,0.412401114678128,0.2473687222411347
b'2014 TB116',79.30063602,0.0117207,0.54591873,6.655e-05,27.66046168,7.546e-05,325.89001242,0.01260224,91.5383788,0.00028184,62444.21992539,2.03775347,36.008933329722225,0.01047262087839693,37.20170495,0.00052747,37.54945536,0.00036985,23.66259258,0.10113611,12,14,28.8469,28.8821796498,23.0120547461,-6.7990170762,-0.7143834982,0.758706224,0.7218199864,1.6530484617697634e-07,1.303612362630998e-07,-4.090126799143909e-08,3.339555093987758e-09,1.0709283496494863e-08,2.4762474421242145e-09,1.029171418184184e-07,-3.22447561352487e-08,3.1513953252828063e-09,8.880188690828851e-09,1.8455304231297832e-09,1.0171139562656687e-08,-6.262660884485726e-10,-2.473154265923252e-09,-6.671154836188945e-10,5.682182547750234e-09,5.11065560555278e-09,-1.1377286770923798e-09,4.978085353425197e-09,-8.768981207849284e-10,2.9955883855608164e-10,b'Detached',b'',8.585857468268197,0.12064373671119123,7.918581734291601,0.12924656761590364,7.83676001235275,0.11293457094069186,7.317153834738823,0.12657423268514803,0.6672757339765962,0.0818217219388531,0.6014278995527806
b'2014 TB86',45.55684323,0.00050706,0.17681367,7.56e-06,19.11315408,2.833e-05,330.53952681,0.00600097,50.23624933,5.912e-05,58574.4329148,1.28604413,37.50177050212856,0.0007589834853097374,37.39979798,7.838e-05,37.52794094,6.985e-05,22.41600497,0.01791568,25,38,47.50047,35.2941674813,12.556847989,-2.2346502289,-0.2693157476,0.831508886,0.689237695,5.428515970255127e-09,1.937155948848991e-09,-3.6764105635535077e-10,-4.6625502235217524e-11,1.2375699776612433e-10,1.0740200508111819e-10,6.947998604452099e-10,-1.2985252021954671e-10,5.711498482753097e-12,5.227069343143864e-11,3.70672618715846e-11,2.74549631569498e-11,1.970065325586206e-11,-2.2497556152025685e-12,-8.396437652369477e-12,2.690428976383108e-10,9.831120765842155e-11,-1.6203176750541157e-11,4.00759894195393e-11,-3.2100649243734795e-12,3.4412937666619394e-12,b'Classical',b'',7.124182466605619,0.028506739467766894,6.58770524393387,0.02499774853618092,6.369684965534313,0.030945493459330932,6.261552172408932,0.03937742554229544,0.5364772226717488,0.21802027839955868,0.32615307152493705
b'2014 TC115',54.7883552,0.00817781,0.3010872,0.00018353,10.17948654,0.00014155,227.23340098,0.01345738,85.43886475,0.00135309,39743.41862066,1.70138444,38.29228275643561,0.015397159418057044,45.63968689,0.00082294,45.91405422,0.00066736,23.99949707,0.08097344,11,11,35.25178,40.559195703,21.4510397688,1.7043801658,-0.1925225215,0.8801350573,0.4344006697,5.296355483386756e-07,2.7885217948786393e-07,1.9997991624972383e-08,-1.9729155380659334e-10,1.0508322245475113e-08,5.087610544277204e-09,1.4691676439477853e-07,1.0550290117468463e-08,8.580683461607605e-10,6.053652517929143e-09,2.718493284924253e-09,8.108066340041815e-10,4.525806998952906e-10,6.426740916025748e-10,2.1625610399769693e-10,2.175385781587546e-08,1.1604655705475378e-08,8.905118913348382e-10,6.431220399329237e-09,5.777086720780178e-10,1.0720511049432172e-10,b'Detached',b'',8.069256828321885,0.16969004490321893,7.309145294921413,0.09300586132223289,7.190592762514692,0.1360407595257324,7.263885491319,0.313409532868159,0.7601115334004752,0.11855253240671836,0.04525980360241312
b'2014 TD115',45.9008969,0.00290011,0.20920263,9.288e-05,13.98321642,0.00010748,258.42703534,0.0130089,51.97226455,0.00038775,44867.51941901,1.75429427,36.29830867669397,0.006407180636464606,39.5386643,0.00029678,39.56538594,0.00028063,23.68884841,0.05627336,11,19,38.05378,38.4597558503,8.6569834211,-3.3650530821,0.0198722297,0.9045767545,0.5642261092,8.31191799122556e-08,1.8965603459645888e-08,-7.460287635541133e-09,4.7442769593648475e-09,3.136466180539606e-09,8.958559939019349e-10,4.378192094788139e-09,-1.6891835264733892e-09,1.5091260784236693e-09,8.151335752110208e-10,1.7431047123882334e-10,7.049135426659608e-10,-1.701355914267348e-10,-2.1617726194187627e-10,-1.0760143294107633e-10,8.29049093663792e-09,2.2223304779092156e-09,-5.182701390220977e-10,6.460471225208299e-10,-1.1139805322556455e-10,5.688054892739012e-11,b'Classical',b'',8.2911218933088,0.09911748439707832,7.645661317585988,0.0749342532319447,7.422268196743749,0.08497844142267798,7.53841784882985,0.15896758277267659,0.6454605757228156,0.22339312084223786,0.10724346875613835
b'2014 TD116',46.43956995,0.00236308,0.20055868,6.87e-05,9.25218122,9.476e-05,159.17567917,0.01233189,150.68204247,0.00061377,42463.30455727,1.79966184,37.12571123015764,0.004653881659323928,41.10604268,0.00038296,41.23747983,0.00035099,23.56937709,0.05276656,13,20,37.01817,39.4363285553,12.0540141753,0.0804694709,-0.1212501235,0.9861340908,0.2807301739,1.3346563444504136e-07,4.201072268673485e-08,4.4125426656808585e-10,-4.789349032391108e-09,2.227643438722349e-09,1.0440141944552496e-09,1.3261123161200602e-08,1.450388203390916e-10,-1.1991168358937363e-09,7.95723520261971e-10,3.29883729621454e-10,1.7741981115650123e-11,7.171265443767307e-11,3.5081653318199186e-11,7.222065105995175e-13,4.568634106852429e-09,1.3115379857079231e-09,-1.961898332595827e-11,4.839292295356786e-10,2.306258227350137e-11,1.4090587298884233e-11,b'Classical',b'',8.348923841046483,0.10118695496607946,7.395655907588397,0.08138705682167804,6.882652361550056,0.0846664386027621,6.8791851464290215,0.14438176812087558,0.9532679334580887,0.5130035460383366,0.5164707611593774
b'2014 TE115',45.26106008,0.00282163,0.04275372,5.946e-05,7.9527544,2.606e-05,256.44629956,0.23776071,114.16407376,0.00163269,55313.39411495,67.23285825,43.325981429748204,0.005310729836663127,43.2107108,0.00059424,43.34049025,0.00053052,23.99909122,0.08222208,8,10,22.51458,40.8558870632,14.4617753091,-0.2272492605,-0.2964132898,0.8582644035,0.3553892092,3.114869741921861e-07,1.1393497888971354e-07,-1.2730995043881294e-09,2.8993416708218598e-08,1.81729683667469e-08,2.755449655147844e-09,4.1831642264446716e-08,-4.2512262284410215e-10,1.2148023387351583e-08,7.2163234415128014e-09,1.0031785979859178e-09,6.361443546355838e-11,4.644402250301211e-10,1.4058032866885752e-10,-1.3462812170717957e-11,2.4766817243147664e-08,9.823368144683405e-09,1.884718900958287e-10,4.073607037115413e-09,1.3566117780793494e-10,3.934345452522748e-11,b'Classical',b'',8.399851074927453,0.15332067431269195,7.5105444682834435,0.09449859692920354,7.079022244934292,0.11472213686141644,6.970391948127785,0.12520831205890756,0.8893066066440093,0.4315222233491533,0.5401525201556597
b'2014 TE86',44.34322638,0.00209757,0.15439699,7.175e-05,28.7241441,8.043e-05,170.94099549,0.01515798,161.74808884,0.00022783,43299.9011646,2.48328862,37.496765885089935,0.00460359155351643,40.00591148,0.00035746,40.34171246,0.0002564,22.91255431,0.03642509,15,21,30.28428,32.0182766093,23.6473822796,-6.5639194577,-0.5011885774,0.9038562875,0.0124100207,8.038610938774001e-08,5.922438185993934e-08,-1.7431143800035988e-08,-2.926911150689598e-09,8.627151798536493e-10,3.7574521970450175e-10,4.366228066724973e-08,-1.28451592492261e-08,-1.9970457867473136e-09,7.581389239872751e-10,2.418562800142225e-10,3.794189444414175e-09,6.217896198020029e-10,-1.9687443593038351e-10,-8.292497413244172e-11,3.2744649999917317e-09,2.5235879283516764e-09,-7.207838188387317e-10,2.078404103928961e-09,-5.671588960212429e-10,1.651386594475984e-10,b'Classical',b'',7.309067617872268,0.060556012497414304,6.847510192906499,0.05424359480127885,6.772370126321237,0.06626173550976207,6.969413400028332,0.1643135137549108,0.461557424965763,0.07514006658526547,-0.12190320712183213
b'2014 TF115',39.39568135,0.00477204,0.13184832,0.0003056,9.64976333,0.00033052,99.3067126,0.09483387,150.16097251,0.00206536,28595.38011015,31.2542071,34.20142705032058,0.013889166930674919,41.9892651,0.00099963,42.09416725,0.0009066,23.88941061,0.08763344,8,10,14.70986,40.0324164455,13.0124441203,0.0291187602,-0.1761760243,0.8830962917,0.2527076564,8.980298500414073e-07,3.0200887834252487e-07,2.4065403778128235e-09,-4.144868769095607e-08,1.910755766620845e-08,1.0559035517341226e-08,1.0168874169266024e-07,8.284043139546533e-10,-1.1274849373039954e-08,7.2757374200093286e-09,3.5337835512455587e-09,7.087734767442105e-11,7.654792843287024e-10,3.2046209106406415e-10,5.05635110119908e-11,1.2528313382883379e-07,3.699367649834309e-08,-1.2923722435282035e-09,1.2096899834739966e-08,-2.2434875872874267e-11,1.8568073684240736e-10,b'Resonant 3:2',b'',8.241615449684874,0.19246148355686807,7.397439755545593,0.1852990955934577,7.145881911858174,0.1353696967732233,7.146342162474488,0.1555073889001843,0.8441756941392782,0.2515578436874181,0.2510975930711073
b'2014 TF116',41.97200646,0.06435085,0.23311187,0.00303928,3.64047654,0.00031514,134.22354194,0.26733799,135.72076664,0.01006913,34178.27246218,127.66788538,32.18783337508659,0.17688830058913477,43.06896978,0.00328847,43.23712101,0.00291519,23.42877404,0.10044847,7,9,26.17336,40.4326781868,14.8563646322,3.7330413981,-0.1183751591,0.8712309715,0.3371124277,9.556837257664887e-06,3.3725192935079164e-06,8.138545413402272e-07,9.141088729112915e-06,3.2116148720010262e-06,7.733080507078384e-07,1.1902507612363464e-06,2.872060469611808e-07,3.225260795710493e-06,1.1332703236783362e-06,2.728535953109867e-07,6.941441962683022e-08,7.782704578128843e-07,2.7344238033463884e-07,6.593417610711162e-08,9.198236223801122e-06,3.225185585829973e-06,7.757547003438089e-07,1.1310625503471685e-06,2.720399734293731e-07,6.554877123589926e-08,b'Scattering',b'',7.924368783121567,0.34208896216118745,6.7723716263634035,0.15924996096613064,6.500079806743555,0.1477582218720322,6.122914030576839,0.12989217784147275,1.1519971567581608,0.2722918196198498,0.6494575957865638
b'2014 TF86',40.42260605,0.00166851,0.07822494,4.507e-05,32.04797004,3.207e-05,106.24150416,0.05111222,65.08386028,0.00022636,19917.69115527,14.77949532,37.26054991957922,0.001924196463151012,43.72100043,0.0004528,43.05284486,0.00029106,23.22537375,0.0353288,22,39,95.53108,27.2456477079,-14.1538656678,-30.1809578794,0.5869685941,0.7024697228,0.1429393659,7.833720144352353e-08,-4.2746651520922586e-08,-8.999026783624458e-08,2.774446282818963e-09,1.826063347824526e-09,-6.202025714953455e-10,2.33512846790628e-08,4.9121289707291116e-08,-1.3414753642964642e-09,-1.085361359883703e-09,1.4549401780234208e-10,1.0340647854974141e-07,-3.0595062234428238e-09,-2.162896361845902e-09,5.648979316439253e-10,2.4294133143550206e-09,-1.0896356382155448e-09,-2.6028792122414978e-09,6.186411067243664e-10,1.2656301978884395e-09,2.8703602917482866e-09,b'Classical',b'',7.618129040667535,0.0684343447736348,6.816015896703879,0.04661337739113544,6.4483598389227605,0.04963944949216206,6.137587352694085,0.06496832050702765,0.8021131439636571,0.3676560577811198,0.678428544009793
b'2014 TG115',45.19689874,0.00217235,0.1091221,0.00023186,10.90119573,0.00014154,355.25232876,0.0683139,147.61572596,0.00097198,92000.61604539,29.13169655,40.26491805248335,0.011515695051227572,47.33496564,0.00054546,47.50271059,0.00047938,23.74962508,0.06667482,12,14,16.95006,44.3904603129,16.9070276733,-0.3833560468,-0.3820850667,0.767341092,0.2343184899,2.5730871692935006e-07,1.0167666456842902e-07,-1.8576843620766592e-09,3.8360580041657266e-08,2.0812961216166544e-08,1.1971023147010607e-09,4.034463409478158e-08,-6.993560974221444e-10,1.7608901076434725e-08,9.200171129217579e-09,4.5683901549948345e-10,5.6823942081294204e-11,3.915217825573075e-10,1.1754376243803104e-10,-1.837874564372191e-11,5.272422074014518e-08,2.192856187138456e-08,-1.3387467367115843e-10,9.237604251346068e-09,-2.8293267302187058e-11,2.0082186034045832e-11,b'Classical',b'',7.715107962816335,0.10789514540574478,6.946057960211329,0.07687973329580214,6.5229697702348,0.08791350560022938,6.684209642974727,0.1491837593892011,0.7690500026050089,0.4230881899765262,0.26184831723660335
b'2014 TH115',39.35996239,0.00496554,0.15679782,8.912e-05,8.07469118,0.00019517,222.2166502,0.04886214,172.44968719,0.00070094,59969.28216192,8.70696326,33.18840627604798,0.0075918809275744075,33.16933223,0.00082535,33.32795425,0.00073315,23.82419872,0.08582435,7,10,22.39475,31.219785871,11.3842052405,2.5450689282,-0.4453182627,1.0402416542,0.2957163309,6.024551700853758e-07,2.1360979882646593e-07,4.5275685410382186e-08,1.1759867390234079e-08,2.7195556535113585e-08,7.211525628367484e-09,7.579281501292624e-08,1.6059636239054207e-08,4.745409882961126e-09,9.837101907679944e-09,2.594186425026009e-09,3.4342743990306334e-09,1.0422910474399369e-09,2.093941066423811e-09,5.641910093085342e-10,1.6727103396461147e-08,5.702740427683787e-09,1.1946324270109923e-09,2.8708821418493123e-09,6.564170459049376e-10,1.7337049833569883e-10,b'Resonant 3:2',"b'3,2,-1,0,0,0'",9.661451695897648,0.2153523516768814,8.560460516160349,0.10070549277022663,8.070162272292398,0.09126871640244429,7.96660654124919,0.16727535674037114,1.1009911797373007,0.4902982438679465,0.5938539749111571
b'2014 TJ115',36.47682055,0.00419685,0.04929187,8.253e-05,20.20306737,0.00031381,320.1736778,0.22342745,49.29117537,0.00042557,54243.2695828,45.0166494,34.678809683730314,0.006711001812000339,34.4745777,0.00083189,34.73847898,0.00067823,24.06413668,0.0992197,7,7,18.55302,30.8157413082,15.9616007988,1.5425011309,-0.4028933542,0.7407620822,0.6936180116,5.454407655633458e-07,2.8184312865228515e-07,2.3676706708057975e-08,-6.128684946873736e-08,-1.0047405527635617e-08,1.1871647433012082e-08,1.458347172436112e-07,1.2314541888834737e-08,-2.994649719337344e-08,-4.256361718064943e-09,6.227782878242655e-09,1.1443755657334736e-09,-1.5078889400614987e-09,1.7883760876516346e-10,5.895351703565008e-10,3.2305224495933816e-08,1.46609138080409e-08,2.3409779824508006e-11,7.4415667070975825e-09,5.053783606674429e-10,3.7162968060469416e-10,b'Resonant 4:3',b'',9.08014412648273,0.1623469479890918,8.572959372419161,0.10436426108434872,8.39249318401676,0.1385216260128861,8.110055517967696,0.23494414997038854,0.5071847540635696,0.1804661884024034,0.4629038544514676
b'2014 TK115',39.35891712,0.00222602,0.23037743,3.189e-05,11.98364246,0.00010065,161.57484843,0.01036742,178.80314802,0.00019587,51242.76598988,1.46312074,30.291511019850653,0.002872687963634491,31.44875459,0.00030553,31.62193854,0.00027425,23.30067134,0.05636493,10,19,41.4846,29.7946305157,10.4074879789,1.9776711953,-0.2654180206,1.1698633722,0.2382967407,8.354979847970516e-08,2.8254511977319588e-08,5.043533640593045e-09,-5.448670817256498e-09,2.4796373407738643e-09,7.085177372652471e-10,9.572658272157161e-09,1.707592831926948e-09,-1.75979365050856e-09,8.673104031522068e-10,2.453100240241519e-10,3.1410186843996387e-10,-3.090408855325647e-10,1.570519755861402e-10,4.2195726586650625e-11,1.269751374094267e-09,1.7654713531112357e-10,1.662901725636245e-11,2.0422447585342297e-10,4.4386774881517286e-11,1.5212599604633542e-11,b'Resonant 3:2',b'',9.040542840562162,0.0894509209344648,8.224975579471328,0.06272044536184457,8.006381357572108,0.06702580399884539,7.702951345476778,0.09969692084172661,0.8155672610908333,0.21859422189922176,0.5220242339945473
b'2014 TL115',47.50739294,0.02986801,0.25511106,0.00093978,28.61234887,0.00071376,273.38078423,0.0555571,40.52392613,0.00040238,41904.81750308,3.5465995,35.38773157325907,0.06666000942851344,41.00012295,0.00238126,41.29991854,0.00190729,24.24324696,0.14393138,7,9,21.55193,36.1118910735,19.7476219642,3.4126267581,-0.1767351151,0.6699140341,0.7760061579,4.381245198346486e-06,2.3485947703610373e-06,3.738323386195674e-07,1.4008524409111087e-06,7.819087029462694e-07,1.622991450902115e-07,1.2592376952684614e-06,2.0042504043909088e-07,7.488350605737648e-07,4.182688694239663e-07,8.689896390301101e-08,3.20996771671372e-08,1.1774812287412009e-07,6.582249154830175e-08,1.3902001388415233e-08,6.205515099211577e-07,3.3732624759516755e-07,6.08272430882937e-08,1.8390655623565906e-07,3.348963331423478e-08,6.6308359847340466e-09,b'Detached',b'',8.60184406714159,0.21456615373694535,8.100100890873131,0.14400882711917984,7.899371009227584,0.15530820814188193,5.972526578864452,0.8468389281368863,0.5017431762684595,0.2007298816455435,2.1275743120086785
b'2014 TL95',43.5559669,0.00175362,0.1881103,4.413e-05,10.59485916,3.91e-05,307.04577626,0.02476094,100.92027614,0.00070851,61405.23495084,4.72344878,35.362640870925475,0.0032821366761490727,35.41911305,0.00023426,35.71722603,0.00018673,23.35663889,0.04877443,18,24,30.36367,31.0889878615,17.5675642198,0.7587861433,-0.5779474582,0.8737682708,0.4565437257,4.1859446423407115e-08,2.333279587215456e-08,6.83254719658712e-10,-8.79665026507209e-09,-3.56942150357305e-09,3.911226523917782e-10,1.303257325924112e-08,3.86115915701789e-10,-4.677496687454953e-09,-1.8557451264848755e-09,2.244418816365739e-10,2.364449788264075e-11,-5.351526798779672e-11,-5.209522041931968e-12,9.457640477069098e-12,5.811570823574153e-09,3.0791850502051462e-09,2.8521578044563223e-11,1.6828342615543435e-09,3.184191480776917e-11,1.390874000490675e-11,b'Resonant 7:4',b'',8.895264558684685,0.12929033199447562,7.836753157812387,0.06137009451570242,7.445155883518863,0.06691836172217612,7.388678765904741,0.08547530198447692,1.0585114008722958,0.3915972742935252,0.44807439190764575
b'2014 TM95',36.48790469,0.00075209,0.1866646,1.652e-05,17.55766787,4.286e-05,263.30205598,0.00540587,161.1427746,0.00014272,63554.4504883,0.75085784,29.67690468503668,0.0011583500771859012,30.57815611,0.00011712,30.80786581,9.763e-05,23.02430881,0.03265819,25,34,51.49803,27.7162426615,13.4025161342,-1.1432627714,-0.6296661498,1.02593663,0.1839178526,1.1190172654926578e-08,5.292908532124872e-09,-5.711831975449743e-10,-3.976148089381041e-10,3.6901309168262946e-10,8.636156458978677e-11,2.51137780558453e-09,-2.699637897061958e-10,-1.5880082761678627e-10,1.8899849902972038e-10,3.961709598302648e-11,3.3597609354622205e-11,2.367503564551405e-11,-1.6979151740014032e-11,-5.8439106331315076e-12,3.481188180160939e-10,1.6828168130339943e-10,-1.7370848161258178e-11,1.1273697912553961e-10,-4.948495933171324e-12,2.9080552562477607e-12,b'Resonant 4:3',b'',9.119607758831103,0.08266842357586972,8.007353949651614,0.045598057082280256,7.7771021232914155,0.05942818910444145,7.513322510739217,0.06364078966057755,1.112253809179484,0.23025182636019842,0.49403143891239776
b'2014 TO115',62.06227574,0.00759818,0.3732756,8.361e-05,18.47181932,0.00016418,192.26665673,0.01692963,165.76395602,0.00035783,52766.97788346,3.38149543,38.89594248578552,0.00987968996671759,39.51772968,0.00049559,39.66224313,0.00043659,23.5396291,0.05589583,10,16,24.49401,37.0449729947,14.0837384144,-1.5530029534,-0.2928660126,1.1196066846,0.1307575126,2.1398367985771845e-07,8.164269449445084e-08,-1.0014674118600168e-08,9.916615165861313e-09,1.2049137614641575e-08,4.449849356950965e-10,3.121537109645114e-08,-3.8178050592975785e-09,4.3175419924864585e-09,4.811761701273279e-09,1.4613405983677442e-10,4.991388088927016e-10,-4.0168178422852736e-10,-5.381236445169281e-10,-2.883903084165798e-11,9.488689993362993e-09,4.27554447351562e-09,-3.806838229259851e-10,2.2272929170315224e-09,-1.404372495209157e-10,3.4701533199851844e-11,b'Detached',b'',8.120353369081604,0.12499759967725803,7.58953068898874,0.11319102696497695,7.287949200199494,0.10399630327487223,7.1411060724210085,0.13932459039602807,0.5308226800928645,0.3015814887892504,0.44842461656773364
b'2014 TP115',55.68473761,0.01102795,0.31763359,0.00015756,11.59607404,6.941e-05,316.5671165,0.02517397,95.2597958,0.00101413,63620.15403128,4.79365683,37.99739436585012,0.016238881735019934,38.99828212,0.00092176,39.22184584,0.00077731,23.95224957,0.07971632,8,9,23.40535,35.5151661713,16.6133582441,-1.0111827866,-0.5502013112,0.8776164041,0.482585403,7.054512262182368e-07,3.183771238998362e-07,-2.8071796730114444e-08,-1.0830764726963679e-07,-3.044434579537771e-08,1.1824471858409965e-08,1.4378658212569898e-07,-1.2656953896926695e-08,-4.8385295110944327e-08,-1.349954579213581e-08,5.331190460391743e-09,1.179031620559741e-09,4.5125479284167405e-09,1.317528314459372e-09,-4.883421149209347e-10,2.428977566260568e-08,8.667539719293295e-09,-1.903990207633527e-09,3.417631488367833e-09,-5.566112653347332e-10,2.171032911845878e-10,b'Detached',b'',8.461090410143735,0.14975583155893732,7.9701298034520836,0.10080261152496875,7.725300136551821,0.15134335371805005,7.775673595152453,0.23517834321527142,0.4909606066916521,0.24482966690026026,0.19445620829963203
b'2014 TQ115',42.30534861,0.00523626,0.24140821,0.00013716,13.39677001,0.00015794,303.0113086,0.00920141,157.75106678,0.00084795,70812.3006896,1.54269057,32.0924902932939,0.009619929574004872,36.90173906,0.00061404,37.21530187,0.0004948,23.90688189,0.08196182,10,12,29.55539,32.6418873066,17.865803909,0.5467513683,-0.705258146,0.8027801011,0.2194304677,2.929017595995776e-07,1.573254647629538e-07,2.698879715764705e-09,-4.719221502988909e-08,-1.647486686778064e-08,1.2834952636441005e-09,8.457341111780239e-08,1.4519444849394622e-09,-2.5081482768287765e-08,-8.708457465216307e-09,6.955854763648228e-10,7.045934902379956e-11,-3.8821378354296266e-10,-1.239199361775572e-10,-2.472024671514885e-12,1.3556331074864433e-08,6.2139183288838035e-09,-6.879057285163074e-11,3.0841639025944853e-09,1.0530163492909946e-11,3.0699835355073795e-11,b'Resonant 5:3',b'',9.36188674767571,0.22878238642797993,8.185025621307394,0.08823716373418442,7.906975889161531,0.09117806718876639,7.480153871320388,0.1485496462141099,1.1768611263683142,0.278049732145863,0.7048717499870054
b'2014 TR115',43.55842565,0.0058309,0.14480568,0.00049898,7.41056962,0.00062832,62.58547833,0.20365195,177.19438007,0.00180282,20495.01065301,79.06302421,37.25091837837348,0.02567131331461026,47.70531231,0.00090554,47.83364844,0.00082107,23.46018127,0.07268906,7,9,13.22788,45.4098411316,14.5249277735,3.8769478126,-0.1820323173,0.8107322852,0.2342437876,7.403291337206644e-07,2.3528463948656902e-07,6.195138627654766e-08,-9.062839499421484e-08,-7.833925785763085e-09,-8.518634736799924e-10,7.496788217696164e-08,1.9719862837583987e-08,-2.2970578193724233e-08,-6.332646524733353e-10,1.9493681626322696e-10,5.295358589917798e-09,-5.568834497245539e-09,-4.195304180771293e-11,1.689685005387995e-10,4.329483900457343e-07,1.2887384418945833e-07,3.3599506149045755e-08,3.897918429817588e-08,1.0168487079711692e-08,2.761047876458419e-09,b'Resonant 7:4',b'',7.569747197737369,0.31001858873223553,6.447184353965669,0.22732435355352193,6.396647775788685,0.16369632451565583,6.039442313367497,0.20402580936781098,1.1225628437716921,0.05053657817698604,0.40774204059817765
b'2014 TS100',65.15641722,0.01416723,0.44007661,0.00019278,28.55784973,1.6e-05,229.96178034,0.02550976,129.55200217,0.00043039,48560.80718192,3.51844187,36.48260203018269,0.020454033286712418,39.50483523,0.00032295,39.99072178,0.00022385,23.12046829,0.04148452,18,26,44.39675,25.007921035,30.2528731637,-7.65672119,-0.6164144384,0.9434773968,0.3164565982,4.055986258246408e-08,4.912230091884183e-08,-1.3050808579583269e-08,4.671860460821152e-09,7.511976281487715e-09,-1.2813647962448007e-09,5.9575297452242763e-08,-1.5805124216183466e-08,6.679790271381769e-09,1.0336384479165485e-08,-1.883838799485467e-09,4.214814989701945e-09,-1.3776372760992138e-09,-2.26880783498803e-09,3.775609314545534e-10,2.1694848620279502e-08,2.621238756602824e-08,-6.9765640618640946e-09,3.1789395415562964e-08,-8.423672639497844e-09,2.258257827806594e-09,b'Detached',b'',7.811706408222593,0.08076291937185093,7.065275972594341,0.06482463036737586,6.761864643005852,0.058727696261172385,6.565991434055119,0.10311836759379274,0.7464304356282536,0.30341132958848704,0.4992845385392225
b'2014 TS115',178.08120742,0.11052778,0.80425742,0.00012307,18.24700809,0.00015535,248.66927954,0.00724217,164.51002467,0.00029548,63766.07965555,0.86448578,34.85807580701691,0.0435231193005079,38.49563998,0.00074373,38.56190929,0.00068791,24.07934848,0.08765928,7,9,29.97549,37.0112563142,10.6314650019,-2.0395356588,-0.7259882854,1.1270309609,0.1759823919,5.103081012095543e-07,1.4469166034668955e-07,-3.082920632757241e-08,-2.2981453197888358e-08,1.0123061046913997e-08,2.651756715449801e-09,4.109993036829792e-08,-8.739205347503155e-09,-5.9695114145843825e-09,3.043051678690769e-09,7.207582610330332e-10,1.8988557711751372e-09,1.4292025297894863e-09,-5.982722336715006e-10,-1.6750618918030368e-10,9.470956718271196e-09,2.283786472228371e-09,-6.001561943470766e-10,1.1084668622454116e-09,-1.0381048931769449e-10,5.740867859433325e-11,b'Scattering',b'',8.945543520120362,0.1496561468302852,8.111407793721645,0.09539695535428205,7.982137485329142,0.11647896370397415,7.7986488526029145,0.15741247244156248,0.8341357263987198,0.1292703083924968,0.3127589411187243
b'2014 TT100',85.74331658,0.00983524,0.60439754,4.257e-05,22.90040985,2.951e-05,277.13507911,0.01119225,108.85935443,0.00035068,56724.78688621,1.75085202,33.920267110104696,0.007536847553215089,33.60311121,0.00029545,33.95452329,0.00021142,23.10827894,0.04934344,12,16,26.63882,26.8662383006,20.0401651487,-5.4320044611,-0.6370673598,1.0702753703,0.5621674809,5.430073443134351e-08,4.0685784470663606e-08,-1.1706579627113196e-08,-1.8882492071598203e-09,1.535193700122348e-09,1.241847350286512e-09,3.054137327388853e-08,-8.763965988837895e-09,-9.580211560320305e-10,1.503362745848832e-09,8.360260219649176e-10,2.541600322214129e-09,5.360206252227001e-10,-2.3061777726127787e-10,-2.962502484057712e-10,6.130571125842979e-09,4.654157700004423e-09,-1.300844183771748e-09,3.7133499891958782e-09,-9.42684100829075e-10,2.996570821283348e-10,b'Detached',b'',8.454643169908147,0.1186401964374589,7.814694257649164,0.07860056437081105,7.560157591599163,0.10177023457766053,7.584274850605711,0.12489376463824219,0.6399489122589823,0.2545366660500026,0.23041940704344366
b'2014 TT115',47.71791298,0.00240055,0.15281574,0.00017498,8.52690308,0.0001011,132.05899692,0.11583416,87.83734397,0.00231166,8805.51693674,52.12091624,40.42586499739562,0.009171546882615237,53.94493414,0.00080137,54.01845991,0.00074261,23.59106602,0.05772483,15,18,37.88592,51.8800611047,14.9251980144,-1.9213889695,-0.1280368302,0.7119825258,0.3344390587,5.939537229148606e-07,1.6756735036045263e-07,-2.5002535657085375e-08,-1.4208480641538832e-07,-3.2089140111867657e-08,9.475841568425102e-09,4.733503818817578e-08,-7.043676435716594e-09,-3.884052685693357e-08,-8.694516768880942e-09,2.6293593089277416e-09,1.0912410551348603e-09,6.5276995106496385e-09,1.513773409059157e-09,-4.298205668441819e-10,9.891909066952418e-08,2.701611474475007e-08,-4.569587291091457e-09,7.520076448470554e-09,-1.1980916818017284e-09,2.567911113793067e-10,b'Resonant 2:1',b'',7.3161965135994915,0.1627067235556259,6.177590703991106,0.11005293654946424,5.641237952852377,0.11728529029052762,5.592396678561576,0.133890905452253,1.138605809608385,0.5363527511387318,0.5851940254295335
b'2014 TU115',335.25441945,0.16437659,0.89563816,5.126e-05,23.53272162,0.00011559,225.34924367,0.00445044,192.34123359,0.00011777,61261.32791919,0.621949,34.987767557577016,0.03433305403336751,36.17995154,0.00029257,36.56442352,0.00022483,23.61000413,0.05526695,14,18,36.82797,30.887502306,19.3700659254,2.7784554531,-0.983632244,1.0347996966,-0.0771524015,6.149387533726816e-08,3.8193150345029836e-08,5.193499740566101e-09,-3.5402028498928147e-09,8.038590639348686e-10,-3.558520994304618e-10,2.375346620375106e-08,3.2265265943400785e-09,-2.0827078463526748e-09,5.740427510433624e-10,-2.1173345735830303e-10,4.57539971985192e-10,-3.005126489809964e-10,6.653090257439965e-11,-3.617961955352957e-11,2.317756544205701e-09,1.4542330037052966e-09,1.9463279714858318e-10,1.0890285980469903e-09,1.194707374638283e-10,2.5644603186438202e-11,b'Scattering',b'',8.732095936954904,0.1255937491191118,7.96778966800626,0.15308805128108352,7.591805083802077,0.13160916148129098,7.566355196448727,0.17226695124220973,0.7643062689486478,0.37598458420417535,0.4014344715575325
b'2014 TV115',40.730402,0.00235395,0.08793858,4.8e-05,22.61466662,9.084e-05,222.89844824,0.06394033,153.26824554,0.00030581,55624.2887527,14.02422649,37.14862814898189,0.00406458799918917,36.96823923,0.00045362,37.1779565,0.00036735,23.58265232,0.06091007,13,17,32.20325,32.9186132028,16.5662816078,-4.9115851076,-0.4530474847,0.9662415892,0.1308548772,1.619374085639995e-07,8.02712707205487e-08,-2.584275079184256e-08,5.699760863210335e-09,8.784877997275217e-09,-7.325890866463877e-10,3.9858440246752927e-08,-1.2811261878895237e-08,3.31469429922435e-09,4.615052788282546e-09,-4.397299186515073e-10,4.153302681915096e-09,-8.960898788628572e-10,-1.3938372650983687e-09,1.057415201270323e-10,7.309435213900931e-09,4.245451217944039e-09,-1.147371275106482e-09,2.664471805633478e-09,-6.613009711457858e-10,1.8705129211342638e-10,b'Classical',b'',8.393855836653552,0.09710540801675856,7.816525836344892,0.07093657080892243,7.615134471339077,0.08847976878709155,7.260185803570254,0.0917224024095707,0.5773300003086623,0.20139136500581287,0.5563400327746392
b'2014 TW115',41.79745649,0.0031883,0.07363724,0.00023624,22.58657031,5.648e-05,203.76956505,0.02689634,96.97277353,0.00052955,37235.67904235,6.38117301,38.71960703093247,0.012430801273611609,40.92628738,0.00048548,41.14051514,0.00036972,23.88683608,0.07216475,9,11,20.48067,34.9711022867,20.2064670253,-7.8270480272,-0.2976930755,0.8314382484,0.4427663415,1.6959962317761401e-07,9.840957751568221e-08,-3.8974966844257385e-08,2.9152280734951207e-08,2.23593771579347e-08,-4.560434915919685e-09,5.729880589865053e-08,-2.2556366077078653e-08,1.9147598132433192e-08,1.4324084625474696e-08,-3.1387904579358598e-09,9.011132667645897e-09,-5.82327683798085e-09,-4.6100324281118266e-09,8.56600878383599e-10,3.6302495339131814e-08,2.2721092327028014e-08,-7.68632464211827e-09,1.4353132913309897e-08,-4.7669871695604274e-09,1.6579080211799595e-09,b'Classical',b'',8.532730694393758,0.16383148987647697,7.615416995891609,0.07322947131802132,7.269495400780331,0.09751904826015634,6.926999963334401,0.13036133935011593,0.9173136985021448,0.3459215951112786,0.6884170325572133
b'2014 TX115',45.76319574,0.00180012,0.11770736,3.575e-05,29.35061581,0.00020694,54.34857067,0.1191291,158.6568948,0.00051862,2420.79286353,47.3599395,40.37653070099753,0.0008390139857131757,50.89295748,0.00066689,51.13420637,0.00050029,23.6219883,0.05595244,13,17,31.64794,42.8271511557,26.1959735871,-9.7114958848,-0.4203209268,0.7106882367,0.0241591025,3.1307457995033997e-07,1.892559707313392e-07,-7.354115338863424e-08,-3.198903092533774e-08,-1.4373846265073489e-08,6.898918604993742e-09,1.1447977254750756e-07,-4.446419605811217e-08,-1.8482694118695537e-08,-8.16442380937331e-09,3.96833025795042e-09,1.731495781000824e-08,7.407625158553207e-09,3.3106336032990673e-09,-1.6053445661790435e-09,3.693633861303639e-08,2.262993722006208e-08,-8.712496681641563e-09,1.3986805706738838e-08,-5.35254920216501e-09,2.076731914945701e-09,b'Classical',b'',7.1414125142959985,0.12657025104027847,6.539417819149465,0.10116036626434698,6.393146632745934,0.1152824117089758,6.103457809450207,0.16346559747333642,0.6019946951465343,0.14627118640353615,0.4359600096992604
b'2014 TY114',43.81243531,0.00238999,0.02518148,6.188e-05,17.08843415,0.00023775,129.56022655,0.365838,43.04528734,0.00048369,104298.21064844,112.0469574,42.70917352920683,0.0027823471718423673,44.79689356,0.0005978,44.84935929,0.00055581,24.08149371,0.07950198,12,13,33.97002,43.1596383277,11.9968920894,-2.1875165666,-0.1779717189,0.713535168,0.5654432817,3.3167562859291553e-07,9.03662354328451e-08,-1.887908648800203e-08,-2.601985682741141e-08,-9.606246285870139e-10,5.763004184420127e-09,2.4694901851600244e-08,-5.122360220200104e-09,-6.269611227301422e-09,-2.6245084052640332e-11,1.5324248096314915e-09,1.1300459379653067e-09,2.0520145315539505e-09,2.2010475059417258e-10,-3.5667193284735485e-10,2.3391003619861558e-08,6.255701161153237e-09,-1.4386430600613219e-09,1.8133182207675095e-09,-3.025256701902365e-10,1.6564003010581048e-10,b'Classical',b'',8.193107264182364,0.1397768379864398,7.517016556882185,0.08985891914376967,7.058460042459471,0.11170636034018344,7.081020592381831,0.18344520981580395,0.6760907073001793,0.458556514422716,0.4359959645003545
b'2014 TY115',80.76581847,0.01442805,0.53691855,7.745e-05,25.96327998,6.581e-05,226.21462431,0.01455217,143.54749943,0.00030622,54318.9135075,2.61978099,37.40115247473627,0.012874583229325115,37.71398854,0.00065518,37.93085599,0.00049693,24.01563218,0.07053119,9,11,26.88174,32.070082034,18.6173277834,-7.978394606,-0.480705156,1.155238604,0.1709425955,3.1149600738954693e-07,1.7350962508824295e-07,-8.159629429468197e-08,-2.2946427054539978e-08,-1.9812515102165542e-10,6.2898987935566506e-09,9.679659773245893e-08,-4.5453569180716117e-08,-1.18912904274832e-08,4.479450096679072e-10,3.2729744150881035e-09,2.1412115040461623e-08,6.030138694599609e-09,6.516368129054556e-11,-1.6613411343001409e-09,9.437456739914191e-09,4.9553153869299135e-09,-2.4782773165285214e-09,3.163594853238734e-09,-1.2904423853280327e-09,6.608920689429072e-10,b'Resonant candidate 22:5',"b'22,5,-2,0,1,0'",8.887332399357772,0.180355513062045,8.075496930077039,0.1031033294644849,7.493424977861773,0.16812063017653608,7.771854858064158,0.23334024270084502,0.8118354692807315,0.5820719522152628,0.30364207201288385
b'2014 TZ114',34.88304559,0.00098561,0.09938316,2.881e-05,6.37308322,1.717e-05,206.27045222,0.01940873,118.58790329,0.00082725,48200.53016131,3.01437089,31.41625814703339,0.0015216179084523778,32.39678005,0.00021035,32.57370883,0.00019037,23.39422337,0.05178189,13,23,40.4091,30.8942497823,10.306807997,0.6012871748,-0.2619698665,1.0284141437,0.409424358,3.978808383130705e-08,1.336957336278633e-08,6.87858433861347e-10,-3.781535717911043e-09,2.898198960044291e-10,5.238359647399264e-10,4.510773980309412e-09,2.3487604323588833e-10,-1.1598024481064812e-09,1.349995869990487e-10,1.7867450179242023e-10,2.094117220491399e-11,-2.3711156947110382e-11,1.969749060972353e-11,8.588169303429674e-12,1.6080925980800821e-09,4.118723834584407e-10,-2.0166302673732884e-11,1.6052053789771223e-10,1.4264629727018228e-11,1.0987709002535494e-11,b'Resonant 5:4',"b'5,4,-1,0,0,0'",9.311056396113988,0.10630756933148079,8.215507969339727,0.06452347962701702,7.826608934191155,0.06736060165852382,7.70145463293998,0.09581581055766127,1.095548426774262,0.3888990351485712,0.514053336399742
b'2014 TZ115',41.56957353,0.00325751,0.24842656,0.00012596,25.56732256,0.00024569,95.90192331,0.01572508,36.473804,0.0002204,81716.99852387,5.86309524,31.242587321060373,0.006906508950362972,43.82773999,0.00062979,43.95816961,0.00056413,23.85734056,0.07624217,14,19,52.71636,41.4602503339,14.5640067581,-1.1216172704,-0.3988656335,0.512990433,0.6521786194,3.523025140474083e-07,1.2455939652987766e-07,-1.025513642996727e-08,8.312381052424466e-09,1.1505891995196788e-08,6.516698818220813e-09,4.408837608172256e-08,-3.6071978066296858e-09,3.562671964000986e-09,4.294537395009396e-09,2.293967013025478e-09,3.358465488220103e-10,2.45890222768008e-10,-1.54943929982668e-10,-2.010209032691093e-10,1.6364580233303085e-08,6.23211375270505e-09,-1.1043687084222964e-10,2.58753848547293e-09,1.1533113269839713e-10,1.375213090608864e-10,b'Scattering',b'',7.736169770705763,0.11370208210808666,7.233581442509566,0.09814610360968624,7.176274340984163,0.11223685515507638,6.920083101445419,0.1656511714672511,0.5025883281961978,0.05730710152540218,0.31349834106414476
b'2014 UA225',67.74404662,0.01232441,0.4584438,8.677e-05,3.57546703,0.00011927,18.21931372,0.01779805,344.60691007,0.00081862,56080.34904785,3.30514959,36.68720826708852,0.012547638050011257,36.77781202,0.00076792,36.77338823,0.00074792,22.53019691,0.03176861,10,17,34.19947,36.2257383122,5.3426757098,3.3813875699,-0.1667234346,1.1075645578,0.5584839839,5.761623658429436e-07,7.581120053072791e-08,5.0131799620095404e-08,2.597217994290742e-09,1.663201920212796e-08,8.575103133033751e-09,9.994140698820512e-09,6.60014257114691e-09,3.880297921174925e-11,2.175914545254318e-09,1.1120255190623732e-09,4.376927742058376e-09,6.172061215621725e-11,1.4360399805939461e-09,7.458845934951014e-10,1.4615403189559412e-08,1.0883723614602172e-09,8.374656728009064e-10,5.585795514947655e-10,3.0320673124791005e-10,1.795304161631982e-10,b'Detached',b'',7.796162525055406,0.08195250438687052,6.800392596382055,0.059937888887702885,6.48339709375688,0.05469451925880358,6.305532283234511,0.07000625768192081,0.9957699286733507,0.3169955026251802,0.4948603131475461
b'2014 UA277',46.85767023,0.00345293,0.1687676,4.965e-05,6.5602936,7.363e-05,254.1208516,0.02827006,130.87827169,0.00105418,61211.30060167,6.35552184,38.94961355006573,0.0051097457970136605,39.19519767,0.00050915,39.18827865,0.00049473,23.71707583,0.05412775,14,19,31.46321,38.6143956289,6.5606974077,-1.2676291381,-0.2036661154,0.9993925283,0.3654491428,2.518732450341299e-07,4.244845001338758e-08,-9.036682821357489e-09,8.904243891793265e-09,9.743436132106274e-09,2.575581066362985e-09,7.221363445538697e-09,-1.5069684407947844e-09,1.989461290799877e-09,1.7199877484179297e-09,4.1683525714809074e-10,3.5108739496287593e-10,-1.4781612211305908e-10,-3.203271409919281e-10,-1.0386177100814627e-10,5.5189446286058596e-09,1.2300282911847679e-09,-9.278795611876608e-11,5.348332324340966e-10,6.830934266318427e-11,3.992147777749662e-11,b'Classical',b'',8.412818991437787,0.09848701471159743,7.703806757213359,0.0662753470219887,7.629992862416321,0.10428338509759318,7.2205502473088305,0.11114733093527449,0.7090122342244286,0.07381389479703898,0.48325650990452473
b'2014 UB277',69.51041197,0.00987391,0.47213264,7.069e-05,7.83954202,7.643e-05,214.02453552,0.00790202,142.10764398,0.00065908,54514.13283017,1.42261293,36.692277572655044,0.010113405881723922,37.0825267,0.00048168,37.11731213,0.00045911,23.70302989,0.06737556,13,17,29.46353,36.2118552876,8.1209954025,-0.667705055,-0.1482662732,1.1812120737,0.3795559283,2.208956987837345e-07,4.942022466229408e-08,-4.771511161736352e-09,6.377582901261251e-09,1.0291920497173846e-08,2.6929730138172785e-09,1.1130258145582063e-08,-1.051086348259237e-09,1.8248749074477403e-09,2.3898286920669254e-09,5.934867349470269e-10,1.2937429910016924e-10,-1.057811483246393e-11,-1.9427621517579433e-10,-6.180564612902643e-11,3.2469739170189876e-09,9.709744794056907e-10,8.041237759940066e-12,6.345487844290102e-10,1.1010281540976577e-10,4.092226479230279e-11,b'Resonant 7:2',b'',8.662305586170367,0.13408588378267217,7.884459721576663,0.10560243080843197,7.613645007692307,0.0992007355962512,7.515669595994785,0.11087673953268541,0.7778458645937042,0.27081471388435635,0.36879012558187935
b'2014 UC225',35.08255201,0.00216608,0.11503547,5.561e-05,4.93781943,7.586e-05,269.1271853,0.05008721,139.57825293,0.00166835,61429.95320486,8.08755474,31.04681402690162,0.0035381094151868777,31.09027681,0.00046998,31.33046241,0.00039784,22.6209469,0.03870815,9,13,24.74837,28.436002762,12.829078684,2.8993726428,-0.5369758924,0.9807806211,0.3825890937,1.8507333064625468e-07,7.999435356793042e-08,1.703522741801589e-08,2.3237359583864727e-08,1.585930590174894e-08,4.212788516023206e-09,3.462426397311667e-08,7.37219024919385e-09,9.620093929231993e-09,6.732562632199944e-09,1.7983883707614874e-09,1.5932221464861538e-09,1.9862029692061616e-09,1.4103511876722752e-09,3.9363754218273137e-10,1.0821341077133918e-08,4.575512177627774e-09,9.579368697866116e-10,2.2166776577891044e-09,5.015946016907366e-10,1.3025438038055334e-10,b'Resonant 5:4',b'',8.580141570061175,0.13296511728845814,7.566638063192508,0.10054709727603006,7.307906219025201,0.10305626862553013,7.0229544412479274,0.08201492776759069,1.013503506868665,0.25873184416730804,0.5436836219445844
b'2014 UD241',42.33398813,0.00134748,0.0499357,6.059e-05,12.49106668,0.00012081,68.57847658,0.0292704,40.64230892,0.0003108,83370.1683691,7.71020202,40.22001099293648,0.00293338114402556,42.51328275,0.00029936,42.55045406,0.00028537,23.33275621,0.04500608,18,28,44.65601,41.5080819287,9.3068466263,-1.0014396111,-0.2088242427,0.7706321979,0.5355189102,8.536284682210416e-08,1.8970153778706574e-08,-2.333546501961186e-09,-9.856389147401474e-10,1.9115165442808234e-09,1.2961518385292667e-09,4.2342625539037435e-09,-5.158779932729595e-10,-9.47216119287699e-11,4.5132812530977764e-10,2.86923898086612e-10,7.873579201168502e-11,1.0033453814239813e-10,-3.372509611927572e-11,-4.0789740616241524e-11,3.264083297133858e-09,7.969712316229387e-10,-4.554941487510225e-11,2.545362840785325e-10,2.1282751138899608e-11,2.5211310517599586e-11,b'Classical',b'',7.741140635662619,0.09453105976449949,7.019321788923653,0.05828218106882555,6.661676596134642,0.04959024487502997,6.486343165865188,0.07434697015124399,0.7218188467389659,0.3576451927890087,0.5329786230584688
b'2014 UE241',42.47864004,0.00191449,0.12354344,7.904e-05,7.51282782,0.00010312,78.31669375,0.0342603,60.41835707,0.00085538,89420.55499882,11.17896321,37.230682851732205,0.004691297241875937,45.07073471,0.00035037,45.12054653,0.00033131,23.50053238,0.06324476,19,27,45.10562,43.7909389389,10.8726483391,-0.0538937045,-0.2855620356,0.7499090093,0.4215429012,1.1612166876078485e-07,2.779284952420949e-08,-8.717110008121499e-10,-1.728179918057138e-08,-1.7362954696436888e-09,1.3281050191830117e-09,6.678457278326948e-09,-2.016531012972907e-10,-3.816391770851256e-09,-3.380338593618941e-10,3.1723298174382653e-10,2.1818852551555187e-11,2.8985583297667737e-10,5.323085370247535e-11,-1.300578109518198e-11,9.876488003447944e-09,2.0910064188543838e-09,-2.1279520048747467e-10,4.917814415117695e-10,-2.366578610808639e-11,2.0921540425557013e-11,b'Classical',b'',7.3886560827201055,0.08981321425792566,6.6328769747160745,0.0714363317357542,6.144476453549698,0.07443513743827467,5.867588163250003,0.08234415332406257,0.7557791080040274,0.48840052116638005,0.7652888114660721
b'2014 UE278',50.00896317,0.00626096,0.21407014,0.00024193,21.93723372,0.00023786,159.48599344,0.05013132,190.41878727,0.00038822,45178.30105465,8.80752029,39.30353735982833,0.016794633926896823,41.60330415,0.0004675,42.0919419,0.00033299,23.67870148,0.0803405,8,11,23.81536,31.9173631646,27.2728654554,3.0338607982,-0.5536356528,0.8838607521,-0.00926655,1.255943236009878e-07,1.0741279436175418e-07,1.1460811133769503e-08,-1.1846802828146695e-08,-5.155103975881036e-09,-9.473801460531885e-10,9.209202112144925e-08,9.810012532584977e-09,-7.539866299802357e-09,-2.1313961369026624e-09,-5.763119462993444e-10,1.085819140623059e-09,-9.96163806341032e-10,-3.9589983438589924e-10,-8.7375146860207e-11,4.2882619092247144e-08,3.7382238002624704e-08,3.866313465997846e-09,3.284786622923888e-08,3.377381891457065e-09,3.7272086332189275e-10,b'Classical',b'',7.761109316248016,0.10239991668476063,7.577825228897732,0.14096611011427457,7.019910221221734,0.10891551777911133,7.3774565197549595,0.2884105403885346,0.18328408735028698,0.5579150076759938,0.20036870914276803
b'2014 UF224',45.34798424,0.00542827,0.12332404,0.00037284,27.15879072,0.00025804,331.52859789,0.0657924,174.32627948,0.00050059,87315.19929993,29.44047753,39.755487748397385,0.020632304415686656,46.29454085,0.00104431,46.65575045,0.00076944,23.89295799,0.08044787,7,8,16.70036,37.6284833613,27.3698204106,-3.4277136397,-0.6186249922,0.6632845731,-0.013792493,7.144848368969961e-07,5.135791495109086e-07,-7.028182199377248e-08,-6.195915748094983e-08,-2.8893135698807654e-08,4.364099752014705e-09,3.6976748981741316e-07,-5.057771101934842e-08,-3.8261989272043354e-08,-1.598732430854324e-08,2.4878868723341532e-09,7.001644425560949e-09,5.401914291241656e-09,2.312903977321389e-09,-3.708542092740763e-10,8.774623574069598e-08,6.5506773789747e-08,-8.907826897814249e-09,4.9386099226405215e-08,-6.701538247587726e-09,9.309327255803378e-10,b'Classical',b'',7.68395055005268,0.10768075932120555,7.21406586208745,0.1026174022267382,7.1985546626501264,0.13617164496984735,7.108437774953957,0.25873382993418753,0.46988468796522953,0.015511199437323124,0.10562808713349257
b'2014 UF241',41.51311245,0.00189038,0.15923724,4.688e-05,26.75040863,0.00024739,18.14001989,0.03945659,191.5668498,0.00012094,11021.85755543,16.1195362,34.9026791395761,0.0006498693823254136,47.84922118,0.00062988,48.06251226,0.00054681,23.37919705,0.04998912,15,24,44.16637,44.4250185825,18.072138686,3.1337855342,-0.2917206467,0.7767760511,-0.0650234644,3.4096462601454726e-07,1.3615517411840376e-07,2.2847853121100767e-08,-3.492999480624349e-08,-5.356069651591747e-09,-1.7761904210833808e-09,5.4406219540844504e-08,9.124842235956206e-09,-1.3640221467633125e-08,-2.015704859936739e-09,-6.878863000617528e-10,1.5516998753833931e-09,-2.3253420077481027e-09,-3.525468139200376e-10,-1.2544385213788313e-10,1.1095466866802401e-08,3.754637085077202e-09,7.077198978064183e-10,1.4628993177785875e-09,2.5239740083652876e-10,5.5903619903977784e-11,b'Classical',b'',7.357395594537804,0.08680009551793928,6.511054213814726,0.061419783353135936,6.116569299674568,0.06188084055437059,5.87071085212593,0.11255125898134553,0.8463413807230799,0.3944849141401511,0.6403433616887926
b'2014 UF277',42.64748397,0.00204764,0.02924755,0.00012314,37.08774962,3.645e-05,65.20455955,0.30720485,76.5286621,0.00059012,99079.01958862,94.43191321,41.40014935923151,0.004181122709027967,43.9289943,0.00051318,43.71114075,0.00036807,23.66241667,0.06736698,10,15,27.03299,34.7683614745,6.9773570448,-25.5566303525,0.1322176967,0.8245105291,0.4295226405,1.6398315838971765e-07,3.417232585204084e-08,-1.2298052451076322e-07,3.160714688014889e-08,1.1298560454303876e-08,-2.100365241776702e-08,7.167732060637912e-09,-2.5626466313597855e-08,7.0350222305347315e-09,2.4496468659657802e-09,-4.70780049704506e-09,9.228508234864866e-08,-2.3475100646750983e-08,-8.42281857153483e-09,1.5575990854618604e-08,2.2426284889022524e-08,5.7826478751519574e-09,-1.6103983246375508e-08,1.6044513800094376e-09,-4.112417529043173e-09,1.1632912912170524e-08,b'Classical',b'',7.813203067806745,0.1378610340091914,7.176749253491325,0.12208837479954442,7.189568797559906,0.1471116453554467,6.811766599857249,0.14171664250706575,0.6364538143154167,-0.012819544068577977,0.3649826536340736
b'2014 UG277',40.10680188,0.00611961,0.04160528,0.0001073,20.25569504,0.00036331,196.61766099,0.49286291,187.34774378,0.00035676,57033.07892203,116.66114889,38.43814723493447,0.010163652719095688,38.20348764,0.00129854,38.43867422,0.00109236,23.880673,0.09425593,9,10,11.85641,34.7983647117,16.1377391082,2.4857323835,-0.4362608351,0.9378653016,0.0353091143,1.3944958795091787e-06,6.310321223500196e-07,9.248412188909566e-08,-3.27494415617711e-07,-1.0113433741753439e-07,-1.7523863639509635e-08,2.856465801701757e-07,4.1856030446646585e-08,-1.4696803201664532e-07,-4.5192237796203206e-08,-7.843980080720765e-09,6.175464607574654e-09,-2.1603500911156007e-08,-6.652644882487836e-09,-1.1593604221832655e-09,1.1088561863221006e-07,3.972873299978234e-08,6.489081769350248e-09,1.4899613628483774e-08,2.3885363615188397e-09,4.280787066684505e-10,b'Classical',b'',9.381476043083696,0.2987730494953663,7.949925850698657,0.11336916514351994,7.575039982773932,0.13864353109959138,7.5873142549165795,0.23765226176063595,1.4315501923850402,0.37488586792473094,0.3626115957820767
b'2014 UH277',39.3436607,0.00368221,0.28724943,0.00024514,7.79408766,0.00026103,82.36727423,0.08742045,147.23682568,0.00327043,22013.31740633,36.70175983,28.04221662393748,0.011096845264123491,48.8231944,0.00155743,49.09980905,0.00127228,23.66497162,0.08146163,9,10,16.60438,43.610019614,22.3007913035,3.4105931033,-0.2455214737,0.7011142305,0.2315379913,1.9231272069621287e-06,9.726988373360543e-07,1.420197127180198e-07,-4.640558857560854e-07,-1.9575045925447222e-07,-2.1714254566028285e-08,4.921690022189538e-07,7.187170156434631e-08,-2.3111950072478887e-07,-9.713011554535194e-08,-1.0699622080006749e-08,1.055914923368466e-08,-3.3090554707164645e-08,-1.3842744444961728e-08,-1.5034984369959732e-09,2.2647968001255547e-07,1.0671249295214475e-07,1.4241594498509258e-08,5.087828602222589e-08,6.888186037290019e-09,9.98647693285201e-10,b'Resonant 3:2',"b'3,2,-4,0,1,0'",7.413174401193844,0.16027230636398848,6.632943108654777,0.13495302576875973,6.594806603725415,0.14722137886218195,6.382661572292877,0.17956145295943873,0.7802312925390705,0.038136504929358044,0.25028153636190015
b'2014 UJ277',43.29915672,0.00431888,0.08580547,5.701e-05,13.60014585,0.00020145,119.40594062,0.15408202,73.1586713,0.0009796,105726.67139852,47.34694535,39.58385208793727,0.0025877626521509413,46.68216989,0.00120252,46.93755953,0.0010017,23.83316174,0.0816811,11,12,38.00992,42.1510851069,20.6484871031,-0.2459657105,-0.3457130575,0.6761839072,0.4412146634,1.1801718049833495e-06,5.611857430345589e-07,-1.7845001767899188e-08,-1.6611547847135469e-07,-5.568638754470857e-08,1.3596841066294008e-08,2.669505655494762e-07,-8.47678698813515e-09,-7.84352114126954e-08,-2.6213325354945678e-08,6.47118721034001e-09,3.406553227476531e-10,2.781896014752733e-09,9.850192412815076e-10,-2.252794534153853e-10,3.963291030405368e-08,1.6426405160651112e-08,-1.7533931338435784e-09,7.192927114792519e-09,-5.569490358453638e-10,1.7950879863092307e-10,b'Classical',b'',7.824887362464144,0.1935409875894227,7.1177324845280285,0.10789717953709678,6.590242505946074,0.15503372939200544,6.271171855231016,0.19112258786276531,0.707154877936116,0.5274899785819561,0.8465606292970125
b'2014 UK277',53.17174796,0.00473147,0.27313544,9.084e-05,18.34030323,0.00014878,5.86961473,0.02046271,62.09651694,0.00034055,67129.20266884,3.79556713,38.64865935577209,0.007958903688225816,40.73898607,0.00048805,41.04584722,0.00039478,23.7580757,0.06394396,10,13,24.54579,36.1806938349,19.3828715711,-0.1525039176,-0.558109406,0.6911746104,0.6272857388,1.8533819575278865e-07,9.913588026151466e-08,-1.7425465067648095e-09,-1.2396503093670608e-08,-8.872319938392301e-10,3.396203160635849e-09,5.310951200126695e-08,-9.175924414379375e-10,-6.16579733212288e-09,-2.1050303242320317e-10,1.8313597005016109e-09,6.989538588015273e-11,3.8684023813610753e-10,1.7262030558843357e-10,-3.8085376795311483e-11,9.312299188263055e-09,5.208422631054657e-09,3.8080654117816325e-11,3.14421021143288e-09,1.447995061219846e-10,8.162104059258852e-11,b'Detached',b'',8.681842308764269,0.16718547293510364,7.5897462796564295,0.07477257626435846,7.314028219167293,0.07932535169695659,6.9979142704371835,0.12266849374330009,1.092096029107841,0.2757180604891363,0.5918320092192485
b'2014 UL277',47.69811045,0.00736207,0.10550693,0.00034006,21.41891398,0.0005836,7.85304848,0.56794118,192.64463672,0.00083314,109813.2494037,226.15086946,42.66562941931407,0.020646646646925778,51.94412677,0.00177271,52.39985365,0.00127988,23.78596287,0.11305863,7,7,11.87418,40.8895995411,32.4305701612,4.6950432004,-0.535422559,0.62698029,-0.0156677127,1.957232923675158e-06,1.5089127801773306e-06,2.109195692277271e-07,-5.437903017073899e-07,-3.8861408023375887e-07,-5.7520567277686e-08,1.1645864775668433e-06,1.6265673209765724e-07,-3.9746177972931983e-07,-2.821250472852136e-07,-4.197345855059789e-08,2.2913658015215375e-08,-5.7852851804416156e-08,-4.127978539997799e-08,-6.183425629000603e-09,6.1796492330544e-07,4.849099778814759e-07,6.695627382444156e-08,3.8159230158567606e-07,5.258158164153912e-08,7.323609227144666e-09,b'Resonant 2:1',b'',7.290793985451012,0.21385752142446107,6.511693805514705,0.1801966107945722,6.416815954555789,0.15397637336947415,6.160462283573461,0.3100087983700548,0.779100179936306,0.09487785095891856,0.35123152194124707
b'2014 UM277',72.04056613,0.01241576,0.49297391,9.067e-05,3.70072565,7.76e-05,256.75789354,0.00826552,134.18708687,0.00152757,62719.92594873,1.34382241,36.526446326016504,0.012805303019293088,38.10245251,0.00053113,38.02977665,0.00053001,23.68136064,0.05787744,12,18,50.6641,37.9474359225,2.2883988533,-1.0095790763,-0.2557528746,1.1266868901,0.441974934,2.8212525411818094e-07,1.1579514952009713e-08,-1.0052673481394952e-08,-2.9591240890383773e-08,6.808092955657134e-09,4.134786865998366e-09,5.186597106866182e-10,-4.097719969415053e-10,-1.0640469250020823e-09,2.8396646699411757e-10,1.68804540970885e-10,3.950943618744189e-10,1.11188729026929e-09,-2.3579447354985297e-10,-1.6085937109975062e-10,6.106855645099211e-09,-3.6035090160324997e-10,-4.5209082321715223e-10,2.1323365238970426e-10,9.761454095163961e-11,6.795127449339365e-11,b'Detached',b'',8.1600810985135,0.12873436728300403,7.955380629340366,0.1055002091269488,7.6147536323022695,0.10275484028053741,7.336942325286865,0.16674754198458858,0.2047004691731291,0.3406269970380998,0.6184383040535012
b'2014 UN225',59.1980048,0.00259385,0.34634355,4.955e-05,53.14970603,2.031e-05,323.41396667,0.00422616,68.69054869,8.357e-05,74200.08700338,0.41197699,38.6951579381535,0.0045135859128168695,47.12156772,0.00021658,46.58982635,0.00017816,22.22413024,0.02007091,18,28,39.69133,20.0964456427,-6.1141186888,-41.5856026155,0.3725984797,0.8679477725,0.3701518344,8.09620931962046e-09,-2.671831121368559e-09,-1.7519233794037647e-08,4.5833866785963466e-10,3.170480448172023e-10,-4.590009323043662e-10,8.883817973942701e-10,5.787527717113772e-09,-1.1398616448392458e-10,-1.157485195084855e-10,7.280214244610964e-11,3.7929334782284606e-08,-9.523451437927292e-10,-6.978057926874707e-10,9.069254736814566e-10,4.1621829433794613e-10,-9.078047950060015e-11,-8.419802610334373e-10,4.4035840817059896e-11,2.1021246317344442e-10,1.738537532754617e-09,b'Detached',b'',6.343967110620239,0.04250794098673769,5.478350651464618,0.024890039386999022,5.188311183101911,0.026947539768054297,5.130437749753705,0.04230834378215006,0.8656164591556245,0.2900394683627053,0.3479129017109134
b'2014 UN250',40.59433188,0.00179893,0.04512087,0.00010771,28.97071057,5.962e-05,188.63534292,0.08168637,148.09779868,0.0004773,41326.49723515,17.67380163,38.76268043835263,0.004789568994683949,39.31509336,0.0004573,39.77887279,0.000311,23.42766424,0.05310157,12,17,46.00614,26.7288620935,28.3704088792,-7.9401858502,-0.6718030345,0.7335704056,0.1557512137,9.406815366068818e-08,9.978922283042845e-08,-2.9498379018293178e-08,-1.2829452455257656e-08,-9.072801363036654e-09,3.853974929217742e-09,1.0592956931646765e-07,-3.130177145085746e-08,-1.3339897490945492e-08,-9.34185302097973e-09,4.006468088170764e-09,9.279772378912654e-09,4.0131487357121824e-09,2.837226305033561e-09,-1.2174956229348667e-09,6.617426003924988e-09,6.732657843643422e-09,-2.0643611797631074e-09,7.113435490482552e-09,-2.1142482986259935e-09,6.616115621892189e-10,b'Classical',b'',8.023449283088182,0.0858951075356851,7.410987165676731,0.06387269900476955,7.389446221412948,0.0862783091103264,7.196227308472631,0.1418352219417267,0.6124621174114553,0.021540944263781,0.21475985720410043
b'2014 UN277',42.59295525,0.0026376,0.02046489,0.00012138,3.29612561,0.00015891,108.6308722,0.25070986,126.41228029,0.00412961,22449.32908616,73.77006757,41.72129528974174,0.005101685571483677,43.21324465,0.00066004,43.09200815,0.0006588,23.82404747,0.09341849,9,11,20.42445,43.0396680208,1.409777763,-1.5876617655,-0.0001626875,0.8860076043,0.3486823027,4.3507006194530714e-07,1.1201690074875202e-08,-1.7807609242275763e-08,-2.3454074795843173e-08,8.413345088413525e-09,4.538388243395594e-09,3.8610551669962703e-10,-4.507982344407271e-10,-1.4740982941249705e-11,2.2174970533532386e-10,1.0127660604928109e-10,8.094249481205713e-10,1.193745390190284e-09,-3.3009912532214286e-10,-2.2226508908104827e-10,1.8922059079320878e-08,6.174174999001863e-10,-7.139862053881994e-10,2.5029974326901854e-10,5.898953070038916e-11,8.206245323110294e-11,b'Classical',b'',8.738769029589415,0.3923506453412075,7.439518472083273,0.11466492939223966,6.783740395584173,0.10508796886800871,6.555644517704961,0.18526415948358446,1.2992505575061415,0.6557780764990995,0.8838739543783105
b'2014 UO250',41.87595533,0.00185665,0.09884451,0.00011179,28.2582103,0.00017717,260.96611739,0.03845472,195.9622167,0.00010514,72814.54825295,6.91579904,37.73674701242873,0.005529994704247721,39.5372329,0.00040069,39.87568305,0.00031639,23.36896282,0.04469968,13,23,43.68381,34.6072300353,19.5448719696,3.2260979001,-0.5633884139,0.8390825707,-0.1312049799,1.2037464641156071e-07,6.869006550774082e-08,1.098501005224355e-08,2.0506614419721605e-09,5.230680886984047e-09,-1.7925138494180479e-10,3.9241991097887715e-08,6.268333290142262e-09,1.6388833940047896e-09,3.258708582596853e-09,-6.223487251610197e-11,1.0217557571572277e-09,1.6242524591954935e-10,4.6220590555684435e-10,-2.4711665653538664e-11,1.1002902277255635e-08,6.678448259123257e-09,9.408473961905046e-10,4.199879111844978e-09,5.59797764283588e-10,9.193258905693095e-11,b'Classical',b'',8.115896830839676,0.09147505960300205,7.280186589302895,0.060824587637741324,7.192710661684268,0.09009009991826358,6.955409192498864,0.15107716545043434,0.8357102415367835,0.08747592761862737,0.32477739680403145
b'2014 UO277',36.51077615,0.00312684,0.10751294,5.741e-05,11.70136309,0.00017525,169.37661532,0.04853989,175.43388964,0.00047038,50473.08489133,8.32071881,32.585395222000656,0.004407336286072559,33.05696293,0.00060533,33.2717264,0.00052239,23.97489074,0.09794246,8,12,23.46441,30.6336839561,12.8025606119,2.1632444648,-0.3787751565,1.0485632754,0.2248082357,3.127512476747039e-07,1.280312215772579e-07,2.033337137514151e-08,-2.9768325490992845e-08,1.4229384870711958e-09,1.4002368368183148e-09,5.246079787414327e-08,8.328975058117609e-09,-1.1893632211477294e-08,7.176649610856419e-10,5.977297280202735e-10,1.349280306904901e-09,-1.8649224734307906e-09,1.2656648232352857e-10,9.076225940368921e-11,7.535319278632972e-09,2.139537866901112e-09,2.610678744268186e-10,1.1247688611233257e-09,1.9774501995391824e-10,5.3856343894307706e-11,b'Resonant 4:3',"b'4,3,0,0,0,0'",9.03383948704582,0.10132858257746888,8.652082980154377,0.09362371726180106,8.287692284945697,0.09714809065516987,8.371484106805665,0.19604390046151524,0.3817565068914404,0.3643906952086825,0.28059887334871625
b'2014 UP250',52.40020607,0.01001773,0.36362525,0.00024927,20.87316326,0.00022995,68.16862365,0.00902769,191.80242721,8.149e-05,33482.59246392,7.60316348,33.34616790727179,0.01932450052573016,50.11073623,0.00055721,50.02194464,0.00055253,23.0184471,0.0425699,10,20,32.67088,49.7847604144,3.038054444,3.800368551,0.2721014092,0.8648014834,0.0647847377,3.081958888758139e-07,1.4623565864028792e-08,2.2516986274721287e-08,-5.88906190131035e-08,2.503201672285494e-09,-3.830910347118993e-09,7.451630685503515e-10,1.0716602976163313e-09,-1.5303965641392413e-09,1.906799391783742e-10,-8.806807866772881e-11,1.6619351321754844e-09,-4.188821799460869e-09,1.8952312663448138e-10,-2.733226313024529e-10,5.7116892084380204e-08,2.197211805049932e-09,4.1322949429006735e-09,1.8754913910262095e-10,1.6732098741979016e-10,3.1090625698251016e-10,b'Detached',b'',6.9615688534674,0.11806116442866078,5.953386609643173,0.0664537098115555,5.86165358459794,0.07460256096518507,5.763500038095936,0.09769638160318748,1.0081822438242292,0.09173302504523154,0.18988657154723665
b'2014 UP277',48.32000367,0.00391814,0.32549844,4.627e-05,37.01710852,0.00011334,227.58728402,0.01339081,174.08705022,0.00024947,56839.05782685,2.18232909,32.59191797757196,0.004874429478778884,32.17594286,0.00039513,32.6056174,0.00026704,23.98629607,0.07294121,10,11,30.83571,22.5193470595,22.5693990766,-6.8284346294,-0.9006111952,0.8788280767,-0.1523299279,7.579118573580177e-08,7.417246764289611e-08,-2.4371754498567665e-08,-8.823160978802151e-09,-3.26975947836806e-09,1.560522053333761e-09,7.265818957946096e-08,-2.386329376006592e-08,-8.50032521552495e-09,-3.069906007089102e-09,1.4828781346838212e-09,7.871723254909975e-09,2.8021998595915278e-09,1.01524909051449e-09,-5.017594622525561e-10,2.7833994245492374e-09,2.340901241127699e-09,-7.986608210263646e-10,2.362974609632114e-09,-7.617180509198865e-10,2.665566536153689e-10,b'Detached',b'',9.3238667061104,0.1254675150147671,8.818918624712767,0.0883958164931902,8.597096930755141,0.12834543169297136,8.342183354766446,0.17743794758007128,0.5049480813976306,0.22182169395762602,0.47673526994631715
b'2014 UQ250',55.44905352,0.00562957,0.35787735,9e-05,32.11497102,6.352e-05,338.3520807,0.01537736,89.06558279,0.00018962,64504.93566399,2.45241532,35.60509339585426,0.008513778181432567,37.24607676,0.00034321,37.61061788,0.00023349,23.21533374,0.04909647,14,20,38.31758,27.5451933678,24.2958316624,-8.095274152,-0.6375496734,0.6655052475,0.7347032669,6.44914840373562e-08,5.504939282001183e-08,-2.022407628985294e-08,-9.457488248725676e-09,-5.311034612299016e-09,4.051355873792973e-09,4.70447904414712e-08,-1.7252712115182174e-08,-7.628898189134897e-09,-4.134982626003594e-09,3.330405480765639e-09,6.360060044925264e-09,3.1374160097392436e-09,1.8226514943964589e-09,-1.3241428832235273e-09,7.008299908045989e-09,5.894323023846208e-09,-2.2247842367486356e-09,5.102300257878313e-09,-1.8190300878142868e-09,7.335328826102869e-10,b'Resonant 5:2',b'',8.118486699572232,0.08281121365010942,7.437666803764914,0.05296981126679714,7.20086822628331,0.06536377188056906,7.081306130240206,0.10002008605597021,0.680819895807316,0.23679857748160504,0.35636067352471046
b'2014 UQ277',43.75192109,0.00079824,0.28914019,9.83e-06,22.47221461,6.09e-06,294.86202854,0.00449063,112.29990465,0.00010537,60445.50242248,0.67751563,31.101482123021963,0.0009778013782666874,31.19170221,9.145e-05,31.5095254,6.695e-05,22.4695856,0.02153962,23,29,70.36502,25.7203367723,17.3332466856,-5.5563501108,-0.655581141,0.959778438,0.5045928274,5.571031380592017e-09,3.738598282370574e-09,-1.2696419061719684e-09,3.991950854458336e-10,6.263261187857893e-10,-3.854969934933229e-12,2.5144098772547274e-09,-8.520649816454451e-10,2.868853878480513e-10,4.3356860270439934e-10,-6.323443024752957e-12,2.9231867640662334e-10,-8.691100016861951e-11,-1.3951208957776844e-10,-9.154852514185185e-13,2.5740968710038966e-10,2.1986082650628807e-10,-4.672640067677445e-11,2.0543771463714174e-10,-3.6059798060812124e-11,1.0238261071302896e-11,b'Resonant candidate 7:4',b'',7.952905476202643,0.041900869005917406,7.4511914943958875,0.03158925514638597,7.16938457819654,0.036665819872843404,7.367608767655414,0.08370269374372452,0.5017139818067541,0.2818069161993444,0.08358272674047108
b'2014 UR277',41.27442627,0.00261015,0.13456867,0.0001315,31.50637524,4.126e-05,194.58957633,0.03777307,146.23008321,0.00048157,43634.4437855,5.76703676,35.72018176546543,0.006564777211392462,37.82644743,0.00065984,38.30421457,0.00044751,23.56130703,0.06774284,11,14,26.89072,23.8736845275,28.5580029046,-9.0388335161,-0.6839435364,0.7830118638,0.1593032779,1.690964676183616e-07,2.011454751667979e-07,-6.768538296847088e-08,-2.34011417401542e-08,-1.979059361116853e-08,9.029589183022297e-09,2.3939685695330675e-07,-8.053439493871681e-08,-2.7389234567842692e-08,-2.30036296219328e-08,1.056760229540723e-08,2.713916118841465e-08,9.341832373414723e-09,7.896160101838463e-09,-3.6212209678488316e-09,9.276286187820014e-09,1.0447095149156682e-08,-3.6783256233664795e-09,1.2199418538842726e-08,-4.1657493629367965e-09,1.4785923196308057e-09,b'Classical',b'',8.441808569762225,0.12021535248286179,7.675494404831108,0.09569586253690893,7.638079144359887,0.11180299891906242,7.509363065364846,0.1761100779700636,0.7663141649311184,0.037415260471224454,0.16613133946626737
b'2014 US277',99.1733666,0.38694129,0.44999508,0.00347774,36.37384487,0.00024527,351.26289112,0.01660753,143.32035298,0.00248531,98440.30192433,125.26513554,54.54583946960165,0.5575685500928335,79.3476673,0.00462407,79.7571726,0.00300195,23.94943718,0.08588497,7,7,11.21068,48.687704627,57.6624785403,-25.8021814505,-0.6908154913,0.2474969286,0.2327693838,7.98131592400516e-06,9.406471427974064e-06,-4.297455931250661e-06,7.62123499349469e-07,9.97403778416678e-07,-3.907947573637407e-07,1.1087354805442687e-05,-5.064902751811926e-06,9.330804519798667e-07,1.216765694419323e-06,-4.792394042839955e-07,2.3143099793848726e-06,-4.0431160246618617e-07,-5.298809503448108e-07,2.071712121464122e-07,2.2498328718572833e-06,2.672223713471198e-06,-1.2027919068868331e-06,3.175525819813743e-06,-1.4285435099676656e-06,6.433380737284107e-07,b'Detached',b'',5.668437508387255,0.15441788937660952,4.706488732676027,0.12055208371793394,4.483272822416646,0.11435134395018984,4.093499571228618,0.186583879024043,0.9619487757112306,0.2232159102593832,0.6129891614474096
b'2014 UT277',42.62749131,0.00498385,0.06491785,0.00017704,5.790246,0.00043891,146.20789575,0.67413086,59.8539841,0.00365165,8463.58104999,223.16693358,39.860206026238934,0.0035388177605864828,45.20913695,0.00109335,45.37848461,0.00096824,23.39494352,0.10172363,7,10,24.49888,42.4508462878,15.6275672486,3.5932793443,-0.3031575072,0.7497566796,0.4010708923,1.0527742157979756e-06,3.783850847289885e-07,8.354035243993168e-08,-5.283362740780409e-07,-1.555497991344522e-07,-2.5549934233820503e-08,1.3609385546537023e-07,3.004663133380259e-08,-1.8674712660370257e-07,-5.476549574150317e-08,-8.942986762128955e-09,6.6867971064843784e-09,-4.044955753248151e-08,-1.182169004619761e-08,-1.8877199700981353e-09,5.083250927839485e-07,1.6384769550444238e-07,3.129194083506382e-08,5.333687789859298e-08,1.0293104984338472e-08,2.1047850005605975e-09,b'Classical',b'',7.591675928088433,0.2629257537251371,6.7303333153373455,0.2722065386291852,6.305813398870887,0.2569290416335906,6.175422147006307,0.14940691783309543,0.8613426127510864,0.42451991646646287,0.5549111683310397
b'2014 UU240',30.05744781,0.00074345,0.04855609,5.361e-05,35.74458427,5.648e-05,73.08572296,0.04898515,81.99765848,0.00011947,77432.66415566,8.95405128,28.597975726358634,0.0018597289216530403,30.45979032,0.00019079,30.83767078,0.00012922,23.01869245,0.035326,15,23,30.71115,22.0805135842,20.5295592124,-6.4768864174,-0.4690722636,0.6745427483,0.7573369563,1.897295541812167e-08,1.7155349321276585e-08,-6.012158936511421e-09,-1.7829988738243834e-09,-7.885958281578454e-10,1.0641294538203243e-09,1.5539836792977753e-08,-5.426635211741386e-09,-1.38941739384851e-09,-5.016679246819663e-10,8.979468383330482e-10,1.9176399365847348e-09,6.995321350182848e-10,3.7797313606190774e-10,-3.766578915502273e-10,2.876761732433055e-09,2.649866104866137e-09,-8.833668681790017e-10,2.4870735422489935e-09,-7.898009508318038e-10,2.893247260451153e-10,b'Resonant 1:1',b'',8.737080211007827,0.07262439815722631,8.112583636616845,0.05714122803126068,7.973916563611942,0.06824946857424134,7.944981733159816,0.1315375959204277,0.6244965743909843,0.13866707300490533,0.1676019034570293
b'2014 UU277',45.87518813,0.00363136,0.19140333,7.468e-05,28.42674318,7.929e-05,322.90043741,0.02665014,101.98380335,0.00047996,64901.81357019,5.22126252,37.094524572763014,0.006085909033204362,37.85591454,0.00051248,38.21022792,0.00035125,23.9197734,0.07273132,13,15,44.21992,28.8687336598,23.472328239,-8.6987091958,-0.5826883231,0.7513557993,0.5507534278,1.50409135581683e-07,1.209617682810324e-07,-4.772327276972817e-08,-8.554454629344645e-09,8.10340697574792e-11,4.527945511179874e-09,9.735104713331708e-08,-3.838884102514624e-08,-6.7143202550605885e-09,1.8353955337721133e-10,3.59704411218452e-09,1.5186908656224627e-08,2.7533700957566904e-09,1.3306559850368512e-11,-1.4675753753098366e-09,5.44983464261044e-09,4.387811074910486e-09,-1.7226324557220105e-09,3.921666549367356e-09,-1.2992869372916709e-09,5.907099364834785e-10,b'Classical',b'',8.797592215268237,0.13095912769999601,8.1262242823413,0.08389919431751137,7.595162030726902,0.0884118345315233,7.479341927978487,0.17614063635042748,0.6713679329269377,0.5310622516143965,0.6468823543628118
b'2014 UV277',61.17396158,0.00666824,0.39253737,8.759e-05,33.50897022,0.00014839,213.65185455,0.0303762,166.56994909,0.00040337,53263.64661112,5.63206881,37.16089535159277,0.009212679469832381,37.46243421,0.0004611,37.86498466,0.00031401,23.8221112,0.07821596,11,14,29.43812,27.3212251501,25.0594998113,-7.7025443246,-0.7242820848,0.9556582413,-0.0623213712,1.120999717744641e-07,1.0086696719957929e-07,-3.317182048582683e-08,-1.9649849379837792e-08,-1.2179273698233935e-08,4.8892331155914064e-09,9.09410946495789e-08,-2.987505569523134e-08,-1.6528891206131463e-08,-9.878220666312512e-09,4.048582580561523e-09,9.877209300159858e-09,5.6343424611413264e-09,3.4341591952937214e-09,-1.4180358154335341e-09,1.9119791911060622e-08,1.7420203272023223e-08,-5.710809833608687e-09,1.6274047324429573e-08,-5.2710011448580535e-09,1.74333657713969e-09,b'Detached',b'',8.618888977827991,0.10854727493852645,8.062712573562555,0.1066567479736166,7.670482688333118,0.11145195572628017,7.441907197196729,0.16661838741328053,0.5561764042654386,0.3922298852294338,0.6208053763658263
b'2014 UW276',39.34822741,0.00344445,0.28828649,6.374e-05,13.35904446,2.849e-05,210.32062522,0.01035583,128.06020161,0.00070468,50431.79376081,1.11556231,28.004665208959068,0.004794551573247661,30.07514479,0.00042656,30.40419041,0.00033505,23.89476874,0.09227878,9,11,24.19775,26.1972184961,15.4071606764,-0.8601961901,-0.3903271659,1.1389247046,0.3823231226,1.349682795190539e-07,7.954867368084157e-08,-5.574664282335331e-09,-2.240441715503158e-09,5.697699159372707e-09,1.9730021654424582e-09,4.6957422534386155e-08,-3.2765251506140316e-09,-9.769514450800144e-10,3.5640011589065643e-09,1.151067868762027e-09,2.5990535054730235e-10,1.8438979218520445e-10,-1.7890790778916126e-10,-8.90354324457098e-11,3.2790813948390608e-09,1.8882740342230963e-09,-1.4640328004371136e-10,1.470269676444228e-09,1.3528325676731505e-11,4.532192830940915e-11,b'Resonant 3:2',"b'3,2,-2,0,1,0'",9.406670289423007,0.11543668550413563,9.061133607485301,0.10660698542778997,8.522841588095515,0.09717469512681196,8.971601452418438,0.23626119563688577,0.3455366819377064,0.5382920193897831,0.0895321550668632
b'2014 UW277',26.46506583,0.00146174,0.42865868,0.00010643,35.7273033,0.00011526,104.45635121,0.01180515,158.22009183,0.00053683,43156.09972979,3.51542494,15.120585512724075,0.003506608449254295,32.29847984,0.00068372,32.7374147,0.00044994,23.83714183,0.08325493,7,7,11.90628,20.9682427677,23.4761179498,-8.9968329173,-0.431624055,0.8553528095,-0.0581079204,2.036710715110689e-07,2.1415650543582046e-07,-8.992156764845982e-08,-5.3553837684689556e-08,-4.980898857645412e-08,2.278727778332076e-08,2.2536191421260411e-07,-9.458334115295663e-08,-5.5792222214178924e-08,-5.1770855311425207e-08,2.3725071727971017e-08,3.9755689631064e-08,2.3575336451748517e-08,2.1912397066647962e-08,-1.0041671565036819e-08,1.726253047032352e-08,1.6911415553146536e-08,-7.46049701852975e-09,1.6784235217795542e-08,-7.340564017030364e-09,3.2426465200733663e-09,b'Centaur',b'',9.460019601423996,0.16594994373221947,8.759809974385123,0.10028090866204384,8.697649645035744,0.11737919867867863,8.339438881906974,0.2775076975669299,0.7002096270388724,0.06216032934938242,0.4203710924781517
b'2014 UX276',45.18789406,0.00318711,0.11536639,0.0001336,9.00407494,9.209e-05,241.32728221,0.05148295,82.5209318,0.00133321,44341.6259331,10.93169204,39.974729989974854,0.008178018090998388,41.54144309,0.00047876,41.64666561,0.00043373,23.70059361,0.07266913,13,17,43.90163,39.5422579599,13.0431470441,-0.8549311581,-0.1934340692,0.8896816349,0.4411424275,2.0618003004838296e-07,6.873576232304084e-08,-4.830057144041499e-09,-9.69615033691027e-10,6.551945075588568e-09,3.0666924929010974e-09,2.2990690550909664e-08,-1.5883142413529713e-09,6.954348082075954e-10,2.5259771662982315e-09,1.000361849505341e-09,1.4641636175307408e-10,4.748313523446617e-10,-8.992142743971819e-13,-8.3849629233287e-11,2.0871810734128715e-08,7.007881830350225e-09,-4.669370238451597e-10,2.600048884671011e-09,-5.5283445023065725e-11,7.126328871467752e-11,b'Classical',b'',8.397347435656824,0.13137239273361373,7.4387344214035505,0.08396260396715675,6.889018029047383,0.09437994238611636,6.731578684584045,0.12444654645043828,0.9586130142532798,0.5497163923561645,0.7071557368195007
b'2014 UX277',90.49384546,0.0765615,0.57737329,0.00045655,32.16651185,0.00010149,319.6513311,0.01856818,148.82006071,0.00067924,72473.61565703,1.53020553,38.2451159037181,0.07354419539011103,48.54895533,0.00148496,48.96161112,0.00098681,23.81925335,0.07113174,10,15,32.65562,32.5563062305,34.4433652543,-12.2874276606,-0.9769182908,0.4031755233,0.2469539705,9.907492343443104e-07,1.026279838613828e-06,-3.873389859020857e-07,-1.1425167047469815e-07,-8.523834327714995e-08,4.2248810492915606e-08,1.0632847532368562e-06,-4.01256977260256e-07,-1.160397144429529e-07,-8.581275256061056e-08,4.285857500240129e-08,1.514886847506156e-07,4.449274483553625e-08,3.3139924635828074e-08,-1.6464902421455015e-08,6.629324125877347e-08,6.755126578055653e-08,-2.581783618262114e-08,7.011957572929612e-08,-2.640811320759505e-08,1.0094222855084684e-08,b'Detached',b'',7.460100263761911,0.10698951953916544,6.924646505150145,0.07841160330810777,6.651134541346488,0.10672270725031008,6.854595409996877,0.22277452519355975,0.5354537586117635,0.273511963803657,0.07005109515327157
b'2014 UY276',55.35255498,0.01167019,0.42710197,0.00011154,24.03437296,0.00018002,289.35260258,0.01289604,65.0840263,0.00033548,52118.15546579,1.73424898,31.711369897224518,0.012758678759872556,33.05798695,0.00091519,33.37920709,0.00069807,23.43348132,0.07748417,8,9,18.84267,27.8838422278,18.3218424473,-0.9863557466,-0.3313716895,0.9497672682,0.8015744113,5.934112459426609e-07,3.7963756643041073e-07,-2.8175752262048698e-08,-2.092010267900901e-09,1.784348683564229e-08,1.6318309971939675e-08,2.429315405733863e-07,-1.8008242979521754e-08,-9.621390934485638e-10,1.1661744297624536e-08,1.0423954198889095e-08,1.3781256465909607e-09,4.184324111022841e-10,-6.415475025229198e-10,-7.862547089046981e-10,6.679671733844257e-09,4.231143959229734e-09,-3.42657622864902e-10,3.3206212468138856e-09,3.068421179181576e-10,4.754398048027586e-10,b'Resonant 5:2',"b'5,2,-2,0,1,0'",8.925213052544306,0.15215289222076916,8.196771652901,0.17225660149994648,7.963217167428015,0.1602725434682684,8.059469728638211,0.1804510612278431,0.7284413996433046,0.23355448547298593,0.13730192426278798
b'2014 UY277',38.74469802,0.00182949,0.10333855,7.468e-05,38.39000444,8.264e-05,291.33593068,0.03070806,169.45022163,0.00022995,67943.18524295,5.42227042,34.740877134492926,0.004194966782003457,35.59304312,0.00035939,36.04138264,0.00023982,23.36030028,0.07130996,14,17,30.80015,22.552094571,26.4610784917,-9.4971373719,-0.8852633697,0.621695236,-0.0558719599,5.08903978355379e-08,5.898429412838943e-08,-2.24202409316678e-08,-5.702339784611241e-09,-3.3863098357670883e-09,1.7003029922448212e-09,6.8453866223271e-08,-2.6007064157512645e-08,-6.2557319304132255e-09,-3.4847794790318705e-09,1.807247708259786e-09,9.90035498510277e-09,2.4232924074420093e-09,1.3809135859564829e-09,-7.092485157336438e-10,3.184947961752456e-09,3.551141941191734e-09,-1.3665556178254853e-09,4.197014059810985e-09,-1.5828332791329744e-09,6.098008680017225e-10,b'Classical',b'',8.393384559544272,0.09441215113695284,7.816537339235024,0.09546520070126195,7.602004933640233,0.09405366996552393,7.258148160703614,0.14277552233916127,0.57684722030925,0.21453240559479284,0.5583891785314075
b'2014 UZ224',108.62037317,0.15524605,0.64716159,0.0006312,26.78459662,7.51e-06,29.40826253,0.03130631,130.99995386,0.00098537,103578.12744699,34.25860265,38.32543967529905,0.12332559124638573,91.46334073,0.00145586,91.92405352,0.00100006,23.02234795,0.0336263,19,33,65.70284,61.4482310016,66.3790171928,-16.36986864,-0.6589919773,0.0495750527,0.2437219089,9.464815532248809e-07,1.0215287425980255e-06,-2.5833673222294164e-07,-2.685119815347086e-07,-2.864883343563274e-07,7.356552608896579e-08,1.1026109144742616e-06,-2.7882874516221297e-07,-2.888134977722832e-07,-3.0813215437350005e-07,7.913219891662046e-08,7.054633356635004e-08,7.336770147480873e-08,7.828433480584966e-08,-2.0108811321430512e-08,1.4415993867619175e-07,1.560717935337264e-07,-3.9332412411914084e-08,1.6903455823618554e-07,-4.258316640232224e-08,1.074477193072631e-08,b'Detached',b'',4.082470798914413,0.057929278508616185,3.330771066677615,0.0363665952664265,3.0345511324092573,0.03912556337998055,2.829790335043837,0.07453230801755728,0.7516997322367973,0.2962199342683556,0.5009807316337781
b'2014 UZ276',45.90195039,0.01514542,0.1639923,0.00017947,8.62422084,0.00043314,14.20872319,0.20824116,6.97383577,0.0001967,59363.66849615,46.29150166,38.37438379029232,0.020550361700631254,38.40365135,0.00309693,38.43858773,0.00296892,23.68053082,0.09660896,7,10,26.25396,37.5538665309,7.291703387,3.7500928935,-0.2554802303,0.8991390391,0.5673443601,9.222678075888755e-06,1.656761187878321e-06,8.60964111578547e-07,1.3013736093538309e-06,4.0889475283778444e-07,2.2908695762719713e-07,2.977871157212039e-07,1.5469530359181804e-07,2.3158678747329963e-07,7.326608080011562e-08,4.1028486743839126e-08,8.050594789816514e-08,1.2017915554211288e-07,3.801506747215484e-08,2.1385893666196825e-08,2.79507076144349e-07,6.924552242095351e-08,3.7826065529743916e-08,1.9588439950178228e-08,1.0820011882383673e-08,6.07367296829765e-09,b'Classical',b'',8.47717843178206,0.2514804397713764,7.599830410293892,0.2596467783789723,7.2878849393277765,0.2789812982134246,7.3550757164009735,0.3127262256011316,0.8773480214881716,0.31194547096611475,0.24475469389291538
b'2014 VB41',53.40969966,0.00183155,0.31624758,2.581e-05,17.71753462,7.002e-05,6.0392695,0.00581684,40.72168375,0.00012988,64959.41121084,1.01354738,36.51901134387827,0.002543704637846749,38.39358901,0.0001817,38.42684205,0.00017171,23.11439382,0.03589663,16,28,36.74929,37.3053286069,8.7633284045,-2.8528446422,-0.3221138413,0.8383387504,0.7146437443,3.119009303798347e-08,7.140602604955804e-09,-2.576560518968944e-09,-2.9473658710291097e-10,8.213734460497499e-10,6.496422134618522e-10,1.6447246541368675e-09,-5.892295942327577e-10,-3.158554806553715e-11,1.9464548743108883e-10,1.470578107341333e-10,2.2169256090308725e-10,4.7666624524632484e-11,-6.134788804061789e-11,-5.800491406154386e-11,9.972555327464432e-10,2.666638327676127e-10,-5.4364739672974025e-11,1.0002022435658704e-10,3.762528543029409e-12,1.839755940676103e-11,b'Detached',b'',8.091557030053051,0.10141489867811597,7.227642931369369,0.06010922588528569,6.89039822659643,0.05884362448782909,6.540978694700408,0.14610589268696517,0.8639140986836866,0.3372447047729419,0.6866642366689577
b'2014 VC41',37.70764863,0.00081935,0.2362045,1.559e-05,46.54088345,2.288e-05,315.5279576,0.00452119,97.7484299,6.516e-05,60359.75371518,0.62182279,28.800932206427557,0.00120093311504368,28.7815107,0.00010361,29.1676884,6.452e-05,22.88384828,0.03042016,25,34,48.94833,16.4326965978,20.9609209695,-11.8895046678,-0.5729460237,0.7987833787,0.8341935393,3.5539747881569398e-09,4.316385630840503e-09,-2.627966659580009e-09,-3.210796336334573e-10,-6.645465278169043e-11,3.0461069009991816e-10,5.250709147236303e-09,-3.1935058872560498e-09,-3.734032419565698e-10,-5.925487598377003e-11,3.58747163183965e-10,1.9471510750132156e-09,2.407381420088218e-10,5.410655211834215e-11,-2.2852145888911814e-10,1.5184372950928623e-10,1.7300649421334307e-10,-1.1408952337773908e-10,2.3197673166412213e-10,-1.2464267831510513e-10,8.911525157946899e-11,b'Scattering',b'nc',8.79562329221825,0.0418528345524987,8.156448417016984,0.03492325885366601,7.9144418095160685,0.04572275781050615,7.737591571788682,0.0577165603031088,0.6391748752012635,0.24200660750091632,0.41885684522830324
b'2014 VK43',43.78338243,0.00346545,0.06504287,0.00014008,10.11127083,2.244e-05,195.28923208,0.05100877,93.04652549,0.00119645,36033.9015293,11.88895064,40.935585500532504,0.008065201327070405,43.12072959,0.00074308,43.1098323,0.00070518,23.74685534,0.08747669,8,14,31.37564,41.9918018524,8.6793721241,-4.4513726056,-0.0783449529,0.8804357414,0.386987067,5.230618562766998e-07,1.0955705767734892e-07,-5.710070136272366e-08,1.0987170936069521e-08,1.476592386464066e-08,4.0026924323987496e-09,2.3054475498620382e-08,-1.1930332179211034e-08,3.3960283617062267e-09,3.313297191091159e-09,7.169843084755295e-10,6.280137998840546e-09,-7.409422317987641e-10,-1.51777291031054e-09,-4.9218372525494e-10,1.6765528342412243e-08,3.7026240301032927e-09,-1.7509339230295214e-09,1.1256659943112689e-09,-2.6377999082443494e-10,2.467116368234697e-10,b'Classical',b'',8.619924584204893,0.2780320745203897,7.4367227680396635,0.1361587286242074,6.907793929205171,0.1212356299592918,6.977236423833842,0.18400338996611107,1.1832018161652293,0.528928838834492,0.45948634420582213
b'2014 VL43',42.63615002,0.00170491,0.07451145,6.953e-05,4.76445873,0.00012093,256.88249986,0.02449006,39.31135955,0.00083826,39221.41941739,5.11183134,39.45926871055501,0.003990895426074876,41.47178238,0.00035554,41.46289955,0.00034708,23.56549057,0.07371386,11,17,35.72002,40.9559305297,6.4068776135,0.857737075,-0.077175576,0.8763202421,0.4535654217,1.2338879070505471e-07,1.9218592083103035e-08,2.439403218466988e-09,2.2614659076105894e-09,3.242442625208595e-09,1.5136569618142536e-09,3.0317442577775225e-09,3.90407975007433e-10,6.549019774342089e-10,5.494837523101118e-10,2.4232767869908425e-10,7.10209964121975e-11,1.9825457297658785e-10,8.854497146727667e-11,2.9536038447384476e-11,4.539663381839764e-09,7.76543055124355e-10,1.258710671952272e-10,2.054808634156131e-10,5.547439893198974e-11,2.6492250286538554e-11,b'Classical',b'',8.230584904903123,0.1357621742631213,7.282043378347739,0.08002227783773722,6.971694267061062,0.07842431522641094,6.681588253373233,0.09536650702693222,0.9485415265553846,0.3103491112866728,0.6004551249745047
b'2014 VM43',107.19415545,0.02604678,0.69318221,8.792e-05,16.71324876,0.00012601,274.46437903,0.00618857,157.41479539,0.00026168,69053.48289612,0.32141283,32.889074196132476,0.017289909456970096,43.27108829,0.00062195,43.20977451,0.00060466,23.8767357,0.09883929,12,17,40.11881,42.5914404011,6.1373924504,-3.922528738,-0.6616143055,0.9890016359,0.2122427811,3.761206600233715e-07,5.2114769721781527e-08,-3.69604697779355e-08,1.603717602165119e-08,1.1994854202395728e-08,-3.925251088703281e-10,7.280058995837183e-09,-5.118570096121313e-09,2.621996568781186e-09,1.7214007439227234e-09,-9.196488621952851e-11,3.668281576657148e-09,-1.522247453947893e-09,-1.1691289580545978e-09,2.250217260350601e-11,7.563562711375572e-09,1.7211986770710053e-09,-6.655346062616441e-10,6.028385775967692e-10,-1.26707068072163e-10,6.911398633242068e-11,b'Scattering',b'',7.766136217046357,0.1151500199070356,7.459471553898231,0.1420621001434713,6.971690716005844,0.09330406799631039,6.7349893898040225,0.1319991684639579,0.3066646631481268,0.4877808378923849,0.7244821640942081
b'2014 VN43',36.35421993,0.00315952,0.13239067,7.74e-05,14.84314672,0.00022989,202.07414163,0.06001747,23.31362373,0.00033336,29610.88728127,13.95072244,31.54126055997647,0.005184703496734766,39.61827326,0.00066674,39.49484003,0.00065957,23.66005055,0.06122528,11,12,21.2104,39.285922171,2.9388019716,-2.7968108716,0.080070171,0.7647306426,0.5685044932,4.39651496994916e-07,3.432103506622092e-08,-3.1238983638790305e-08,7.643676115833888e-08,1.51457538100626e-08,2.1328208306046023e-09,2.7300156802323458e-09,-2.433668143685217e-09,6.264043104340981e-09,1.1947639620103336e-09,1.5068266559147914e-10,2.2654528546718983e-09,-5.248018069997769e-09,-1.0589864461984086e-09,-1.7682141873954377e-10,2.381528849040039e-08,3.6170334702474224e-09,-1.9183627317824586e-10,6.299886976481573e-10,2.0846313031087924e-11,5.664699316346601e-11,b'Resonant 4:3',b'',8.916245186000845,0.1863132089372501,7.702588099414571,0.08055677487966968,7.4929071011051835,0.09824913410507635,7.423140134740196,0.15150511065556363,1.2136570865862748,0.2096809983093886,0.27944796467437544
b'2014 VO43',43.91893574,0.00457558,0.04698932,0.00013189,40.14345067,0.00011923,37.74315591,0.10215251,105.16189767,0.00039752,86055.92852713,27.91785579,41.855214943358256,0.0074321515624370255,43.78894537,0.00108597,44.27001879,0.00073765,23.64464632,0.05963865,8,14,22.58078,24.5801533477,34.3618926689,-13.2253906434,-0.5429951693,0.5420661957,0.5450775981,3.6603066532127407e-07,5.057226310003327e-07,-2.0486402353934905e-07,-1.3921537999016642e-08,3.058074612010809e-09,1.057443677511652e-08,6.988652241809872e-07,-2.830698186460216e-07,-1.8801843368986592e-08,4.849878941186453e-09,1.437865827511975e-08,1.1470586296986634e-07,7.841672250671117e-09,-1.6333957454197945e-09,-5.9543814597365866e-09,5.148689597327008e-09,6.70793496532144e-09,-2.9199099923514282e-09,1.0160660526104517e-08,-3.6448159184130766e-09,1.6999314865733536e-09,b'Classical',b'',8.01097889715521,0.12845641035734426,7.1127215593796524,0.07798081469216468,6.802165996307549,0.07310669627574813,6.995169519854075,0.17434432791069093,0.8982573377755556,0.3105555630721052,0.11755203952557815
b'2014 VP43',133.2806491,0.01476312,0.69274257,3.766e-05,35.85805451,3.904e-05,314.44396447,0.00842795,59.25536541,0.0001884,62949.07811947,1.57438748,40.951469683996,0.009469185357573842,43.04694556,0.00030961,42.78243872,0.00022963,23.50660976,0.04641782,13,21,43.79469,35.1019642102,4.4425998605,-24.051039021,0.1403051006,0.9490297164,0.7943647576,6.368156084203909e-08,8.062761419173657e-09,-4.4538294090279616e-08,8.66798055980311e-09,2.7906767143215796e-09,-4.114814527713023e-09,1.0364751136569149e-09,-5.63823639608785e-09,1.1864398208107697e-09,3.631062058259966e-10,-5.789461499970352e-10,3.117082568525848e-08,-5.99351887213298e-09,-1.9408476182233063e-09,2.8266723625478084e-09,4.480697481604964e-09,8.92937935713049e-10,-2.7192620857105697e-09,2.0821091246367488e-10,-5.165009112180383e-10,1.6869858834066363e-09,b'Detached',b'',7.667329393421733,0.07081822269968764,7.060837417141412,0.057997691556140867,6.7851367187876495,0.06279822080780004,6.736069360263331,0.11776167540803964,0.6064919762803238,0.2757006983537607,0.32476805687808197
b'2014 VV39',43.93988882,0.00099353,0.01367396,3.827e-05,1.62875547,3.955e-05,281.84843768,0.12540117,136.32503596,0.00195719,71144.00182884,35.5680997,43.33905650304771,0.0023710076536635435,43.5277254,0.00022182,43.5312945,0.00021492,22.90379738,0.02900146,18,30,60.72293,42.800294243,7.6290561011,2.2149304693,-0.1831232661,0.868270509,0.3592998324,4.7737266863157005e-08,8.058788678567305e-09,2.2593189536483985e-09,-2.374796205223065e-09,7.291769017711106e-10,3.525272727458126e-10,1.3791436222664617e-09,3.8708545723003015e-10,-2.4884905148086757e-10,1.4896146533578806e-10,6.699515189138125e-11,1.141612275898578e-10,-4.982547503575206e-11,4.5364850047213066e-11,1.9244058558022794e-11,1.8105701371543032e-09,2.5721658700338363e-10,6.571087379328087e-11,6.337163498268026e-11,1.983731680485331e-11,8.002914635283533e-12,b'Classical',b'',7.332025959646389,0.06448782032521223,6.47481268882448,0.039897473574452384,6.228306413339686,0.038027684491660024,5.902547106552175,0.05735125534851512,0.8572132708219081,0.24650627548479181,0.5722655822723057
b'2014 VW37',42.08244276,0.00080487,0.13267529,1.672e-05,48.78493722,1.351e-05,255.48280459,0.01279353,122.77677736,9.424e-05,52365.20805157,2.6238204,36.499142664525145,0.0013150563081151605,36.47411668,0.00014519,36.86491203,9.162e-05,22.69579372,0.02541062,25,39,51.17526,16.9549126555,27.3600491565,-17.9716550685,-0.6594235019,0.7634779561,0.4330115786,4.591445242259947e-09,7.158348086090588e-09,-4.9420855387984604e-09,-4.796075141722301e-10,-2.8831790806439027e-10,4.2851788706267833e-10,1.1175739256442813e-08,-7.712102292344843e-09,-7.326504522595469e-10,-4.270583226162086e-10,6.53495210525731e-10,5.328348821902501e-09,5.131698914693529e-10,3.071248372344121e-10,-4.6094370339148436e-10,2.0220645229218567e-10,3.033479667246497e-10,-2.1496838018621118e-10,5.158110640144078e-10,-3.3595290526916305e-10,2.3432086062229607e-10,b'Classical',b'',7.572568873759218,0.03621756579936874,6.986120934644143,0.03152456883340378,6.797648623384896,0.04048721218323948,6.7571264495649555,0.053072411690546314,0.5864479391150728,0.1884723112592492,0.2289944850791912
b'2014 WA556',62.50426699,0.00225463,0.36236404,2.55e-05,23.84136598,1.263e-05,307.00435286,0.00578445,87.04235833,0.00014671,63172.59322111,1.18830401,39.85496806292334,0.002988957282962755,40.96956647,0.00017183,40.95606868,0.00014297,22.34391335,0.01870164,23,32,54.24311,37.1253169669,11.896843426,-12.5529087655,-0.2630293386,0.9525882627,0.566843935,2.4301954986055644e-08,7.37164678981448e-09,-8.53787437859709e-09,-1.053467009084752e-09,3.923645576766212e-10,6.689353453539965e-10,2.241148864387762e-09,-2.5894050919104236e-09,-2.784635864043624e-10,1.32224592751904e-10,1.8926115856548118e-10,3.0032096494655895e-09,3.866826123674451e-10,-1.321180088178588e-10,-2.4149459463427347e-10,9.85645630226396e-10,3.0508669753835047e-10,-3.424238883976387e-10,1.1827225664250389e-10,-9.675623614047817e-11,1.2447042872589356e-10,b'Detached',b'',6.917213130524628,0.034055828979984916,6.147538225571116,0.02561543441902261,5.8876003985456205,0.025806200408640834,5.812587788764228,0.045622088411487446,0.769674904953512,0.2599378270254967,0.3349504368068893
b'2014 WA602',45.89551787,0.00203054,0.11440799,3.903e-05,30.68769065,3.597e-05,240.58508485,0.03721213,94.3551366,0.00035159,53114.93720359,9.14758022,40.64470379471037,0.0034575229235107702,41.10382822,0.0003506,40.8304166,0.00027134,23.46482501,0.0657183,10,18,27.24953,34.8683871505,2.5342819037,-21.0925558599,0.1392205141,0.9863117579,0.2877523427,8.840607035169e-08,5.361922775134092e-09,-5.5040294306662696e-08,-2.298898789569243e-09,2.5693273331352343e-09,2.3323720005940105e-09,3.503676379878115e-10,-3.3387417770348574e-09,-7.138506709417942e-11,1.5433439731015672e-10,1.0081533980054772e-10,3.430024488996185e-08,1.4493119697746013e-09,-1.5971761102317728e-09,-1.4763856053861571e-09,3.805018956070424e-09,3.8630432666946775e-10,-2.3123543273202233e-09,1.3982609078196684e-10,-2.0518841292678544e-10,1.429330333297879e-09,b'Classical',b'',7.948374111312395,0.1350521157438701,7.362705532752438,0.1246749940608201,6.927238852573685,0.11332754643395697,7.059346642911505,0.19230849511570525,0.5856685785599567,0.43546668017875534,0.30335888984093506
b'2014 WB556',280.0916113,0.35608105,0.8475583,0.00020106,24.15750796,2.107e-05,235.33915786,0.01429053,114.89162763,0.00040959,51284.66003539,2.5201193,42.69764148379275,0.11059225118620884,45.0406693,0.00066274,45.16343715,0.00051545,23.75806109,0.064275,11,15,16.81418,39.2719320103,18.9151146189,-11.818199967,-0.1558479673,1.212718953,0.3382582834,3.3064110380466116e-07,1.5959470383955566e-07,-1.0210644216712692e-07,6.506674629170663e-08,4.5010465375814844e-08,-1.7241768334227014e-08,7.710953579263968e-08,-4.9279964002790706e-08,3.213078543780407e-08,2.2098249601048958e-08,-8.539097667348277e-09,3.156164973466653e-08,-1.9952228526559923e-08,-1.3826113844978593e-08,5.278246383070507e-09,2.451288888398205e-08,1.493757028659593e-08,-6.904050875868238e-09,9.298803635471526e-09,-4.17208549502194e-09,1.9642772629920198e-09,b'Detached',b'',7.816968110984432,0.09523786492492081,7.172006006720567,0.07889499995974307,6.89822847534891,0.0957507853276098,6.734356926213861,0.14822374005416317,0.644962104263865,0.27377753137165517,0.43764908050670703
b'2014 WB602',43.58270796,0.0029921,0.14017223,9.951e-05,30.35329176,4.482e-05,216.92679675,0.03940621,104.656502,0.00030542,49370.30904341,8.00406205,37.473622546401046,0.0067447350746013615,38.5889943,0.00039981,38.38537992,0.00031611,23.86846835,0.06880878,13,18,30.50515,33.4853740533,4.8630323834,-18.1250663974,0.0694281336,1.0441922087,0.2397219602,1.2034515585467516e-07,1.6813916985167713e-08,-6.691278733148047e-08,1.7319348948638413e-08,6.776711794912714e-09,-8.4437196902702e-09,2.418303664467724e-09,-9.339582989988721e-09,3.061696057749406e-09,1.0496949835809341e-09,-1.5299741920934168e-09,3.7240768275474564e-08,-9.469250325856346e-09,-3.740080720170714e-09,4.597415566231336e-09,1.2109517093969366e-08,2.6267369360154218e-09,-6.466667036807222e-09,6.730708368293722e-10,-1.3778809100093289e-09,3.470088182299513e-09,b'Resonant 7:4',b'',8.497017395179691,0.11715621566392145,7.964667610648098,0.09479537350013113,7.679648596742544,0.10097985348540855,7.274716865600775,0.13610582201008356,0.5323497845315904,0.2850190139055565,0.6899507450473241
b'2014 WC556',45.95287488,0.00294844,0.08375085,4.244e-05,36.37207225,8.907e-05,296.80179914,0.20657172,54.74293834,0.00035569,58431.08637654,54.93212966,42.10428261800532,0.004547273335411541,42.36819099,0.00060441,42.1118873,0.00045291,23.55668502,0.05599547,11,19,41.03242,34.9618145576,4.8761327151,-22.9631423135,0.2740682289,0.7702166587,0.5905936192,2.4945407551300557e-07,3.344256657338381e-08,-1.6667481382898523e-07,6.393475985349652e-08,1.4616368043215394e-08,-3.72129729581381e-08,4.549401053238496e-09,-2.230875313281464e-08,9.896564112288914e-09,2.1306642914078904e-09,-5.870526198071678e-09,1.114254747275404e-07,-4.1624252089961626e-08,-9.623212984844021e-09,2.4132863766182674e-08,5.4734204801574215e-08,8.75502054353517e-09,-3.5045831483869574e-08,1.5249694691301008e-09,-5.513386113802214e-09,2.253929504918276e-08,b'Classical',b'',7.94489565079809,0.09050516040529073,7.306483948099467,0.07422807861141036,7.040044445919934,0.09377022218757537,6.725597610026851,0.11707952722213034,0.6384117026986241,0.26643950217953305,0.5808863380726207
b'2014 WC602',38.81302268,0.00139116,0.11684892,4.419e-05,29.25880082,7.17e-06,308.3617095,0.03659061,89.59687781,0.00020466,65616.97659857,6.61533337,34.277762931702426,0.0021981137969435656,35.43965232,0.00029495,35.22228333,0.00023265,23.56833132,0.05059017,14,20,25.89632,30.6520252115,4.6120580504,-16.7269696685,-0.0009654685,1.0139716289,0.4449568745,6.537265139208837e-08,9.142555121766446e-09,-3.647146207605029e-08,9.340812910207365e-09,3.9421206202987444e-09,-4.097850813152432e-09,1.313586564975531e-09,-5.093469293845449e-09,1.5935436910417477e-09,6.01611735706836e-10,-7.268405390734289e-10,2.0368818532955774e-08,-5.101422616356747e-09,-2.1785937130464853e-09,2.2225789567746705e-09,5.26856984027591e-09,1.300660800767903e-09,-2.6932303947583144e-09,3.795462212229143e-10,-6.424548624530306e-10,1.3907126092967872e-09,b'Classical',b'',8.420685572185148,0.06719329207591823,7.9650460155756,0.05236510472730551,7.758578060861071,0.06856592763471651,7.680337452152235,0.12417139573390912,0.45563955660954963,0.20646795471452808,0.2847085634233662
b'2014 WD536',39.41050442,0.00062028,0.24874268,1.118e-05,16.60729909,1.88e-05,329.34560188,0.00243081,68.27196564,7.345e-05,59992.52559407,0.34754632,29.60743004522981,0.0009034834839742184,29.69945497,7.804e-05,29.88933626,6.636e-05,22.57497781,0.02084763,21,31,52.09265,27.2362934444,12.1970446357,-1.6699830872,-0.4740161517,0.9627324719,0.7003635309,5.112232802462767e-09,2.2041579045633463e-09,-3.937488383207748e-10,-5.32785382600815e-10,-4.6793362254827944e-11,1.513536367113194e-10,9.538890727178193e-10,-1.6867548962273145e-10,-2.1708040500015231e-10,-1.4145387878381555e-11,6.458574630058573e-11,3.2403570389470894e-11,4.858792680431349e-11,7.179256039788071e-12,-1.2057238248380826e-11,1.407200566775863e-10,4.507455269116057e-11,-2.037789325450247e-11,1.9861818349437344e-11,-3.5637453417449307e-12,5.1118154301419826e-12,b'Resonant 3:2',b'',8.387705346809875,0.0401722991283665,7.798368187685204,0.023842666365064852,7.548961469481311,0.027850445188684875,7.4222001424658135,0.06576941782478941,0.589337159124674,0.24940671820388924,0.37616804521938746
b'2014 WD556',76.67049829,0.00973373,0.5876757,4.884e-05,30.75959076,5.36e-06,276.83182194,0.00328365,93.60085279,0.00011457,58741.03345922,0.46588425,31.61310927635594,0.007756826453568503,31.89905799,0.0003106,31.77185678,0.00023975,23.40425564,0.04249114,18,25,35.67534,27.3106934612,6.7124423648,-14.7824227839,-0.1069770812,1.2804174235,0.5673313313,7.104433170283368e-08,1.5179874063898634e-08,-3.9846746409396915e-08,-2.9794112955925817e-09,2.7537621522928786e-09,2.854101766231147e-09,3.256745050716749e-09,-8.51239497787469e-09,-5.734907969748307e-10,6.058719619305674e-10,5.765365070607129e-10,2.2358170477453353e-08,1.6926123872057745e-09,-1.537905575877848e-09,-1.6143384256960307e-09,7.308487477033126e-10,6.750858226776318e-11,-4.402195257602814e-10,1.6405120342489982e-10,1.3566431031638482e-11,2.8666934072239194e-10,b'Scattering',b'',9.168424016450432,0.11073282961483917,8.393026197945835,0.08676399518439361,8.133205935079237,0.07664093328386316,7.905957980142064,0.10378029183639383,0.7753978185045995,0.2598202628665983,0.4870682178037701
b'2014 WD602',43.11467053,0.00356687,0.22496917,0.00012821,39.10740003,8.348e-05,240.92248571,0.01711545,46.8909603,0.00023511,46646.70267492,1.9754751,33.41519904319358,0.008225057847329777,36.73245533,0.0002728,36.47768289,0.00020241,23.42906733,0.04878232,12,21,28.9443,29.9582782238,3.9014991598,-20.4426323936,0.5239005264,0.7939146536,0.5879794333,4.9543367464020315e-08,6.60604795524914e-09,-3.447766632566761e-08,1.43236247822841e-08,2.8210952409620892e-09,-8.206683142110518e-09,8.983679870013997e-10,-4.594645320528863e-09,2.0955124923298084e-09,3.9493698908949817e-10,-1.2184424801149685e-09,2.4017525992492712e-08,-9.783294149717434e-09,-1.9379542915678855e-09,5.577715132039765e-09,1.3409110145974291e-08,2.063018266166488e-09,-8.593760165392982e-09,3.3865319130313e-10,-1.3054163260295424e-09,5.5500799843813195e-09,b'Classical',b'',8.28144398997488,0.1027472637464957,7.7830334847321385,0.09354345253720588,7.491334099449196,0.10807356779497446,7.12520551729372,0.12147558496047332,0.49841050524274016,0.2916993852829448,0.6578279674384161
b'2014 WE556',66.67271809,0.00346204,0.45042979,2.505e-05,31.27594538,3.533e-05,261.72759536,0.01024496,112.21035091,0.00015645,60350.22474502,1.86404191,36.64133966760924,0.0035102998210934325,37.28646227,0.00023799,37.07289823,0.00018953,23.55077911,0.04824145,16,24,32.72925,32.4983741923,4.2186799731,-17.3337300466,-0.1212233768,1.2003094898,0.2902016662,4.305116725912386e-08,5.387802870540834e-09,-2.359443150920873e-08,5.67525288538974e-09,2.584926340915955e-09,-2.778030111613345e-09,7.026383703172972e-10,-2.9501942249636155e-09,9.366753177025924e-10,3.578371215078046e-10,-4.700459996350396e-10,1.2944203656790777e-08,-3.0726146713503423e-09,-1.410542792886704e-09,1.4988668428877998e-09,3.5141307833289494e-09,7.901371134643178e-10,-1.8613107661888772e-09,2.314110369242883e-10,-4.0991915662879605e-10,9.91427780224282e-10,b'Detached',b'',8.286369734241658,0.07085330660595444,7.753506309124626,0.052695250470824094,7.488217404413307,0.06964791922159184,7.259172160527152,0.10375985133539534,0.5328634251170266,0.2652889047113212,0.4943341485974756
b'2014 WE602',78.97046735,0.00966849,0.4880406,5.37e-05,48.72177476,0.00011889,314.50979896,0.02048493,58.54689563,0.00022662,59693.05445346,4.33853312,40.42967284022575,0.00913394205023427,40.61094517,0.00055511,40.66346616,0.00036006,24.17613844,0.08192869,9,12,31.62321,30.8174833812,17.1177412964,-20.2677855471,0.0892043435,0.7605218104,0.9259211246,1.746324999079601e-07,9.719929101642379e-08,-1.1774521182574995e-07,2.0704472637702234e-08,1.549170996931858e-08,-7.25129038140859e-09,5.4162468473204177e-08,-6.553821528427696e-08,1.1827238180556386e-08,8.785594323275855e-09,-4.221590631991872e-09,7.946487357014604e-08,-1.3569932629933297e-08,-1.021734028540345e-08,4.6314205010951485e-09,1.154194189492613e-08,7.064870218881098e-09,-6.5259685483184e-09,4.406045110465257e-09,-3.909770394015398e-09,3.859664094720674e-09,b'Detached',b'',8.585389768918896,0.11456633680962193,7.9911016965440975,0.09627430240364031,7.545400558503546,0.10339823854724117,7.5628075139668685,0.16522048546785956,0.594288072374799,0.4457011380405497,0.4282941825772257
b'2014 WF602',108.86089317,0.06618028,0.64184211,0.00024827,40.22811925,0.00013514,193.03952211,0.01511181,126.81048044,0.00030379,48404.71859663,1.86284406,38.98938813072773,0.05070181417163049,43.81900544,0.00075203,43.60828077,0.00056756,24.01624471,0.06917168,10,12,34.06009,36.6821442842,6.7228364694,-22.6032279182,0.1077505096,1.1914307428,-0.136796621,3.9484508850004017e-07,7.109788626921894e-08,-2.496830425870802e-07,7.058265447892153e-08,2.8100772335243893e-08,-4.596974067315788e-08,1.2920302063630579e-08,-4.497046780527505e-08,1.3902758997035442e-08,5.31385715740527e-09,-9.03524914314795e-09,1.5794633367930025e-07,-4.474678385770428e-08,-1.779435497784759e-08,2.9131002668062018e-08,3.12828891098135e-08,9.10848504845871e-09,-2.0072360285311986e-08,2.9092066810744057e-09,-5.868061923649649e-09,1.2901543894414455e-08,b'Detached',b'',8.088691451662884,0.10706442145848379,7.556845718569486,0.08482944381438519,7.479740031816897,0.13462557368744177,7.171490217244584,0.22150257012190927,0.5318457330933993,0.077105686752586,0.3853555013249016
b'2014 WG602',41.63013193,0.00243671,0.06899776,0.00011352,24.4384473,4.244e-05,216.78925544,0.04214358,84.90672548,0.00044063,41333.86651516,8.58382752,38.75774593894969,0.006393693608165174,40.32108993,0.00047976,40.30181964,0.0003969,23.52944053,0.05467179,20,24,30.22109,36.4298602717,11.7188016297,-12.640080519,-0.0592978982,0.8926050231,0.4603073323,1.8801060173856536e-07,5.8067542296584014e-08,-6.752690312948439e-08,1.0316918948927933e-08,8.584857399953036e-09,-1.3507632171850095e-09,1.7961509129865362e-08,-2.0852783430276202e-08,3.521045997852048e-09,2.7597880110933624e-09,-5.331728376013512e-10,2.4271906819734952e-08,-3.5658666108143575e-09,-3.036917714990647e-09,4.3367829774601883e-10,1.0605839655363135e-08,3.798944616117916e-09,-3.559553256458068e-09,1.5064031224573895e-09,-1.2181537580581275e-09,1.2311652906641862e-09,b'Classical',b'',8.48243623133696,0.12722025605358786,7.4407984785451955,0.0756071373042103,7.216682974422836,0.09025864802202892,7.111651944007731,0.12601410278273836,1.0416377527917602,0.22411550412235964,0.3291465345374679
b'2014 WH602',38.02422084,0.00241286,0.13324561,4.52e-05,26.71975986,5.273e-05,228.54372795,0.02567551,125.32725063,0.00029347,53899.3021078,4.55079171,32.95766041742017,0.0037409536369981547,33.1625938,0.00042636,33.1763522,0.00034568,23.67423938,0.0527529,11,16,35.23699,29.6302721329,10.6776075379,-10.4262177088,-0.261109218,1.1027466254,0.2432910697,1.4515385553895053e-07,4.958333006313331e-08,-5.356634049825623e-08,-4.702590513771314e-09,4.288764722909261e-09,2.4423454585865092e-09,1.6956119993357046e-08,-1.8298480532670973e-08,-1.4721039336029703e-09,1.5151077796527994e-09,7.859160006311171e-10,1.9780688831289387e-08,1.7507520615048517e-09,-1.5764582342497725e-09,-9.097911280024132e-10,3.0571193467724787e-09,1.0013599790329444e-09,-1.1300495319108195e-09,5.831527172561278e-10,-3.414353763192434e-10,4.2995304788219945e-10,b'Classical',b'',9.181809749448172,0.1112913288272559,8.509386997139261,0.09578200522768955,8.286685299159396,0.09843689511852255,8.15868281225334,0.27835846029986383,0.6724227523089117,0.22270169797986286,0.3507041848859169
b'2014 WJ602',53.01637877,0.01095591,0.32725465,0.0002177,24.45332256,1.155e-05,181.13845399,0.01026617,101.30720979,0.00067456,36577.57166966,4.85124574,35.666522468475286,0.01865231307964201,47.29729943,0.00086851,47.33557117,0.00069824,23.58613047,0.0607385,11,15,24.41394,42.0623552394,16.3805954465,-14.2509881178,0.0705369559,0.9196037201,0.2719103446,5.961009792505519e-07,2.2584506771098887e-07,-2.0820251075460887e-07,4.117462442618452e-08,3.0040937386298475e-08,-1.0087323035705375e-08,8.562180025588279e-08,-7.888229898698788e-08,1.6239540418663826e-08,1.1631984302199041e-08,-4.037259254934708e-09,7.27603852620568e-08,-1.4214621202127615e-08,-1.0423001408678788e-08,3.4550031752025963e-09,2.8900539006350223e-08,1.2743913597303517e-08,-9.52641774366062e-09,5.903218203859891e-09,-4.126112553107177e-09,3.1829403246867122e-09,b'Resonant 7:3',"b'7,3,-2,0,1,0'",7.601080853042161,0.10280403288060806,6.850614740917974,0.07960479190610885,6.6685487324262365,0.09747189321589915,6.827329415807961,0.22142904715267755,0.7504661121241886,0.18206600849173654,0.023285325110011457
b'2014 WL602',40.84717608,0.00271429,0.02033911,0.00024111,22.98843114,4.702e-05,29.47634447,0.21543951,99.97111648,0.00070968,86426.16182896,63.13283339,40.01638098884744,0.008999807888083128,40.99836316,0.00068866,41.14207903,0.00054255,24.09236527,0.08120815,12,13,24.25517,36.0328990934,17.2158820025,-9.8951633193,-0.3009473072,0.8279106502,0.4217489936,3.627268674759411e-07,1.7267831669401792e-07,-1.0330524168923444e-07,2.7079371540751167e-08,2.301209712785668e-08,-3.8856110168186615e-09,8.23417057678203e-08,-4.918016176700683e-08,1.4029907697197346e-08,1.152097763586525e-08,-2.1474184949071813e-09,2.9519355137318588e-08,-7.3270846201017815e-09,-6.34703445746265e-09,9.737254851952522e-10,4.353092320608411e-08,2.3602700506196455e-08,-1.127911020292311e-08,1.3024395165188792e-08,-6.043062743012993e-09,2.973529909713063e-09,b'Resonant candidate 19:12',b'',8.607845012450342,0.15424588538518313,7.8751491744577375,0.11442136505081434,7.508042691883203,0.10709389887389005,7.871421964632857,0.2848635714264769,0.7326958379925999,0.36710648257453854,0.0037272098248814366
b'2014 WM602',47.06417888,0.00267928,0.14020418,3.851e-05,35.89725043,3.901e-05,259.4159869,0.05708948,103.49915353,0.00030772,57872.93125056,13.93306951,40.46558427312418,0.004113299996645545,40.63188399,0.00043367,40.46856084,0.00031693,23.73114122,0.06008848,13,19,25.41432,33.1683577471,8.2104573815,-21.6830083431,-0.0632698718,1.0113965126,0.2945666824,1.2511295053015924e-07,2.9394174301089006e-08,-8.376391104376426e-08,1.1325532758671391e-08,7.233303389045826e-09,-6.67050230492959e-09,6.959088021131888e-09,-1.9679984339371972e-08,3.1574310114666294e-09,1.8280896251742825e-09,-1.8931089758139006e-09,5.6119957490403964e-08,-7.513474053965996e-09,-4.822714307408524e-09,4.408407777935034e-09,1.0894280128550119e-08,3.381207035515407e-09,-7.100235215012229e-09,1.1820068743444455e-09,-2.1819818390228154e-09,4.6462786158935395e-09,b'Classical',b'',8.275333960240806,0.10904634069362197,7.602462211978947,0.08599551248687853,7.563331013086751,0.11403841014882224,7.351273521497683,0.18610169144564367,0.6728717482618557,0.03913119889220055,0.2511886904812686
b'2014 WX601',39.59686692,0.00367193,0.13943179,0.00023778,10.48096849,0.00013688,97.68396556,0.1708742,122.96782936,0.00290086,19295.17762963,58.82040985,34.075804906563604,0.008728811732567853,44.43748221,0.00125266,44.56982235,0.00111259,24.03548423,0.10083032,7,8,13.55028,41.7405713191,15.5209160946,-1.8151951828,-0.2271072716,0.799272531,0.2917505282,1.3865540928787292e-06,4.983195830072108e-07,-7.172063771246893e-08,-2.797626200103652e-07,-6.483802044225202e-08,2.5884175481170057e-08,1.7928971085990144e-07,-2.5739657911977144e-08,-9.636175859398103e-08,-2.1786243281358877e-08,9.09553839733257e-09,3.7916488478565565e-09,1.580792910178949e-08,3.8431071126325066e-09,-1.4185375592756944e-09,2.0499724947422952e-07,6.740700893287813e-08,-1.2589515106728118e-08,2.2973750265292755e-08,-3.905742461175756e-09,9.152739390945986e-10,b'Resonant 3:2',b'',8.722823436184244,0.25307029804474357,7.52904211899836,0.14762269856498972,7.0496560171950176,0.11996393216363704,6.642438630487918,0.1685478483127535,1.1937813171858835,0.47938610180334207,0.8866034885104389
b'2014 WY555',54.97516877,0.00626141,0.36144517,0.00010815,37.57801817,2.488e-05,200.14157309,0.00764592,105.78666579,0.00030961,44788.35499385,0.65271683,35.10465948385991,0.009848629612123528,41.02090702,0.0003533,40.96783148,0.00024309,23.32053469,0.05109363,14,22,39.83596,32.4069542909,13.2965419622,-21.2451053562,0.0473444124,1.08319369,0.1876211696,7.721308464439541e-08,3.095423087886581e-08,-5.212732822839527e-08,5.826999968370634e-09,5.277216592500857e-09,-3.3476573978276173e-09,1.2425370337903809e-08,-2.0899718165453174e-08,2.4839086775739035e-09,2.177987253946255e-09,-1.439781370827715e-09,3.520714788392448e-08,-3.910451016411062e-09,-3.552094319964811e-09,2.2414797471434177e-09,6.1814782924302455e-09,2.903090417686769e-09,-4.0617927253629775e-09,1.467090896683414e-09,-1.893845785620888e-09,2.688801867457455e-09,b'Detached',b'',7.702122733379257,0.09256191472204965,7.136403421607243,0.10275278321519624,6.848849862530992,0.0875483219919147,6.692710033446575,0.10818882679422563,0.5657193117720122,0.2875535590762514,0.4436933881606692
b'2014 WY601',49.54596874,0.0034088,0.28677372,7.042e-05,32.68994866,8.583e-05,258.93191324,0.01021927,51.67724259,0.00022231,48676.50536041,1.53187543,35.33748709782774,0.005840950125685093,37.87746763,0.00027504,37.73498701,0.00022373,23.54171999,0.05247834,9,16,32.94785,33.670433921,6.5847087832,-15.7121842776,0.3419126607,0.8713972668,0.6488852843,5.978522512569695e-08,1.1334016460985534e-08,-2.867547923905222e-08,5.190579115875271e-09,2.43795927668176e-09,-8.243166715996493e-10,2.1770100684045793e-09,-5.437724153870927e-09,1.0679291183719335e-09,4.706223619379847e-10,-1.9137331579120817e-10,1.3786198500677346e-08,-2.4515602281115278e-09,-1.1599179738103847e-09,3.664331397200446e-10,4.658578374072628e-09,1.1614007794611939e-09,-1.8740566374236074e-09,3.2207284875078257e-10,-4.41144958358298e-10,7.931258401524884e-10,b'Detached',b'',8.215419401637396,0.08447770340580833,7.698296334617295,0.07527275353439027,7.3189045473924725,0.08350864198580972,7.67841825362545,0.23882411926062985,0.517123067020094,0.3793917872248316,0.01987808099184901
b'2014 WZ555',45.79053908,0.0016945,0.20493676,2.919e-05,31.97537122,8.33e-06,299.20780228,0.01129487,108.89498251,0.00013159,62233.39122595,2.22223988,36.40637423038072,0.0026243487760044316,36.71651347,0.00023542,36.93389074,0.00015799,22.74963547,0.02602893,18,26,32.80306,28.3437417891,20.1140153949,-12.4968384418,-0.510946734,0.881062121,0.4898594893,3.3364660838818493e-08,2.2570289152515213e-08,-1.5070606214967204e-08,-1.6205287465507925e-09,3.963039068482493e-10,9.438724541184271e-10,1.528017686220639e-08,-1.0195360742999479e-08,-1.0231016579333147e-09,3.2166160083042766e-10,6.066116695563723e-10,6.812587538399034e-09,7.422878257242712e-10,-1.709419904871382e-10,-4.3223129873959405e-10,1.0234071909026643e-09,6.92148906194421e-10,-4.6171151396757347e-10,5.429621780924527e-10,-3.024839566343555e-10,2.1172567162599583e-10,b'Classical',b'',7.496562645100871,0.03679972275771763,7.025132796462769,0.027831459849177117,6.886684801700943,0.03858087831728618,6.717750403469699,0.11198858807553208,0.4714298486380996,0.1384479947618264,0.30738239299306896
b'2014 WZ601',94.09576474,0.01808106,0.61949169,7.248e-05,27.7244003,1.481e-05,246.66489701,0.00561242,80.33379004,0.00021516,52421.88551804,0.8482818,35.80422017821096,0.013673416085526574,37.6878976,0.0004686,37.50711619,0.00037754,23.29920629,0.04543755,14,21,46.48309,33.1459035211,4.6960602598,-16.9138955545,0.332702713,1.1753327069,0.4423350673,1.701432478705145e-07,2.0997409051411992e-08,-8.967577602317187e-08,4.53281177472073e-09,6.581998040593206e-09,8.865919206103158e-10,2.620114159376323e-09,-1.1064451102178712e-08,6.982585412861483e-10,8.303810544439836e-10,4.13866102175931e-11,4.729345794141832e-08,-2.3210284197168344e-09,-3.4562652412890758e-09,-5.102634061487387e-10,2.7382628282881282e-09,6.562098011040479e-10,-1.2652154832851925e-09,3.479936887611594e-10,-2.0279688226239152e-10,6.454570344141255e-10,b'Detached',b'',8.314994696505961,0.10125719771678234,7.557097270565707,0.10233513556621533,7.4414738515713825,0.11762629135196077,7.185907678190732,0.12641475595489737,0.7578974259402511,0.11562341899432904,0.37118959237497573
b'2014 XA48',46.73908777,0.00353991,0.20496195,0.00012048,26.58048606,5.456e-05,223.79283345,0.00925823,82.81016731,0.0002919,41995.14541572,0.82013509,37.15935319067098,0.008378200385660587,41.46232168,0.00026766,41.57873019,0.00020817,23.33765294,0.03973926,22,28,73.88188,36.1921281511,16.9387826575,-11.489051579,-0.0598265887,0.8998965962,0.4922379748,5.399622916132434e-08,2.538277339492405e-08,-1.7571526829091116e-08,1.1295838163105662e-08,6.958496409999379e-09,-2.7653262284362903e-09,1.1950828235442898e-08,-8.260705675406697e-09,5.4650465016092985e-09,3.3448264973698933e-09,-1.3461496817884135e-09,5.7326801751777985e-09,-3.616848152448116e-09,-2.2340108558053182e-09,8.777296568192425e-10,9.396561234467776e-09,5.011636824981457e-09,-2.700922660086759e-09,2.702170697161424e-09,-1.4303299867844083e-09,7.887895150709461e-10,b'Classical',b'',7.4740822769006225,0.08474828293960975,7.048263873327018,0.04384257162024388,6.930379675875551,0.054117522923974905,6.976402636237138,0.11743959824630307,0.42581840357360595,0.11788419745146543,0.07186123708987463
b'2014 XB48',69.21482287,0.0036787,0.5097102,2.919e-05,28.27595625,9.99e-06,294.33404633,0.00429212,130.86216547,0.00017107,62890.20960981,0.61400026,33.935321486691905,0.003790005433009261,35.48431193,0.00015522,35.8308111,0.00010571,22.99199105,0.0344404,15,25,41.44302,26.9555233798,21.8968859656,-8.8189097097,-0.8754331853,0.843643553,0.3965331223,1.3859223048266267e-08,1.0941326216733781e-08,-4.743473648068466e-09,-7.606865823707935e-10,1.9681485557587762e-10,3.14646838629745e-10,8.654311371276291e-09,-3.746464355384868e-09,-5.386907627505609e-10,2.0451725054188717e-10,2.2835888079233175e-10,1.6315812681133199e-09,2.6351981210620793e-10,-6.392691793691158e-11,-1.118754204514849e-10,8.168317811056573e-10,6.584246599153328e-10,-2.7726558352714975e-10,5.858791545418858e-10,-2.208874154102081e-10,9.781865966067588e-11,b'Resonant 7:2',"b'7,2,-4,0,1,0'",8.042429043132055,0.06131372518850835,7.407078482520996,0.04654403825557683,7.107219578699608,0.05068484900802119,6.923816039506635,0.1006965793111678,0.6353505606110599,0.2998589038213899,0.48326244301436144
b'2014 XC48',41.29098803,0.00078717,0.13041192,3.007e-05,28.19475418,3.845e-05,291.55352721,0.01414986,132.8147327,0.00016396,67670.85352337,2.60472333,35.90615102438722,0.0016815989461151874,37.31875828,0.00015126,37.37530783,0.00012085,22.96460081,0.03011804,22,36,70.48495,33.1029145036,13.0169769203,-11.4747112793,-0.4167882602,0.9691250419,0.2122021442,1.7928040026372506e-08,6.883326273156013e-09,-6.448251354371184e-09,5.034895383036646e-11,6.369731634446171e-10,-1.1951858652216572e-12,2.64923249267075e-09,-2.476390391896427e-09,5.24649641004839e-11,2.575168176913541e-10,-1.2089228896710427e-11,2.3248033377363723e-09,-1.788587246071412e-11,-2.2880023222653102e-10,-1.539483899740749e-12,1.2851860735955e-09,5.767443930059505e-10,-4.5893141265927163e-10,2.8268923583996457e-10,-2.0573003813548074e-10,1.665651014914344e-10,b'Classical',b'',8.167107383897017,0.06420104819795817,7.204060606345939,0.04249282930626779,6.860411758711033,0.03934982171877437,6.682817671487028,0.06642383820344691,0.963046777551077,0.34364884763490755,0.5212429348589085
b'2014 XR54',64.85546027,0.03515435,0.47011216,0.00031615,29.10740808,0.0001562,341.21065444,0.01676994,61.24261598,0.00087315,66871.12836312,1.91563582,34.36611952218913,0.03897965570902194,39.29952861,0.00159676,39.08362985,0.00128809,23.81819098,0.07555887,7,9,10.42426,34.5241344951,3.5333432908,-17.9758099797,-0.0650123436,0.9104807014,0.7616608331,1.9713910895286096e-06,1.5871509306175222e-07,-1.0609918473177907e-06,-1.7645605023849523e-07,5.136352529149688e-08,1.3213750468743478e-07,1.293036713600426e-08,-8.537011423161824e-08,-1.2633212471667345e-08,4.295369642339823e-09,9.825221551959376e-09,5.711286324139549e-07,9.585827200843322e-08,-2.753838503383468e-08,-7.160922931455008e-08,4.303519476695306e-08,-1.3919451020176393e-09,-2.5913404892228992e-08,1.7405718714809792e-09,1.7842103054746615e-09,1.6172654521547806e-08,b'Detached',b'',8.923916161053535,0.24095172054550873,7.8416320010169525,0.10286168921225229,7.687206787635139,0.1272546575643245,7.510472293731722,0.19298753908620747,1.0822841600365816,0.15442521338180948,0.3311597072852295
b'2014 XS54',47.00571328,0.00620194,0.22046613,0.00014381,28.92632609,0.00011857,228.22356535,0.02415737,95.04507799,0.00055001,43098.24948971,3.63880424,36.64254570660051,0.010776895323108774,40.5693711,0.00091535,40.90638043,0.00063402,23.86523606,0.07371345,9,11,31.39864,31.3629190499,24.6171663615,-9.1484637607,-0.2921109953,0.869935229,0.4996251283,4.997608049870536e-07,3.8214609587048627e-07,-1.5280626624236194e-07,-1.219019557049587e-08,1.0713438959771053e-08,9.91094655112561e-09,2.9232590137851206e-07,-1.1684817533691014e-07,-8.723853143518062e-09,8.648804707807797e-09,7.4104388848399135e-09,4.6783045492187454e-08,3.895089444351506e-09,-3.134676043031202e-09,-3.1006004643122507e-09,1.1786930953703457e-08,9.088742999494959e-09,-3.5594076987995987e-09,7.877909193070344e-09,-2.493028380231276e-09,1.1809974505062397e-09,b'Classical',b'',8.515811672656303,0.1322641746655276,7.70546223578245,0.08497052268038487,7.831187076483493,0.1618758515769081,7.292188533145184,0.22252965734464178,0.8103494368738519,-0.12572484070103784,0.4132737026372688
b'2014 XT54',39.31226107,0.00196738,0.19880882,6.107e-05,37.78936996,9.874e-05,133.42987539,0.04637964,62.02144076,0.00036365,19652.36384381,15.59243644,31.49663674644974,0.002972251328286707,46.56918771,0.00060545,46.43458405,0.00044394,23.62018107,0.05065123,13,19,46.17735,38.3997679154,10.8669800662,-23.7389377126,0.1844541765,0.6666333599,0.4675963987,2.4847590868112994e-07,6.697734665748315e-08,-1.5769083680386753e-07,1.8834498606323725e-09,4.823054093402792e-09,2.615270506956953e-09,1.807878224214652e-08,-4.250601126976251e-08,8.090463351856567e-10,1.3833158807567846e-09,5.231614151849152e-10,1.0010481314089737e-07,-9.801050394597374e-10,-2.996432487824874e-09,-1.798045303051718e-09,2.044539776324271e-08,6.073536938712252e-09,-1.2362730901030665e-08,1.89089062162127e-09,-3.6101964425986694e-09,7.549170220589346e-09,b'Resonant 3:2',b'',7.395456048636349,0.0751492296333232,6.897114207613738,0.057340807943071115,6.667676019414367,0.08510149865070006,6.683361287202205,0.15667954659003241,0.49834184102261503,0.22943818819936884,0.21375292041152857
b'2014 XU54',65.24969032,0.01134737,0.45603366,0.00010658,31.72488938,8.244e-05,348.57922042,0.00720456,89.7811736,0.0002804,67150.04468162,0.87795359,35.49363509330337,0.01304936065026775,39.73481578,0.00058273,40.06560386,0.00039775,23.64956505,0.05743834,13,17,38.6961,30.1483267979,24.5754825404,-9.6112778412,-0.6790704113,0.6152265697,0.7264937272,1.9632613501459273e-07,1.5453556240529576e-07,-6.549969989684644e-08,-1.911897857819729e-08,-7.261921440329245e-09,9.200714675580787e-09,1.2169035350513684e-07,-5.156062489116686e-08,-1.4884506923277555e-08,-5.587564875727392e-09,7.194260182501491e-09,2.188152501604028e-08,6.4348967243153335e-09,2.4735171579796938e-09,-3.096521224660152e-09,4.767444007855601e-09,3.2095940118969333e-09,-1.7818641173741034e-09,2.441017845317753e-09,-1.1059330501242205e-09,7.125098511180861e-10,b'Resonant 16:5',b'',8.59486325667225,0.1502830892795377,7.568147961822996,0.07803909863453387,7.277474710447292,0.07915889100538645,7.167512061574877,0.18705872283010117,1.026715294849254,0.2906732513757063,0.4006359002481201
b'2014 XW47',43.67196189,0.00445371,0.29083065,0.00013664,27.91605694,7.274e-05,179.57333926,0.01018137,83.42636993,0.00056286,36323.71281588,4.4771432,30.970816690246643,0.009015014545849003,43.36664273,0.00033107,43.37156134,0.00026003,23.68572067,0.04985234,18,25,37.50306,38.0443643064,14.2615714559,-15.1765034515,0.1349076627,0.8754322617,0.3648450874,8.40119204677796e-08,3.112528260005639e-08,-3.436679671953556e-08,7.502686457940444e-09,5.030010678654639e-09,-2.1374444400161527e-09,1.1562527414014126e-08,-1.2732603177496919e-08,3.1207286395729084e-09,1.991060165799879e-09,-9.271393296203304e-10,1.4083304893827698e-08,-2.9459350956100697e-09,-2.009271714756316e-09,8.198884150517558e-10,1.5286819573080008e-08,6.12124415233563e-09,-6.010371343632949e-09,2.5230136028434845e-09,-2.389020480557362e-09,2.3923632734903362e-09,b'Resonant 7:4',b'',7.958939911582631,0.11863395894860815,7.308017749342435,0.0670447771196497,6.882798345893063,0.08201398774955238,6.602660595934859,0.09701776369029214,0.6509221622401948,0.4252194034493689,0.7053571534075757
b'2014 XX47',51.70558146,0.00282789,0.30781339,8.384e-05,26.60891999,1.269e-05,340.05868709,0.00661117,102.08783239,0.00033571,73815.18648626,0.52150206,35.7899112352793,0.006168950974873383,43.4794415,0.00023413,43.42148094,0.00018875,23.49353347,0.05008518,14,21,34.68094,38.6364628564,11.5524618036,-16.0993593299,-0.3705122994,0.8440134066,0.4545284667,4.329794604041849e-08,1.2582045589203875e-08,-1.84555565035992e-08,3.4535776642316772e-09,2.270427090168377e-09,-1.1168372440901812e-09,3.6762507443755484e-09,-5.363760643763744e-09,1.1500196856910667e-09,7.027875827103606e-10,-3.846871719682955e-10,7.884040500565498e-09,-1.4370331849343816e-09,-9.557570662955328e-10,4.559608255579594e-10,5.31518905070413e-09,1.8341096371437497e-09,-2.1765470544743707e-09,6.686140233077218e-10,-7.440809153230381e-10,9.011788738519507e-10,b'Detached',b'',7.678564527981246,0.10692955301204077,7.160983819611181,0.10598994344125375,6.906158439991215,0.10775039081610481,6.962785475026953,0.1515257387788777,0.5175807083700641,0.2548253796199627,0.19819834458422933
b'2014 XY40',47.23764963,0.00054985,0.14795001,3.044e-05,29.06371396,4.872e-05,37.78481698,0.02570466,132.78245564,0.00016755,107530.12949273,11.2250945,40.24883885832347,0.0015468150417976452,53.64386651,0.00017271,53.61212624,0.00014209,22.37591217,0.01562253,23,34,72.16319,48.3017505985,15.0636989122,-17.7281116985,-0.2412111604,0.7504562405,0.1283154113,2.4197288605595295e-08,7.332890094118712e-09,-9.084523982170154e-09,1.733146043110577e-09,1.014390747710307e-09,-6.440602975873856e-10,2.227874474906209e-09,-2.753388238858119e-09,6.05680137359403e-10,3.3270509967234153e-10,-2.2527317600565221e-10,3.4146078370253174e-09,-6.491959988639649e-10,-3.8023951636870265e-10,2.400576189022433e-10,3.5983666545289144e-09,1.2137682398409028e-09,-1.3503715295193077e-09,4.190280469746721e-10,-4.5553974442031137e-10,5.084097272299642e-10,b'Classical',b'',5.66214268501699,0.02917512029842435,4.991857913210113,0.021850679529227725,4.821106894421936,0.028754533312113154,4.688115526714517,0.04418479512002602,0.6702847718068761,0.1707510187881739,0.30374238649559127
b'2014 XY47',38.05399678,0.0007644,0.07312856,4.293e-05,26.20163675,2.026e-05,48.775913,0.02085706,82.9176147,0.00017662,85592.24849146,5.92938144,35.27116272756806,0.001622806885158046,39.57011177,0.0002122,39.53060622,0.00017283,23.11656027,0.02864623,22,30,51.85347,35.378645274,11.0968220393,-13.7069627421,-0.1365590488,0.833540617,0.4977363105,3.61171135643482e-08,1.0706029698491771e-08,-1.4409499164095311e-08,1.6789635072496758e-09,1.4918314542848908e-09,-1.9819341729149017e-10,3.1824868346766567e-09,-4.270781786675661e-09,5.689714359857735e-10,4.645494266680117e-10,-8.546845804162611e-11,5.756002867494046e-09,-6.39143684706033e-10,-5.846482684038596e-10,6.556127234372285e-11,1.9031666899294437e-09,6.858783660520315e-10,-6.976584188260153e-10,2.7198901120644674e-10,-2.409703256041785e-10,2.629042477539871e-10,b'Classical',b'',7.624653142391724,0.0491298133400862,7.087273802812446,0.035497175770836296,6.971661734885965,0.05092175482341825,6.874607457806194,0.09526401456089063,0.5373793395792774,0.11561206792647646,0.21266634500625076
b'2014 XZ40',39.81615381,0.00179121,0.0558361,0.00015406,44.55230009,0.00021768,271.95419611,0.54568862,146.84218144,0.00090846,53247.73808976,123.51118716,37.592975196058234,0.007025606909141889,36.97587275,0.00071138,37.69241154,0.00063928,23.17723088,0.05226364,9,13,15.70308,2.9351464538,35.7558515251,-11.5594932602,-0.96564287,0.2127767148,0.3562981382,5.528898699261323e-09,4.919722815353571e-08,-1.6765572699385627e-08,3.4969335846541334e-09,3.133610807050101e-08,-1.0547460746209373e-08,4.4865876849674335e-07,-1.5279849194497346e-07,3.0028732126530104e-08,2.792558364491832e-07,-9.37825894099548e-08,5.218619149339498e-08,-1.0327496275066114e-08,-9.587445907889994e-08,3.2344755270123e-08,3.621049738395798e-09,3.0596190832766106e-08,-1.060416589525819e-08,2.688811261433577e-07,-9.28879224135278e-08,3.226730455701707e-08,b'Classical',b'',7.863880112019023,0.0957569236118418,7.4098019354739915,0.06175322864705825,7.329911031947651,0.09496071566317994,7.114588036519345,0.15567752972339294,0.4540781765450328,0.07989090352634054,0.2952138989546489
b'2014 XZ47',46.03210591,0.00133076,0.23248346,2.106e-05,33.42957569,1.059e-05,294.75333181,0.01080709,109.30881156,0.00015511,61191.30518355,2.02624964,35.330402719316815,0.0019344022744030682,35.49192197,0.00016248,35.72405242,0.00010684,22.94496908,0.02853585,21,32,61.26743,26.9823538152,19.5422071312,-12.8942872675,-0.5197308818,0.9123452526,0.5018254532,1.5227074200589934e-08,1.0681761472812083e-08,-7.503724142930365e-09,-4.664635451734694e-10,5.301755135660795e-10,3.3267533844357216e-10,7.506092188330947e-09,-5.266221039009776e-09,-2.852962798377813e-10,4.02063042211662e-10,2.143029908027537e-10,3.706954798529911e-09,2.3309934698632497e-10,-2.5769225629476036e-10,-1.6900620754179922e-10,9.653025159778413e-10,7.611292410090781e-10,-4.6383952394810924e-10,6.581086477549512e-10,-3.6020804188769864e-10,2.269232432387323e-10,b'Classical',b'',8.262896515875875,0.05886779194888385,7.413395748095391,0.0538948848315083,6.95789423959341,0.044670340348100454,6.953964738790445,0.0869597292381808,0.8495007677804794,0.45550150850198357,0.4594310093049472
b'2014 YA92',38.63700462,0.0019811,0.02870513,0.00021938,34.30673112,0.00016058,65.50236047,0.23529676,79.18400017,0.00038211,85716.12410627,63.33744516,37.52792441514597,0.008578886704320313,38.84703286,0.00048822,39.15404743,0.00033661,23.95646521,0.07911089,10,11,24.50903,29.9593364553,23.4618618521,-9.2205546174,-0.3473356989,0.6613417848,0.6618713679,1.4125917272711725e-07,1.082064334708251e-07,-4.477014488701727e-08,1.1950366135457977e-08,1.4785969004394742e-08,-1.3256024739343995e-09,8.303283624672658e-08,-3.4261525660775647e-08,1.1003295430565656e-08,1.2767577261616015e-08,-1.579707887562709e-09,1.4238627690370638e-08,-3.0316171681277812e-09,-4.092450174287334e-09,1.8228588978592234e-10,3.5788270319242115e-08,2.850444059643867e-08,-1.0751009265072237e-08,2.2935814204726085e-08,-8.480544928482329e-09,3.2879908723566358e-09,b'Classical',b'',8.428684388866733,0.13537954831077448,7.88554135415186,0.089037188585122,7.967824518960045,0.1809512813764837,7.677322622751371,0.2656927645423616,0.5431430347148767,-0.08228316480818544,0.20821873140049005
b'2014 YB92',30.15319202,0.00143356,0.10100938,5.779e-05,30.80742758,4.921e-05,46.85941694,0.02428778,100.98284537,0.00031397,75814.70071219,4.05491601,27.107436895892715,0.002008809290961842,31.14557278,0.00036031,31.44047146,0.0002427,23.71098886,0.06376423,12,17,26.53146,23.6671032377,18.7987567128,-8.6589962608,-0.5399068271,0.7711342951,0.563445138,7.43784363912539e-08,5.750830763760182e-08,-2.859251800809019e-08,-2.283552891783347e-09,2.7537613835803352e-09,1.9774821594550842e-09,4.4528737033906014e-08,-2.2105322346585102e-08,-1.4710126748225541e-09,2.383101168653083e-09,1.4240708413712678e-09,1.1016028018432497e-08,9.480515052618217e-10,-9.969089313251465e-10,-7.883890555380443e-10,2.7180311968454627e-09,2.2198130726530758e-09,-1.0088180786864514e-09,2.1232455336290744e-09,-7.54687261637332e-10,4.0237869033246696e-10,b'Resonant 1:1',b'',9.349497896150515,0.12774975747702275,8.64863231638231,0.08076724396570835,8.398449361633377,0.09819474345576312,8.240288709034944,0.13648353659846374,0.700865579768204,0.25018295474893115,0.4083436073473648
b'2014 YC92',64.39808103,0.04597396,0.50389015,0.00052961,31.9623593,0.00010591,142.07266313,0.05775655,113.4331102,0.00185454,15826.68804734,40.5445952,31.948522253431506,0.05647387869166867,73.56174229,0.00290648,73.85180418,0.00190812,23.7573208,0.06561838,8,13,14.18116,54.1186444869,44.6742050381,-23.0103607901,-0.0398924157,0.661326548,0.1331867122,4.56122800365967e-06,3.716458903921947e-06,-1.9787111311927407e-06,-2.104541904784489e-07,-9.87948591752397e-08,9.727429559389436e-08,3.028475486286997e-06,-1.6122969952198377e-06,-1.6804463726902907e-07,-7.768894925210587e-08,7.779911291556836e-08,8.585850810143908e-07,9.148814938285111e-08,4.3038152191757645e-08,-4.234556419543292e-08,2.3524475041956054e-07,1.949490560959169e-07,-1.0162260269912625e-07,1.6300993624236155e-07,-8.413662569978873e-08,4.401132695783282e-08,b'Scattering',b'',5.561329932298735,0.1501910637676592,5.126794857586988,0.08689113336360636,5.0241154605768354,0.14122137960373024,5.316831286545954,0.36046537820489216,0.4345350747117412,0.10267939701015412,-0.1900364289589654
b'2014 YD92',75.02218534,0.01192172,0.35284594,0.00011569,36.2594484,7.401e-05,224.40381482,0.02637419,147.38019804,0.0003363,49937.28928951,7.3030124,48.55091215932089,0.01617283083572614,49.44245044,0.00090138,49.75285788,0.00057873,23.75141151,0.05965395,10,17,36.77742,35.0651329871,31.2245090021,-16.4564076575,-0.567962101,0.8572452977,0.0684868364,4.0675349395803913e-07,3.5561169479172916e-07,-1.9647196594805234e-07,-3.834151967969966e-09,1.3966746834527917e-08,-9.331151140510258e-10,3.1101159711607935e-07,-1.7179212979311138e-07,-2.6774318695159734e-09,1.2832668350071688e-08,-1.1454750706203722e-09,9.494618643746541e-08,1.741135982026299e-09,-6.84742530279684e-09,4.935920699076484e-10,9.300950407294647e-09,8.628414821963597e-09,-4.5691091328525685e-09,8.784068614960383e-09,-4.365808385677739e-09,2.278772952303346e-09,b'Detached',b'',7.43682672643463,0.11429532407010977,6.741372901175472,0.07607933207293953,6.376365873483172,0.08844475645117215,6.556263268411557,0.28744966684301926,0.6954538252591589,0.3650070276923017,0.18510963276391434
b'2014 YE92',65.88782092,0.0075294,0.4356039,9.056e-05,27.03051927,3.405e-05,321.15562548,0.0136805,94.3888976,0.00045734,66256.702731,2.05916987,37.1868289656503,0.01005912134286817,40.51256276,0.00042107,40.57358767,0.00032619,23.57946336,0.05241892,13,19,24.72501,35.3060713526,14.704639942,-13.5451432746,-0.4438466248,0.8965158311,0.5897924988,1.3344157978826786e-07,5.532032879310239e-08,-5.2903680667503314e-08,-3.2959805388609185e-09,2.3047007758550127e-09,2.769486053049067e-09,2.2976376797238032e-08,-2.193730629330652e-08,-1.2397061906429793e-09,9.973196998129504e-10,1.1032161750112555e-09,2.1014495790593925e-08,1.339056490789424e-09,-8.962243272536528e-10,-1.1273654125251124e-09,9.52398356931506e-09,4.35371788856379e-09,-3.593567033018438e-09,2.1201090937558524e-09,-1.6015921268570731e-09,1.3927504204146979e-09,b'Detached',b'',8.265601147771827,0.10925635949249568,7.509357907161897,0.08351283395046519,7.13640327460484,0.11019306402292137,7.141659547748473,0.1366663183848824,0.7562432406099306,0.3729546325570565,0.3676983594134216
b'2014 YF92',43.28578509,0.00124788,0.11979643,0.00010575,29.65842676,7.72e-05,352.95302163,0.01645356,138.36508435,0.00032533,85159.80900501,7.31191039,38.1003025501678,0.005361491489975578,44.29851239,0.00026537,44.44070659,0.00019932,23.29057717,0.04146908,23,28,52.63044,37.7933748395,19.4156311953,-13.0257623912,-0.4720011336,0.7837233046,0.1695796573,5.062532514046641e-08,2.6077825767250905e-08,-1.7953069561363268e-08,-1.3363472366577364e-09,3.579951973698127e-10,4.428418873259793e-10,1.3454664234981108e-08,-9.250898394479443e-09,-6.051657333194388e-10,2.2190831982058318e-10,1.9978073168564096e-10,6.385057018869453e-09,4.687459520979315e-10,-1.28580894230107e-10,-1.6297717887436475e-10,7.878932985051998e-09,4.346966187779492e-09,-2.7993752643076107e-09,2.431700420553655e-09,-1.5465746216489712e-09,1.0029724879937431e-09,b'Classical',b'',7.277549799842186,0.06939757861436478,6.801581356331033,0.07164555690130145,6.769055651373078,0.06015493523506436,6.686534642227064,0.10163518078196117,0.47596844351115164,0.032525704957954864,0.11504671410396831
b'2014 YG92',47.72274086,0.00493913,0.19221659,0.00017946,26.62700994,1.28e-05,222.92537538,0.03927674,101.45693717,0.00060922,46205.64461277,7.11967535,38.54963817259477,0.012428380893989944,40.71595774,0.00041293,40.7605537,0.00032048,23.77772412,0.0683423,10,12,22.79915,35.5104775584,14.7684420735,-13.5026604941,-0.113096355,0.9799367162,0.3717855101,1.2860579208963784e-07,5.382065135658584e-08,-4.9908517049021266e-08,2.7676219476717087e-08,1.5201398435032733e-08,-9.642820642541234e-09,2.2586154049577726e-08,-2.088801014803532e-08,1.2242795471834947e-08,6.638970734497726e-09,-4.284836837086489e-09,1.941336224009489e-08,-1.0578691437922235e-08,-5.826823349734318e-09,3.668105943543006e-09,3.0205918965943204e-08,1.3898004420964563e-08,-1.1289011075800583e-08,6.481245909278506e-09,-5.1812107104598605e-09,4.250629024287072e-09,b'Resonant 2:1',b'',8.341619086909303,0.11993721878875825,7.588027429753412,0.07762622899430975,7.241040499232389,0.11657639708974084,7.10886810241198,0.16159909662973654,0.7535916571558944,0.3469869305210196,0.4791593273414272
b'2014 YH92',38.70661344,0.00157482,0.07164141,0.0001251,29.93433878,8.861e-05,16.00160457,0.04751174,79.1749243,0.00030442,74106.85138514,7.75972342,35.93361715567998,0.004883765944490045,37.67695372,0.00040034,37.86740191,0.00029506,23.7618928,0.05534281,9,13,38.06374,31.5282751098,18.5039121465,-9.8748787907,-0.3245363011,0.7473023748,0.6346271846,1.1162528845594125e-07,6.444973046429711e-08,-3.571980374552758e-08,1.7139540709729905e-08,1.4121582770469823e-08,-3.3879661014836517e-09,3.727782146078384e-08,-2.0610924562679776e-08,1.0500525485948205e-08,8.514198411840516e-09,-2.1382298928627494e-09,1.1461572045998216e-08,-5.214862368135546e-09,-4.355241362705218e-09,9.98264692646927e-10,1.2354172488489197e-08,8.041572916622704e-09,-3.45959444854489e-09,5.347348104346036e-09,-2.205977214844711e-09,1.0018303394978121e-09,b'Classical',b'',9.08183787749043,0.18047697491408513,8.179340709415202,0.13949102777182792,7.5714421170344774,0.15042656278915217,7.735652303629289,0.2390642555685957,0.9024971680752296,0.6078985923807189,0.44368840578591473
b'2014 YJ92',43.6253878,0.00306822,0.29702726,7.43e-05,32.7634235,5.492e-05,183.02729948,0.00493301,134.70446617,0.00023691,46933.10729081,0.39674318,30.66745825621208,0.005347994439548704,34.91388682,0.00021195,35.0461952,0.00015346,23.55096854,0.0540215,14,22,53.45464,29.1627144917,14.9727016075,-12.3931468085,-0.2325684453,1.1355458866,0.0787394982,3.0752109568348925e-08,1.5974447102531176e-08,-1.3452909175097382e-08,3.5260176528415067e-09,3.3867821665501937e-09,-1.678267661968019e-09,8.324468104508147e-09,-6.992478121513402e-09,1.962299923660695e-09,1.8295120909370439e-09,-9.284901954738556e-10,5.904593886208897e-09,-1.5569860730505067e-09,-1.488991535850585e-09,7.340602287742666e-10,3.2612529648814484e-09,2.0704699060612658e-09,-1.4567031739512983e-09,1.3714856705237705e-09,-9.307122277159881e-10,6.583794686813264e-10,b'Resonant 7:4',b'',8.566092444388824,0.10038348300625898,8.043582161869411,0.06939212445830722,7.751740393866543,0.08480253295527233,7.542525357617736,0.14332741802205523,0.5225102825194098,0.2918417680028731,0.5010568042516763
b'2014 YK92',39.74499052,0.00777549,0.06350085,0.00310622,54.79159383,0.00155764,216.57128807,3.85908574,206.55564809,0.00707861,48349.16740883,833.7267062,37.221149714524614,0.13063224721788147,37.13857986,0.0058569,37.75105293,0.00466357,22.6121156,0.04912735,10,14,33.94795,-1.684011611,32.8900711583,-18.4539784626,-0.976140252,-0.1898082462,-0.3328297849,2.402151957809914e-09,2.396262942160057e-07,-1.348321763587716e-07,2.7139945065359195e-09,2.187767365483696e-07,-1.229190300907107e-07,2.605412360658817e-05,-1.4664709172447138e-05,2.774994447606944e-07,2.3477003021471513e-05,-1.319285259940729e-05,8.254234344059316e-06,-1.5615676960211061e-07,-1.3213113447340745e-05,7.425172686037613e-06,3.094122789724619e-09,2.524227128314354e-07,-1.41830239182013e-07,2.122494161497404e-05,-1.1926764936644892e-05,6.701991750297031e-06,b'Classical',b'',7.468099401510836,0.0862675705219685,6.873175200063718,0.08273973712739856,6.725909374348989,0.08260124557016238,6.676437737771844,0.13873490831498542,0.5949242014471141,0.1472658257147304,0.1967374622918743
b'2014 YL50',55.45673404,0.00432348,0.32523215,5.079e-05,29.14625544,1.786e-05,234.31322701,0.01093842,127.38224807,0.00024446,51683.98692213,2.06334925,37.42042135361585,0.005636052733851267,38.23146116,0.00039798,38.50762488,0.00027218,22.93459265,0.03894267,14,22,46.16192,29.6947921159,22.0689627604,-10.6778919931,-0.4769886099,1.0156484705,0.2850061943,9.539920081026971e-08,6.88385596871385e-08,-3.574003361888061e-08,-3.951926024885785e-09,2.290220343184743e-09,1.7480070834220336e-09,4.969490362959974e-08,-2.5791226805394728e-08,-2.715974599402598e-09,1.7581492788749267e-09,1.2114880258280722e-09,1.3398953322751918e-08,1.4870114187305815e-09,-8.526148719470999e-10,-6.588697933410484e-10,2.1034257197458947e-09,1.4377369180291406e-09,-7.889203102863015e-10,1.2746059989974604e-09,-5.257199757374497e-10,3.0278741044541193e-10,b'Resonant 5:2',"b'5,2,-4,0,1,0'",7.589291801062243,0.05023657130818145,7.037428855602881,0.04953630929321087,6.81248789323657,0.05522089408950791,6.614496797907508,0.10072866691123308,0.551862945459361,0.22494096236630917,0.42293205769537245
b'2014 YR72',39.35099032,0.00127245,0.14411102,5.053e-05,26.78944089,3.158e-05,125.8664315,0.02996084,88.72781931,0.00040209,21047.92056206,10.06144227,33.68007883502413,0.0018327954661465288,44.24339833,0.00041615,44.23212741,0.00033204,23.26190498,0.03789748,12,22,38.54364,39.1202846344,13.5487545164,-15.5729148279,-0.0492681626,0.7960548116,0.3830233712,1.3553279514201108e-07,4.481264508822877e-08,-5.570304230846185e-08,-1.160282343861281e-08,-7.749133569916935e-10,5.9003314734414495e-09,1.4836821313021729e-08,-1.841839061901583e-08,-3.6994475809936197e-09,-2.0953071869453898e-10,1.8976388268080474e-09,2.2911173323220273e-08,4.815550824686516e-09,3.365775538575807e-10,-2.4484787134722784e-09,6.064890382501212e-09,1.9683749910399645e-09,-2.496673334744724e-09,7.263748897767728e-10,-7.817699333851766e-10,1.0477645176107275e-09,b'Resonant 3:2',b'',7.7762498425944795,0.08485295039459669,6.759433632116538,0.05113101622794795,6.448387827255074,0.06508548724625672,6.198860873466417,0.1159747976542882,1.0168162104779412,0.31104580486146266,0.5605727586501201
b'2014 YS72',55.03267648,0.00174391,0.41708852,1.763e-05,23.94130113,6.37e-06,284.78243508,0.007522,112.64434918,0.0002497,60200.72891644,1.12738281,32.079178626437844,0.0019326812233920886,32.37127007,0.00013238,32.54787259,0.00010198,23.37371936,0.04316848,15,27,47.08551,28.1137788363,14.1917363823,-8.2203447657,-0.5428532991,1.0840628076,0.4907653101,1.2972147884802903e-08,6.620827120393431e-09,-3.912989004884247e-09,1.6860653177388972e-09,1.5667512331369827e-09,-3.4820786755877304e-10,3.3934950519412006e-09,-1.9974217768573175e-09,9.478974791871912e-10,8.440893117811461e-10,-2.0274652925276515e-10,1.1888659896928858e-09,-4.930613285445905e-10,-4.638538408321585e-10,9.772741063673779e-11,1.808387562992128e-09,1.0653093049995833e-09,-5.065528675699864e-10,6.6303720235507e-10,-2.9295060492990737e-10,1.4888290714469094e-10,b'Detached',b'',9.044298833050183,0.07357563097408268,8.212543816316261,0.04644476688595648,8.02619146945545,0.05313475774890265,7.791859926748936,0.08900317462458777,0.831755016733921,0.18635234686081156,0.4206838895673218
b'2014 YT72',44.8384602,0.00214524,0.17778958,6.908e-05,31.740488,6.39e-06,322.06454848,0.02076259,95.83446368,0.00025308,69057.50314924,3.61638221,36.8666493222531,0.004395972802220809,39.3354965,0.00036005,39.2619316,0.00027098,23.33968385,0.03761013,21,27,34.71099,33.3024394741,10.4748230545,-17.9645450895,-0.201566202,0.9337493719,0.4685364584,9.292683513944937e-08,2.7632960416512802e-08,-5.153018492919965e-08,-5.6581406180758174e-11,2.9088415608345574e-09,9.364354939327437e-10,8.241412591437389e-09,-1.532631265709859e-08,8.0681631233871e-11,8.931494799769646e-10,2.280928140043121e-10,2.8601893400735062e-08,3.999390618641741e-11,-1.608666359539587e-09,-5.335112217689652e-10,5.1036912242387574e-09,1.8922697199966633e-09,-2.69762748655953e-09,8.001863763980404e-10,-9.72587497226306e-10,1.4419149792786961e-09,b'Classical',b'',8.126536261975138,0.07053569491406984,7.346949918033774,0.044372363583377414,7.237513188531755,0.0625406431769983,6.898873331998468,0.1256978733648141,0.7795863439413654,0.10943672950202099,0.4480765860353092
b'2014 YU72',46.52269805,0.00181947,0.14606751,8.891e-05,30.17854911,8.442e-05,181.03261756,0.01710566,130.36404012,0.00037898,41317.21605834,2.77520586,39.72724340924919,0.005432750024622497,42.77622253,0.00026676,42.81842672,0.00020629,23.44281525,0.04589883,11,19,46.62116,37.2017971455,15.2795290401,-14.6962562753,-0.2042889268,0.9682428471,0.1322036643,5.3500077176661556e-08,2.1813146741334536e-08,-2.1657864314067294e-08,-4.235799180764996e-09,-4.43029044835509e-10,1.7159951532970768e-09,8.920556760973326e-09,-8.833991365220437e-09,-1.6217957248287455e-09,-1.4210238183248098e-10,6.585596136251024e-10,8.79242915219528e-09,1.7069633253434533e-09,1.7705432998371755e-10,-7.008929006893551e-10,6.007801974951531e-09,2.6099220321674466e-09,-2.417316316688735e-09,1.1872954787576746e-09,-1.051982109573266e-09,9.87081813601071e-10,b'Classical',b'',8.00461836143783,0.12415645483601823,7.3634916418409535,0.14446454913316595,7.200133760663961,0.16620607510224555,6.8912699352285625,0.1871111008853029,0.6411267195968758,0.16335788117699304,0.4722217066123918
b'2014 YW91',40.81979244,0.00230307,0.15628113,0.00012257,24.00878263,0.00016251,301.42258016,0.01140948,165.93790716,0.00035701,74212.8940842,1.81747137,34.44042931361834,0.006670662739108839,38.6296811,0.00031548,38.864164,0.00025521,23.49184364,0.05627736,14,19,47.94697,34.2678468243,18.0194676096,-3.3818197216,-0.6064786691,0.8332380593,0.0612961267,7.806073640949232e-08,4.008597409315928e-08,-8.384987007252936e-09,-8.770449044228184e-09,-1.933831739834664e-09,9.699415724854499e-10,2.0647013018168788e-08,-4.3070611491078565e-09,-3.972414333246276e-09,-7.166154864274086e-10,4.4170316644241514e-10,9.294913364209102e-10,9.49194835614567e-10,2.1221444332012616e-10,-1.1707750363396793e-10,1.1708370659706413e-08,6.0893513490215656e-09,-1.2587720998324755e-09,3.2815853045739202e-09,-6.544681592000749e-10,1.4973297718926625e-10,b'Classical',b'',8.18950999499121,0.10684554348778927,7.621754507234227,0.08991593026454668,7.424667402282333,0.10876399480336119,7.180871514199337,0.13668921911184015,0.5677554877569811,0.19708710495189039,0.4408829930348914
b'2014 YX91',53.47720388,0.01128539,0.35103627,0.0001453,62.86458272,0.00011228,252.45666847,0.02127509,119.63268478,0.00034525,50387.08919864,3.31100296,34.70476594261552,0.014860672912369083,36.24875122,0.00100235,36.70527537,0.00071476,24.43590915,0.09812874,7,10,24.3066,7.3710824612,29.4464929663,-20.6360954453,-0.665355051,0.8083336537,0.5644608521,4.4825486053167486e-08,1.6747648175327898e-07,-1.2205973090312148e-07,-2.2378940325790255e-09,8.783721040796635e-09,8.821493425826042e-10,6.274470332756039e-07,-4.569448455046153e-07,-7.652835977416523e-09,3.591446875885781e-08,1.155916480536925e-09,3.330124345163893e-07,5.922772007154234e-09,-2.483010062823916e-08,-1.7691452631696997e-09,1.0531808135308872e-09,3.057099130798072e-09,-2.5230524163973537e-09,1.5264190064417945e-08,-9.393656579298195e-09,6.825742650332458e-09,b'Detached',b'',9.069860516894058,0.14808511082888506,8.770577400483942,0.13719718697787514,8.650135250728374,0.18212186081194462,8.72258245400056,1.0601893429228562,0.29928311641011784,0.12044214975556768,0.0479949464833797
b'2014 YZ91',48.00238324,0.00259441,0.27301233,6.38e-05,30.00482049,3.703e-05,205.54927707,0.01370378,116.32051702,0.00031618,47733.2610483,1.98265141,34.89714083146317,0.004633188902541152,37.71577558,0.00034723,37.72269428,0.00026736,23.84202465,0.056242,17,24,47.81999,32.6189969299,12.0257226197,-14.6418816475,-0.0827084464,1.1035460897,0.218316006,9.015602406589328e-08,3.1570833904214654e-08,-4.192680318456519e-08,-1.0832314812796494e-08,-1.1355482566992697e-09,5.4290324790338656e-09,1.1084355249579294e-08,-1.4686084286731656e-08,-3.76252533201334e-09,-3.9649255965278807e-10,1.889066599528938e-09,1.9528953426338824e-08,5.032179888851175e-09,5.27487009848877e-10,-2.535648215082949e-09,4.923413039364177e-09,1.718644945792902e-09,-2.280566377149878e-09,7.161024284689538e-10,-7.81306677555645e-10,1.070036304324238e-09,b'Detached',b'',8.6239068165348,0.08987189586262787,8.049384685883355,0.06292093030156638,7.700501775038342,0.07906922182134095,8.010486676442456,0.2693818995364872,0.5745221306514439,0.34888291084501216,0.03889800944090023
b'2015 AN304',131.28134633,0.12794738,0.70063142,0.00032238,32.01413245,0.00025809,210.29772397,0.03712313,143.11891135,0.00070447,52366.77451174,6.38337166,39.30151086945287,0.08059852151203212,40.88208307,0.0009803,40.94496211,0.00076063,24.04729871,0.07220854,9,9,31.58682,35.6422886821,15.5411410626,-12.8292678635,-0.2694819972,1.2476584823,0.0223425684,7.246647861038765e-07,3.133489847175704e-07,-2.702768005867447e-07,1.9048037412141863e-07,1.1303267530432919e-07,-7.369739329599518e-08,1.356095877732047e-07,-1.1688355122942646e-07,8.411551761432643e-08,4.963929010335168e-08,-3.251758469563003e-08,1.0087366067876237e-07,-7.123925264824919e-08,-4.224318644884752e-08,2.7539210971011836e-08,1.1832260509108249e-07,6.025283031966418e-08,-4.481331144155974e-08,3.138625490414836e-08,-2.289187404517933e-08,1.7062906557867773e-08,b'Detached',b'',8.508098111383726,0.1656006747210892,7.914036830959345,0.09284003889615025,7.759313892595694,0.178287566376275,7.2231293707902875,0.18675176936666726,0.5940612804243841,0.1547229383636543,0.6909074601690557
b'2015 AS293',51.56684573,0.00410662,0.36122779,8.102e-05,34.4325689,1.36e-05,192.66860402,0.002468,88.39367201,0.0001643,40274.29825183,1.19609848,32.93946795555517,0.006748952486530687,43.49770148,0.00022113,43.46519623,0.00015859,22.71502427,0.02718479,17,22,31.7704,35.6787877966,14.0832638821,-20.4428242363,0.1979189911,0.9636161247,0.2908918407,3.28883049010494e-08,1.2543336564973828e-08,-1.9219982956175912e-08,2.383810338685114e-09,1.930035640808249e-09,-1.057901632357822e-09,4.795502164326202e-09,-7.33017371672834e-09,1.0454245378399997e-09,7.923195555687948e-10,-4.803139275577622e-10,1.1239572872138795e-08,-1.3588322809250518e-09,-1.113068871275277e-09,5.969541450794397e-10,3.6426550332383876e-09,1.6138944237208562e-09,-2.0407898632450284e-09,7.418738354095757e-10,-8.969206248487747e-10,1.1485109897533547e-09,b'Resonant 9:4',"b'9,4,-3,0,1,0'",6.95023129499142,0.06240408899110183,6.282230355171238,0.03629209558119059,6.175039407579854,0.04080967569997587,6.037480402296731,0.06048047870783265,0.668000939820182,0.10719094759138516,0.24474995287450751
b'2015 BP519',448.50388867,0.21684682,0.92140562,3.937e-05,54.11066262,3.47e-06,348.05735657,0.00076066,135.21334352,5.931e-05,73015.59724147,0.24228333,35.24988557718501,0.03469870786747949,53.95973759,0.00012017,54.33548776,7.752e-05,21.75695262,0.00782076,25,34,52.63191,19.9911374116,40.3667717838,-30.3845913346,-0.9486234735,0.068607858,0.6799263107,2.0379685977716227e-09,3.971727722827953e-09,-3.0798968249423744e-09,-2.2008274707830644e-10,-2.342017543766277e-10,2.4619796012049473e-10,7.747898375042403e-09,-6.006533074704144e-09,-4.1510235065394533e-10,-4.280972340098439e-10,4.584409702342571e-10,4.658550478694577e-09,3.2659638032812915e-10,3.418071405239828e-10,-3.633223471151407e-10,1.2545357552721602e-10,2.4175794875838775e-10,-1.8874025225440695e-10,4.911947003546708e-10,-3.755370329312351e-10,2.903472098648673e-10,b'Scattering',b'',5.166180746718647,0.021833399575747616,4.321598238121643,0.012759522990476899,4.0513804360641945,0.016146770565813144,3.8902023692353094,0.026302812008736992,0.8445825085970086,0.2702178020574466,0.43139586888633086
b'2015 PD312',55.42918488,0.00283574,0.37481249,2.957e-05,23.06024154,4.794e-05,225.96872806,0.0077999,154.84730954,0.00019428,55334.06885734,1.3515185,34.653634193097325,0.0033952903576227825,34.52460962,0.00024169,34.84777441,0.0001786,23.26451484,0.04467626,14,18,37.03485,28.4178186666,19.7714521384,-3.9855543604,-0.634310298,1.0631918421,0.1511020607,3.893644226912583e-08,2.6895398448289045e-08,-5.887959250997844e-09,-8.735526200073419e-10,1.2107026866824246e-09,1.4702981180427648e-10,1.8615692302154553e-08,-4.068017727221151e-09,-4.2479589894191875e-10,9.683460348532905e-10,7.47393046602126e-11,9.011979107704079e-10,1.3308748063042347e-10,-1.823312955366307e-10,-2.365194958615813e-11,1.4470335531554684e-09,1.036859043889553e-09,-2.1777289341792468e-10,8.361756655603991e-10,-1.556763581283639e-10,3.638136975193489e-11,b'Resonant 5:2',b'',8.363267504835333,0.06649917527206646,7.823369303432299,0.049875142800641904,7.626698593517867,0.08333529956391365,7.31439673047071,0.11803672269307479,0.5398982014030311,0.1966707099144346,0.5089725729615919
b'2015 PF312',45.26450153,0.00083454,0.09078439,1.316e-05,17.99394478,2.986e-05,260.20798278,0.02134506,160.63448155,0.00016026,63041.53212312,5.39811307,41.155191342049385,0.0012296302569703118,40.9617136,0.00017567,41.40535168,0.00012591,22.39135346,0.02000904,23,26,52.98333,31.6629882825,26.6791281957,-0.287122694,-0.6716156522,0.7492775126,0.1536771649,1.7922806772984916e-08,1.522157676372784e-08,-2.9068397813454194e-10,8.44143393813345e-10,1.448823546047781e-09,5.45636524271308e-11,1.2937466713370495e-08,-2.4643397475367484e-10,7.638136441595255e-10,1.2708673206678268e-09,4.5715007021685165e-11,8.001080409102942e-12,-8.99573949064963e-12,-1.933800636576596e-11,-1.664092001685558e-12,5.183285164027587e-10,4.912884441896097e-10,-3.904747317208499e-12,4.928322353994091e-10,-1.3177874996260774e-12,1.2440755881109421e-12,b'Classical',b'',6.709716567557523,0.033282062407833136,6.1917230110833845,0.026476415321580325,6.025925079501549,0.0305035033204924,6.012645180716211,0.06899404897019104,0.517993556474139,0.16579793158183379,0.1790778303671727
b'2015 PL312',41.87966871,0.00264902,0.13466791,0.00010801,26.12294238,0.00022544,4.6542485,0.05108333,71.75259644,0.00034916,66050.55795784,9.85142381,36.239821399132765,0.0064371481233501575,36.82167165,0.00046507,37.32064871,0.00033249,24.0520914,0.08315464,9,10,16.14828,28.236236051,24.4038062006,-0.0060675979,-0.6084721572,0.5720221759,0.6906900868,1.2373943557514017e-07,1.0713402080294781e-07,-1.1817428007829932e-09,-1.849867119402952e-08,-1.2836187924765368e-08,2.3601784757914037e-09,9.289119900473005e-08,-1.0175023197730012e-09,-1.5705439282119052e-08,-1.087360870198791e-08,2.0551690009487366e-09,8.773102970633848e-11,3.8931117317512535e-10,3.2132413291232626e-10,-4.399507639356872e-11,1.323114687001133e-08,1.1676731085361245e-08,2.5694307891156812e-11,1.047516271952549e-08,1.0840489507919513e-10,8.429933275253666e-11,b'Classical',b'',9.28489590312372,0.17256135571833814,8.230663414096414,0.0874124222806677,7.931121773411663,0.11184556571489461,7.906293461994691,0.2232537711100533,1.0542324890273032,0.2995416406847515,0.324369952101724
b'2015 QA34',64.75742656,0.00967718,0.45774237,0.00011684,24.80202281,9.755e-05,309.89791378,0.04099567,88.73255295,0.00058026,61025.65878042,6.88129286,35.11520871346162,0.012744134271175649,35.61300989,0.00048624,35.83008898,0.000373,23.82180466,0.05936503,10,17,34.81868,30.9407032087,15.9144818298,-8.5555496111,-0.4734143783,0.9619821051,0.6682503819,1.7202937236619927e-07,9.370408575828799e-08,-4.803449797072601e-08,-6.544388685737609e-08,-3.437865128559671e-08,1.9034729304264992e-08,5.109581892541709e-08,-2.6171246788263755e-08,-3.5468287216802906e-08,-1.865797866663826e-08,1.0326421824504264e-08,1.3458177865683e-08,1.814240840802621e-08,9.528731620666242e-09,-5.3095233778141155e-09,6.667283428571434e-08,3.683432505671721e-08,-1.7912142969261788e-08,2.0413430382108352e-08,-9.875824982294557e-09,4.8601541884987175e-09,b'Resonant candidate 19:6',b'',8.88807245278637,0.11475022462529387,8.29369711837271,0.10860201020140949,7.8537286029369735,0.13056326190416132,8.088182865028623,0.16892461852714755,0.594375334413654,0.43996851543573845,0.2055142533440897
b'2015 QB34',43.76299628,0.00302571,0.26914286,8.677e-05,18.95179586,4.243e-05,341.40594663,0.01429944,84.18567357,0.0002653,65737.58228561,1.84273558,31.98449849328323,0.005968690886714857,34.27840077,0.00033723,34.4712746,0.00028109,22.9911459,0.03652225,16,23,15.96583,31.2713548798,13.4510411886,-5.4259217822,-0.4942572364,0.882200037,0.6063485572,9.251624375022408e-08,4.126908795618375e-08,-1.6332642579062212e-08,-2.4602827856418956e-08,-1.0335166557209505e-08,4.695579652544986e-09,1.8422930351009788e-08,-7.286330522119195e-09,-1.1001663540709532e-08,-4.62949667993784e-09,2.098630816232626e-09,2.895117157315452e-09,4.329081606893599e-09,1.8175213666574304e-09,-8.315145269645308e-10,9.002984637160928e-09,4.022530692403084e-09,-1.5862807840101114e-09,1.8181237187731383e-09,-6.996023693350021e-10,2.8773712940312045e-10,b'Detached',b'',8.069698240014253,0.06155735304637176,7.562448204879447,0.05360307890808217,7.241141857061754,0.057948049071807076,7.095425785581389,0.07981945378191743,0.5072500351348049,0.3213063478176963,0.46702241929806365
b'2015 QC34',55.64049486,0.0091158,0.36650326,0.00018475,21.9090645,0.00014865,349.01883728,0.03171024,81.99987064,0.00057033,66550.48698211,4.44319611,35.24807219559974,0.01580721455565325,38.26616748,0.00067835,38.59663607,0.00052164,23.87501437,0.08445205,8,11,12.8086,33.0195129047,19.3550504521,-4.9793679888,-0.6192743793,0.7345826532,0.6440460912,3.289520630585973e-07,2.0198743685254513e-07,-4.954443224122016e-08,-3.0058070568949284e-08,-1.3370552896909439e-08,7.797357754108198e-09,1.2417297577162772e-07,-3.042975991176332e-08,-1.8675183156161263e-08,-8.413711645305523e-09,4.816426286911898e-09,7.571512258056756e-09,4.227493326488869e-09,1.8174725955511103e-09,-1.1830759330506695e-09,4.172615955237939e-08,2.7248403773913963e-08,-5.1405801118567545e-09,1.7954513897214942e-08,-3.2755978088056344e-09,7.118638389618999e-10,b'Detached',b'',8.438890780753402,0.14169254747012414,7.8772966159525435,0.10969611703046347,7.860514903894389,0.12270011499399028,8.268066510566841,0.43612021473580737,0.5615941648008607,0.01678171205815274,-0.3907698946142976
b'2015 QL34',55.3799797,0.00410818,0.38216547,8.822e-05,25.97599715,0.00011822,190.49494036,0.02267393,154.69575052,0.00030085,51158.67975965,3.34291316,34.21566394408714,0.007161169819287851,35.8107466,0.00063451,36.00289137,0.00052836,23.00245524,0.04274554,10,15,28.35827,32.7126538176,13.6465369035,-6.3136754416,-0.2668503455,1.1870100668,0.0439664546,3.2664228712251697e-07,1.4375327958623252e-07,-6.515144911355782e-08,-6.941294004387224e-08,-2.68067022542671e-08,1.3187517085959797e-08,6.332737034885949e-08,-2.867686222781523e-08,-3.083985496477125e-08,-1.1970953359273286e-08,5.866106095692898e-09,1.3037244938280678e-08,1.3854049146340265e-08,5.353307883818288e-09,-2.6535302345981473e-09,2.095843508292909e-08,8.864072737368985e-09,-4.090100172104402e-09,3.83092242397334e-09,-1.7404537002188981e-09,8.122036219208721e-10,b'Resonant 5:2',b'',8.274430789364624,0.1188768178246724,7.474974694876755,0.09827764011170394,7.096041183142644,0.09215189185491743,6.759688679001931,0.12531511970922976,0.7994560944878716,0.378933511734107,0.7152860158748199
b'2015 QV33',52.98165217,0.00678949,0.31307298,0.00012174,24.70598591,0.0001983,255.04914697,0.03802556,159.71116812,0.00047624,63509.80398566,6.85090581,36.39452838293625,0.010750730642531901,37.46411359,0.00071128,37.660175,0.0005813,24.21445054,0.09459453,7,8,14.91331,33.5780407422,16.3366596153,-4.8905535154,-0.625056404,0.9766286902,0.0932196497,4.026041377810134e-07,1.9442294990840665e-07,-6.198443250622167e-08,-2.7379595350622493e-08,-1.9904477705182966e-09,3.5605639912631922e-09,9.400910624811339e-08,-2.994052314523024e-08,-1.2191619800810475e-08,-4.120208837677397e-10,1.5585316885190875e-09,9.615491999713003e-09,4.1392995378619205e-09,2.6542680450865044e-10,-5.569819981244081e-10,3.389931695651681e-08,1.7964221934862818e-08,-5.285605390971069e-09,9.966413227493577e-09,-2.826514816822329e-09,8.531644897921827e-10,b'Resonant 7:3',b'',9.14047645822024,0.18786739435345948,8.388525333839647,0.11246483102821603,7.918631157382839,0.1401777482497692,7.960982749707798,0.2464174357972537,0.7519511243805966,0.46989417645680553,0.42754258413184826
b'2015 QW33',45.9133013,0.00587714,0.17317045,0.00045634,21.52764268,0.0002739,75.190001,0.13400879,77.42253714,0.00125447,94979.44687506,59.89502779,37.96247441934365,0.02520433381220722,50.5495517,0.00106485,50.70776229,0.00086947,24.17462024,0.08844888,8,9,15.6292,45.2630923022,21.3298226721,-8.2199936768,-0.3301337557,0.6061320882,0.4709282063,9.036362069566156e-07,4.235051416429431e-07,-1.6946907125221347e-07,2.870600049929616e-07,1.5186288672638845e-07,-4.5140431940249215e-08,1.9858947269820367e-07,-7.94127983058892e-08,1.3714478480405543e-07,7.23781013894974e-08,-2.1634860239518365e-08,3.184608325759801e-08,-5.2757188045267996e-08,-2.7971239871081883e-08,8.246219005166458e-09,2.604492461946013e-07,1.279337162285539e-07,-4.5516713856167014e-08,6.311067521042038e-08,-2.226985453080841e-08,8.056047763341799e-09,b'Classical',b'',8.61155916155118,0.40210132201311205,7.066999954965988,0.1490286506499829,6.6168086406918345,0.15140391659148364,6.6912878801466835,0.30217607157087323,1.5445592065851872,0.45019131427415815,0.3757120748193089
b'2015 QX33',40.53521107,0.0011919,0.09259434,6.598e-05,25.37303995,2.476e-05,237.94846341,0.03490557,96.02225953,0.00026815,47998.72472143,7.01098143,36.78187988261767,0.0036405496223165545,37.48407541,0.00017642,37.62824583,0.00013556,23.36337507,0.04123808,16,29,63.50906,32.4942982598,15.8790143781,-10.385680866,-0.2317197962,0.9255241742,0.4643142222,2.3052942890026566e-08,1.133029330973697e-08,-7.609176181421243e-09,1.49634503265175e-09,1.409436160046082e-09,-2.096540307634328e-10,5.5807510486019826e-09,-3.741293076360502e-09,7.761782270593018e-10,7.104907144608914e-10,-1.1486524023476765e-10,2.5220888913153927e-09,-4.865558349111585e-10,-4.6061671534236525e-10,6.289635476541926e-11,5.065749428837944e-09,2.8086479834428563e-09,-1.5265812616817456e-09,1.577863271760469e-09,-8.409425957285533e-10,4.675681200393724e-10,b'Classical',b'',8.070114628860766,0.07628501967739294,7.5801716512426704,0.05285391801788174,7.4343273660237355,0.06684941960202342,7.189038518746825,0.09945672137934058,0.48994297761809374,0.14584428521893722,0.3911331324958468
b'2015 QY33',42.92375078,0.00257168,0.03580729,0.000252,32.67635148,0.00026709,125.32050076,0.18404304,138.12042601,0.00075461,26771.196823,59.1614461,41.386767505829866,0.012067575602147378,43.42903635,0.00052684,43.4321062,0.00041526,23.93551475,0.07347743,7,10,16.061,38.1851170599,13.9635870114,-15.2729473851,-0.2672062931,0.9072166892,0.0702378344,2.1356308774392155e-07,7.710286126853135e-08,-8.789509908791098e-08,4.493995541712183e-10,6.539669573129702e-09,-5.714254673582434e-10,2.790371119273388e-08,-3.174062645446331e-08,1.083769969423497e-09,2.7032763684069858e-09,-5.843133894139512e-10,3.622759400788097e-08,-2.543189578185394e-10,-2.716840872776775e-09,2.492011150766045e-10,5.227053078797591e-08,2.0184990546162628e-08,-2.1523201660320566e-08,8.051724835388163e-09,-8.332156515475426e-09,8.931978338773118e-09,b'Classical',b'',8.198708005603718,0.14895582993519085,7.451444984835602,0.13610735498154092,7.519220176579994,0.12844209477064447,7.00639054415514,0.14934551228814633,0.7472630207681155,-0.06777519174438884,0.4450544406804608
b'2015 QZ33',54.98038246,0.01550182,0.32253174,0.00035354,29.03911833,1.446e-05,193.86798592,0.01112438,101.74920808,0.00075938,39260.53902888,3.5936776,37.24746427164072,0.029878768957998323,46.01215122,0.00046626,46.06928096,0.00034833,23.7196619,0.06799267,12,16,34.98893,39.1813729586,17.4721801642,-16.7905205871,0.0240566253,0.9584229998,0.2792334797,1.5596470820147135e-07,6.99604701995054e-08,-6.845763136226113e-08,1.8765567450911523e-08,1.2208594757205e-08,-7.0987311307827455e-09,3.143875252619695e-08,-3.071293958914795e-08,9.26647019518756e-09,5.8690570288387036e-09,-3.545179497441581e-09,3.009479758741831e-08,-8.046373108300208e-09,-5.26527029176573e-09,3.020000189699878e-09,7.059915885928753e-08,3.4216669931101614e-08,-3.009027989061736e-08,1.6688197984739094e-08,-1.4571764573295937e-08,1.2869441792470196e-08,b'Detached',b'',7.687326094160698,0.09954822661756499,7.012200936915567,0.0757351310848837,6.846328649825152,0.08569519222111782,6.828839137285987,0.2058457251304554,0.6751251572451293,0.16587228709041643,0.1833617996295821
b'2015 RB280',43.80249528,0.00464055,0.07331843,0.00032268,2.17034477,0.0003897,112.46635428,0.15497953,201.66493123,0.00224749,42868.39322372,34.9963235,40.590965105100246,0.01776847710781057,41.86414445,0.00085194,41.85823533,0.00082417,23.98430941,0.11041914,7,8,13.08788,41.181926611,6.74538781,3.2650464929,-0.1198829453,0.9183634711,0.3585111237,7.011649052331752e-07,1.1932570365953156e-07,5.740457101128764e-08,1.9249413782552852e-07,4.274673546433606e-08,1.970560299033596e-08,2.0473819134469624e-08,9.797340374176043e-09,3.492805510440459e-08,7.582318125695345e-09,3.494783334040011e-09,4.807077133372128e-09,1.6614312604757982e-08,3.6094334387085796e-09,1.6984704044407476e-09,1.2211455635846602e-07,2.0581150563996698e-08,9.901652282454788e-09,3.784300131234665e-09,1.77545659907634e-09,8.929906547679852e-10,b'Classical',b'',8.491225967090726,0.3058464016151718,7.440276541023879,0.12402355639095419,7.3225487116166565,0.11080087350907937,7.524912881932524,0.2741380980724084,1.0509494260668457,0.11772782940722207,-0.08463634090864383
b'2015 RG277',42.9598141,0.00291349,0.01426403,0.00013455,12.08909088,0.00016346,216.39029903,0.3516949,194.45185401,0.00012776,69894.88081709,96.26841036,42.34703404769997,0.008306095753032827,42.59746029,0.00063503,42.5218316,0.00062812,23.25811296,0.05300748,9,16,39.71829,42.2623068305,3.6008673735,3.0062165501,-0.1037475665,0.9445043843,0.1904295779,3.9937352070490566e-07,2.871104827014684e-08,2.7060286691065522e-08,-5.95573522261751e-08,5.303587042594797e-09,-2.003017629530263e-09,2.1191729768259734e-09,1.9535950841107187e-09,-3.6088998051139893e-09,4.331007938068654e-10,-9.787922092673127e-11,1.8540793919205637e-09,-3.886420744940313e-09,3.7014800275346045e-10,-1.2223604724203368e-10,2.1330648704308125e-08,1.0633507322914896e-10,1.151163917250293e-09,1.4296228762225403e-10,3.4907251747327474e-11,7.628831535118597e-11,b'Classical',b'',7.828763694611071,0.11136940443727769,6.928263868137458,0.05975731665827581,6.6427517122476605,0.09453653201099135,6.535259033390092,0.10086252963664619,0.9004998264736117,0.2855121558897972,0.39300483474736375
b'2015 RN278',34.84515533,0.00510993,0.04670081,0.00018291,7.12155655,0.00025025,57.52921328,0.10429185,197.67303432,0.00046105,35174.89564167,18.01094627,33.217858416505344,0.004579172709170144,35.44286695,0.00140089,35.37607552,0.00138342,23.95420661,0.08903136,7,9,13.62557,35.1147884581,3.5326473349,2.4369557523,-0.0748905625,1.003251823,0.2971035738,1.9422691467246957e-06,1.6047116065321413e-07,1.2182392987810826e-07,-1.472000846787025e-07,4.123902460715099e-08,5.5662984727597795e-09,1.3376179075529467e-08,1.0081401115181585e-08,-1.1099542582956048e-08,3.4954685468194985e-09,5.213294102899817e-10,7.708598183323181e-09,-8.927246010919623e-09,2.6059577163560053e-09,3.883649106521301e-10,3.181282929406732e-08,-1.8337848930398893e-09,7.682831576125046e-10,9.781673067276397e-10,1.9276120634981807e-10,1.062208146908387e-10,b'Resonant 5:4',b'',9.102058733750487,0.18487060098165917,8.444740089410326,0.10329919909299692,8.23989378795101,0.1306977592496595,8.169222194428253,0.2270281219179378,0.6573186443401595,0.20484630145931945,0.27551789498207196
b'2015 RT245',44.38641816,0.001282,0.08423641,5.381e-05,0.95778629,7.242e-05,343.348424,0.03590209,330.38440819,0.00299541,43916.01555862,8.2823761,40.647465505991576,0.0029360279708246432,41.9909009,0.00026738,41.9113986,0.00026474,23.0989729,0.03778909,15,27,68.16406,41.6793138318,3.8613951875,2.1189049244,-0.041582006,0.9090254997,0.4095285053,7.086635358175249e-08,5.8093727983547856e-09,3.2887467782428417e-09,-2.9808390356121304e-09,1.4939209794140798e-09,6.438763661046067e-10,4.988705386280716e-10,2.7658620513376004e-10,1.884559432323406e-11,1.412266281610551e-10,6.296414698986536e-11,1.629884298186599e-10,-1.9797959304623103e-11,7.701276185128981e-11,3.619109507459289e-11,4.6240203750074455e-09,2.279376421632509e-10,1.4656839516537088e-10,5.264058413236415e-11,2.4812463848325746e-11,1.490682272288286e-11,b'Classical',b'',7.784677565694837,0.09470438420418174,6.839280047620884,0.05711169951903714,6.493310352975721,0.058415394927790174,6.306386651884269,0.07451100451128045,0.9453975180739548,0.3459696946451641,0.5328933957366115
b'2015 RX345',41.77811538,0.0031765,0.04602814,0.00020669,15.18491541,0.00017782,46.90863807,0.09045157,77.59509044,0.00087743,83735.51979518,27.75844561,39.85514642714509,0.01075999900329411,41.8089087,0.00084412,42.07344272,0.00069329,24.06779375,0.10405483,9,10,30.60865,37.5398806489,18.9329502607,-1.5733204742,-0.3982173789,0.7324766416,0.4876519382,5.669059168673339e-07,2.864078440620529e-07,-2.739886472994535e-08,-9.106778544445058e-08,-3.802974169200416e-08,8.749560557370813e-09,1.4484331595980138e-07,-1.3834056956862531e-08,-4.5381638594583293e-08,-1.8911386631617653e-08,4.407013057466118e-09,1.4318892879447716e-09,4.7425551132629125e-09,2.027266174499892e-09,-4.664901268979696e-10,3.456498585697818e-08,1.7111360821247616e-08,-1.8614862703422661e-09,8.65149358581904e-09,-8.390282932340578e-10,1.6789744211002507e-10,b'Resonant 7:4',b'',8.535014410674885,0.20296161426606352,7.6926055123358115,0.2038200807143016,7.249385440250434,0.2484461549647167,7.026136568750358,0.17455831905517952,0.8424088983390707,0.4432200720853859,0.6664689435854595
b'2015 RY345',40.22023921,0.00184491,0.06169508,6.606e-05,35.37456035,6.105e-05,81.55144147,0.14154887,91.0568013,0.00053429,98550.04134432,41.31903731,37.738848239643715,0.0024430739210069743,42.50091586,0.00051551,42.55703595,0.0003543,23.83729059,0.06020443,13,13,30.15649,34.0250098482,17.0410771162,-19.0526036199,-0.1655843939,0.7970588004,0.46063051,1.683957813767746e-07,8.343892403496234e-08,-9.716088881621074e-08,-1.135955349012185e-08,-1.5178470536451264e-09,8.033785594460784e-09,4.1404050748268496e-08,-4.815642651616311e-08,-5.536734083958037e-09,-7.2790690994397e-10,3.936064170032513e-09,5.612420582693818e-08,6.526658670647034e-09,8.665448037424525e-10,-4.648591887916405e-09,1.6245834412330552e-08,8.657574957623219e-09,-9.07665117231724e-09,4.773512884159035e-09,-4.796660844635172e-09,5.121370599147381e-09,b'Classical',b'',7.975427912247211,0.09749139189378356,7.521602734721016,0.08239865769872448,7.4135755708391695,0.0979840386073716,7.526408158086317,0.29663177578108824,0.453825177526194,0.1080271638818472,-0.0048054233653018275
b'2015 SO20',164.76322349,0.04013794,0.79867431,5.649e-05,23.4104818,8.28e-05,354.78720059,0.03129202,33.63424309,5.156e-05,57992.08967024,4.47378221,33.171069181237215,0.017384617984795497,32.92359269,0.00070377,33.2102152,0.00059931,21.92655753,0.01828197,12,17,24.76026,30.033822713,13.7092985498,3.5976409298,-0.5775364682,0.8850428163,1.0118389621,4.248362346595406e-07,1.7069241540634886e-07,2.8891343943597705e-08,2.1567242285057013e-07,8.61633812672254e-08,1.3998495057245603e-08,6.860454087552041e-08,1.1615104011670579e-08,8.656431803356586e-08,3.4596631341121556e-08,5.623768141594967e-09,1.989326184742541e-09,1.4550325819930565e-08,5.818631671986486e-09,9.59126505724913e-10,1.1108695286560596e-07,4.430668516145488e-08,7.1216449044782336e-09,1.7679949413809946e-08,2.844603529806818e-09,4.660244235534689e-10,b'Scattering',b'',7.378583207569806,0.043907990310659055,6.692434753425035,0.03340790820843893,6.363608747825184,0.034915946687510545,6.251527337648701,0.05763637769252289,0.6861484541447723,0.3288260055998494,0.44090741577633347
b'2015 SZ49',45.45535384,0.00154473,0.16669256,3.636e-05,27.52741395,6.36e-05,264.36464809,0.03136726,141.17412521,0.00030678,61865.8696453,6.73667026,37.878284575882184,0.0027726597832266457,37.98623735,0.00026661,38.21870204,0.00019892,23.55896123,0.05112871,15,22,53.0606,32.1424021701,18.4666422838,-9.3015209082,-0.5457245671,0.9306827994,0.1870490245,5.0118005931883544e-08,2.871532488783249e-08,-1.5134093584996494e-08,-5.8393669137857405e-09,-2.038551637933908e-09,1.7809605121046517e-09,1.64816885821532e-08,-8.674922628609353e-09,-3.3374169244288435e-09,-1.1750413204221682e-09,1.0195300600146535e-09,4.59395515804855e-09,1.767115165940659e-09,6.196883883961683e-10,-5.491705006936547e-10,5.525461646029776e-09,3.410511545114873e-09,-1.6688342111420658e-09,2.171628475496638e-09,-1.0308812332084365e-09,5.125434063854607e-10,b'Classical',b'',8.468352998233376,0.08970709951585543,7.687437681587165,0.05976801696291851,7.476111923377884,0.07953907940027038,7.155266204880347,0.09433138858165514,0.7809153166462118,0.21132575820928176,0.5321714767068212
b'2015 TJ363',46.13211296,0.00150081,0.18073178,5.233e-05,14.33621169,3.293e-05,354.16269772,0.00888591,97.38594471,0.00039972,72626.08116618,1.31674845,37.79457407792381,0.003420453597238017,41.27836391,0.00021319,41.54353557,0.0001699,22.99095272,0.02850413,24,31,36.03896,36.1908824454,20.3158333184,-1.8309266091,-0.5649968091,0.7291344847,0.4419454792,3.466929527703644e-08,1.922435628935825e-08,-2.0071928705737847e-09,-1.6591895622835523e-10,1.0845819311639109e-09,4.3850640604420647e-10,1.0676062419777376e-08,-1.1102211740532637e-09,3.916689814731761e-11,6.73604282305181e-10,2.354185894448236e-10,1.2338605575330388e-10,5.757434887275926e-11,-3.6459971128891586e-11,-2.8202183020773837e-11,2.135128987935859e-09,1.1656858749922709e-09,-1.2826094650235815e-10,6.806315411231604e-10,-5.558293007327173e-11,1.6350634159013784e-11,b'Classical',b'',7.437232889291634,0.07638528213208419,6.748541945870572,0.05085006993736295,6.4187818729251145,0.05823983944812809,6.316846098726524,0.09420743629221523,0.6886909434210645,0.3297600729454564,0.4316958471440449
b'2015 TK363',40.88648062,0.0011737,0.06648983,4.092e-05,14.78819022,3.913e-05,174.3078026,0.01598645,142.99516933,0.00031976,40683.74805475,3.39036094,38.16794533746678,0.0025241254680423517,39.53589651,0.0002423,39.8029935,0.00019281,23.13455858,0.03263668,20,28,41.60536,34.6354586871,19.5549974231,-1.5051141996,-0.4182426413,0.8851641508,0.2470109317,4.465201411006734e-08,2.4943886746217906e-08,-2.301298484533005e-09,1.7756254872305697e-09,2.56523788094219e-09,2.1630359770429285e-10,1.3945851665365998e-08,-1.284768572860827e-09,1.0619408519880132e-09,1.473126127195613e-09,1.1752494738451138e-10,1.2392837545417215e-10,-7.787470373667107e-11,-1.2432544472213238e-10,-1.2139822884778373e-11,1.0987067293714756e-09,6.949662018470144e-10,-4.02241656900354e-11,4.926792127401083e-10,-1.5789270183764183e-11,5.846255297929745e-12,b'Classical',b'',7.979565806594794,0.08200865471111322,6.985292683793224,0.06777020628909329,6.594937189078374,0.06119039864814167,6.569951024954021,0.09594010821644107,0.9942731228015667,0.39035549471485287,0.4153416588392066
b'2015 TL361',43.64234273,0.00161191,0.16406892,2.027e-05,10.62628549,5.257e-05,319.25796394,0.02208012,72.85921765,0.00037531,60110.63338224,4.54056262,36.48199068014844,0.0021861560046661723,36.45194587,0.00026401,36.61656734,0.00023169,23.24347195,0.04539037,15,20,27.93745,34.136253363,13.2457202294,-0.2002633903,-0.3870354218,0.9062061414,0.5313670907,6.035430372983869e-08,2.3743338527719104e-08,-3.7721282790259875e-10,7.280324487591797e-09,4.918238748160369e-09,1.0010868307665818e-09,9.365273385455937e-09,-1.4181507677683546e-10,3.022924257238713e-09,1.9998393202272255e-09,3.9526994555133194e-10,1.562625382841757e-11,3.3014799038436785e-11,2.3072242845494637e-12,-7.273461390508505e-12,2.7596656446095904e-09,1.3839117612793889e-09,1.37238369639447e-10,7.363681001624174e-10,8.851765191791575e-11,1.9632846697739477e-11,b'Resonant 7:4',"b'7,4,-1,0,0,0'",8.554018466423214,0.10147921860991561,7.518001383009542,0.06488255483719042,7.199661733291071,0.07512364417344107,7.047487813960069,0.091686709237042,1.0360170834136722,0.3183396497184735,0.4705135690494721
b'2015 TP362',71.93803814,0.00281228,0.48439925,2.054e-05,37.93675881,4.83e-05,164.8216337,0.00277325,190.6565065,1.592e-05,52599.38716277,0.48555491,37.09130670105319,0.0029129242666422325,38.10355426,0.0001334,38.25645535,0.00011977,22.89165982,0.0276389,22,32,82.17947,36.1040570998,12.6022142616,1.1124892086,-0.2152900416,1.1704241435,-0.3175409664,1.5872552247594453e-08,5.510127247931858e-09,4.0969257594733015e-10,2.584336922860245e-10,6.843476080322643e-10,-1.215381020262377e-10,1.924058095037492e-09,1.4086406914636727e-10,1.4465667011417504e-10,2.5675046891546597e-10,-4.1136659230680526e-11,1.4643793352211003e-11,-4.209434675495143e-12,1.3746067720257843e-11,-3.9328900027321766e-12,4.3281700622414134e-10,1.650899721622126e-10,6.329364358357344e-12,8.595665483371845e-11,-2.2457984042355027e-12,2.1307164711796336e-12,b'Detached',b'',7.994490800946254,0.06785030471873923,6.986846003453431,0.045367383599203996,6.491007112878053,0.05692280092180463,6.238788392320069,0.052275363296916386,1.007644797492824,0.495838890575382,0.7480576111333618
b'2015 TP454',66.75005924,0.01979755,0.58480083,0.00016545,24.13917605,0.00012299,327.94465206,0.00318537,138.04181851,0.00046281,73145.97590269,2.03604398,27.71456911237396,0.019210243144683323,45.10231978,0.00057338,45.15295031,0.00049323,23.48318048,0.05741427,14,17,42.99205,41.7695996617,13.3633714829,-10.7475471075,-0.7559225565,0.7140515165,0.2782749467,2.7996544574659044e-07,9.06814307903543e-08,-7.4045800806632e-08,-1.6737854656692677e-08,-1.1518732216579365e-09,4.56859554933763e-09,2.9435042717564532e-08,-2.3987998214906786e-08,-5.199940170461209e-09,-3.1568730760461883e-10,1.4231664949288068e-09,1.9642715913985516e-08,4.442838666191712e-09,3.1220444458075237e-10,-1.2351639379200164e-09,2.0822416406300492e-08,7.290113243368523e-09,-5.494712971816004e-09,2.6485874322907234e-09,-1.922078449497273e-09,1.4626501049023768e-09,b'Scattering',b'',8.030025219317265,0.20823950591202378,6.79554935550467,0.11389095517491127,6.612370114284035,0.11214669895050498,6.46589709145284,0.13200784195207096,1.234475863812588,0.18317924122063947,0.32965226405183473
b'2015 TQ454',51.49368997,0.00904396,0.2677231,0.0003557,32.12844921,0.00028229,339.57639655,0.16022432,59.17014616,0.00060362,63768.05797199,31.40817899,37.707639815828145,0.02435189067833192,38.74150683,0.00080575,38.8062151,0.00064387,24.26056073,0.10184328,7,7,20.36697,34.4219834061,13.8911448891,-11.3174856882,-0.1843433561,0.7699050383,0.8018080363,5.06909222433596e-07,2.0541159311840585e-07,-1.7326568220392545e-07,1.415890604670841e-07,6.89857757084691e-08,-3.20115054275888e-08,8.333988229215704e-08,-7.022100536347451e-08,5.926743937371386e-08,2.871189566479179e-08,-1.3541082129944813e-08,5.931388145986468e-08,-4.8123006322240426e-08,-2.345684692287452e-08,1.0808020895398225e-08,4.4501688776093775e-07,1.9276819207739184e-07,-1.3223554621815541e-07,8.369031870823528e-08,-5.712081997550233e-08,3.9571251980091356e-08,b'Detached',b'',8.602990076079527,0.1216012478854171,8.145190239959552,0.10149966155363543,7.700107957217606,0.101281500155321,7.794245712085138,0.23008745283513235,0.45779983611997405,0.4450822827419448,0.3509445278744099
b'2015 TS363',55.35152976,0.00623078,0.44182747,5.691e-05,14.60133296,1.377e-05,227.21790463,0.00732176,125.77453635,0.00041309,52047.55693139,0.92136839,30.89570334170816,0.0065567543037743335,32.45740819,0.00047163,32.75149766,0.00036689,23.48014964,0.06188369,9,13,20.69206,27.9597762134,16.9845697141,-1.5607384249,-0.4077884148,1.1727871948,0.3975513609,1.6302138786035504e-07,9.780187070005958e-08,-1.0900095591266486e-08,-6.112853355126521e-09,3.944206812723637e-09,2.4226570317018383e-09,5.8733542800998203e-08,-6.530525197683185e-09,-3.4013906518449236e-09,2.5330939707682565e-09,1.4388783079351312e-09,7.485907948486603e-10,4.788402553844205e-10,-2.1860254388104057e-10,-1.6915401353235896e-10,2.1961040514887063e-09,1.1125206567756783e-09,-1.9986625303117443e-10,9.104039868927688e-10,-1.1444877216494368e-11,4.732075928332116e-11,b'Resonant 5:2',b'',9.00258602992857,0.10892882467727182,8.28699035139987,0.0825413634532102,8.05504478572337,0.11478862756986687,7.964305627598781,0.1172379362099383,0.7155956785286972,0.2319455656765008,0.32268472380108665
b'2015 TW361',69.27498393,0.00391997,0.46810978,2.641e-05,16.68587667,6.684e-05,331.66481506,0.00676334,42.20772909,0.00010323,56597.05854063,1.26529268,36.84668660830766,0.003913413254653276,36.71740871,0.00020626,36.87865938,0.00018382,22.88602297,0.0388356,16,24,56.71565,34.6278762686,12.6627008282,0.7756998169,-0.3294669548,0.9401748028,0.7620246706,3.767055518621128e-08,1.3553706263475168e-08,5.388492979952279e-10,-5.2023972570784485e-09,-4.696514126662397e-10,8.795522393777223e-10,4.888828067111821e-09,1.9865247835397998e-10,-1.7763166724387303e-09,-1.350258044864099e-10,3.1778368232434404e-10,1.5731506101001286e-11,-9.164975323105067e-12,1.6818024390803005e-11,1.2911259330907236e-11,2.0328271944264742e-09,5.384099217974572e-10,-1.0360026648468794e-10,1.792630092861164e-10,-4.514288467527244e-12,2.32969579013611e-11,b'Resonant 7:2',"b'7,2,-2,0,1,0'",7.881627253430617,0.06264869816675954,7.15100106485375,0.051501766882253386,6.894833526640307,0.056867867926765917,6.778577497620377,0.0743340071596826,0.7306261885768647,0.25616753821344057,0.3724235672333729
b'2015 TX363',40.30263066,0.00374369,0.02426564,0.00018738,16.96821057,0.00014556,128.09896332,0.29370152,147.03879007,0.00104271,27965.29473885,79.00521942,39.324661552015286,0.008836622301030349,40.38033647,0.00085342,40.71101447,0.00064976,24.16665609,0.08366287,9,11,6.98837,34.0010235436,22.3029772862,-1.9733983927,-0.4980475043,0.8174716038,0.2117491271,5.138715427681938e-07,3.3025016863147853e-07,-3.4977950318910824e-08,2.9405720438004796e-09,2.204509895599405e-08,2.8212740079079663e-09,2.1239865105519132e-07,-2.247016972179618e-08,3.4151257587881363e-09,1.5201947946716634e-08,1.7206592586618988e-09,2.4391010780940537e-09,2.673370930590932e-11,-1.343694893553735e-09,-2.1890279231166234e-10,2.993264424681243e-08,2.072920267929194e-08,-1.8096540614358672e-09,1.5180488576903977e-08,-1.1376895331345509e-09,1.5819451233031195e-10,b'Classical',b'',8.583285670593606,0.17215877722418893,7.9133114128988264,0.11005005725732847,7.720300619922801,0.13286452436008625,7.52963688151476,0.18844226297266306,0.6699742576947837,0.1930107929760222,0.38367453138406477
b'2015 UK84',49.55678412,0.00176967,0.23889805,3.972e-05,23.59199879,4.844e-05,188.50916283,0.00832787,156.31173911,0.00013717,48861.24809482,1.52902186,37.71776496614381,0.0032567008313165594,39.23507732,0.00017979,39.42984594,0.00014624,22.70455606,0.023766,21,35,53.85027,35.0324280914,17.3281978138,-5.2129927244,-0.3451070171,1.0396656106,0.086039234,2.5583548310238927e-08,1.2497822146136103e-08,-4.052766005284353e-09,1.6476917586660572e-09,1.7057955343805413e-09,-2.562851237726153e-10,6.112657852362559e-09,-1.9800957187495513e-09,8.586426474861021e-10,8.605830180531326e-10,-1.3361755288491356e-10,6.464363427685863e-10,-2.603389249911616e-10,-2.697633644453324e-10,3.9073743672279304e-11,1.5166592527115055e-09,8.695760292873461e-10,-2.3996991366538423e-10,5.250855044791986e-10,-1.3757456708906006e-10,3.972139488468873e-11,b'Classical',b'',7.379615287316936,0.06227871000966587,6.642305165606841,0.05014243734102294,6.476387025229895,0.058294522799992594,6.180359409107263,0.054701003449415704,0.7373101217100987,0.1659181403769411,0.46194575649957753
b'2015 UN105',185.27378652,0.47731635,0.77650019,0.00056404,37.02407055,0.00012386,231.43160056,0.02619542,129.34984088,0.00054755,53129.7494988,4.91951188,41.40865686664495,0.21114864819078175,42.49569516,0.00412905,42.60082515,0.00276463,23.74346594,0.08354825,7,9,19.9122,33.3467145628,19.2119267788,-18.2682457009,-0.3657374108,1.2194095866,0.1474613115,1.0358682471396345e-05,5.89202857512375e-06,-5.883108231863681e-06,2.0966861548856342e-07,5.469015211056859e-07,-1.309021407847287e-07,3.3515253772541887e-06,-3.3463409633811594e-06,1.206816651774121e-07,3.119135645345706e-07,-7.525681108814632e-08,3.3413410015473913e-06,-1.1914377059373179e-07,-3.106381676164693e-07,7.434246574525756e-08,4.8859701406368744e-08,3.845407215987607e-08,-2.8007659605256745e-08,4.574110908905335e-08,-2.2490030253960874e-08,1.6124633818640035e-08,b'Detached',b'',8.43852222785985,0.18467485638503112,7.5894887959009605,0.15454882459052635,7.544167059458269,0.20912353331534544,7.230268627259802,0.3228145721912311,0.8490334319588939,0.045321736442693696,0.3592201686411593
b'2015 UO105',51.35100307,0.00578835,0.29079025,0.00010268,52.13688902,0.00015518,195.76004623,0.02806794,154.38382168,0.00022661,51165.98969598,5.01366755,36.418632256000365,0.009048202902024481,37.64396802,0.00068343,37.63191752,0.00048194,24.01395135,0.07321682,11,13,40.77176,30.5110091665,12.3212185759,-18.2599865412,-0.4332854522,1.020721088,-0.3185356826,3.037906566501766e-07,1.1897771321496418e-07,-1.88550721825781e-07,-2.5476360219257683e-08,-1.3568752008772014e-09,1.1500292632088476e-08,4.6646534256317e-08,-7.385614688334773e-08,-1.0149437359477483e-08,-6.351807195438154e-10,4.623539438919305e-09,1.1708326785540545e-07,1.5910601266691177e-08,8.947138373694156e-10,-7.227000251006318e-09,1.42741482713323e-08,6.079785032645517e-09,-9.115074206574004e-09,2.9539263002388972e-09,-4.061313822592662e-09,5.926855393144917e-09,b'Detached',b'',8.58248211922247,0.11492813088042826,8.176413380502533,0.09329165423720522,8.25974460308379,0.15086872438363375,7.906036046403154,0.17004793126486756,0.4060687387199441,-0.0833312225812651,0.27037733409937337
b'2015 VB208',91.43790718,0.03238825,0.62422481,0.00014182,35.65483636,5.209e-05,250.97165453,0.01058788,89.37496881,0.00027538,51452.7305179,1.3482143,34.360096744987416,0.025082137392401994,36.81465318,0.00067403,36.96520208,0.00045334,23.90098114,0.08686575,9,11,30.34908,28.9507620823,17.4155604292,-14.999259792,-0.037640453,1.1827294342,0.5533379373,2.7882978717384143e-07,1.6338900222391503e-07,-1.4957894106129352e-07,7.087618574531044e-09,1.6916250226275006e-08,1.543441500704276e-09,9.58073505367758e-08,-8.765904531491425e-08,4.492201032764036e-09,1.0130147784332355e-08,7.421769565368466e-10,8.029380540189958e-08,-3.7027914495673633e-09,-9.00282678670668e-09,-8.921884673295198e-10,9.636814683791068e-09,6.932445079579386e-09,-4.587695671078438e-09,5.515897494957627e-09,-3.0920693047917223e-09,2.2886480671912514e-09,b'Detached',b'',8.834060872664933,0.1275437877062674,8.174246961530828,0.10301808681869482,7.9263460772124485,0.1199997550284162,8.079889426368274,0.37042842799119924,0.6598139111341098,0.24790088431837998,0.09435753516255316
b'2015 VJ181',42.52619887,0.00113514,0.17953876,2.493e-05,37.39063106,3.104e-05,313.052502,0.01520772,80.21916483,0.00010581,61226.10007976,2.87666819,34.89109766108549,0.001941551316950147,35.05868692,0.00018316,35.20870513,0.00012356,22.61794233,0.02411705,16,26,74.70737,27.6916353428,16.3635619784,-14.3199192747,-0.2218458896,0.8708990273,0.7129085921,2.0650490007751136e-08,1.196388067763298e-08,-1.1141253699486607e-08,-2.7522375946221895e-09,-1.1285261148737255e-09,1.8245240728088307e-09,6.937713617909419e-09,-6.4561362557900455e-09,-1.5910947985808828e-09,-6.541057321340161e-10,1.0559705275729999e-09,6.0171862801415814e-09,1.487768143357034e-09,6.113383478049082e-10,-9.882435978786885e-10,1.5290577649484195e-09,9.18216270019907e-10,-8.009247056591672e-10,5.714364884630899e-10,-4.68712270632868e-10,4.3108295630805483e-10,b'Classical',b'',7.6941072813643405,0.04913625410656631,7.0847532051964865,0.034096543356562564,6.869873581516769,0.03997998903987579,6.691369312121273,0.06856438407861233,0.6093540761678552,0.21487962367971675,0.3933838930752126
b'2015 VQ207',147.93237324,0.03326951,0.78786283,4.656e-05,28.52993933,5.455e-05,240.30418966,0.00932805,117.53011946,0.00028103,56611.52555955,1.22573481,31.381954715235498,0.01394177515215337,31.55310215,0.0002695,31.45339041,0.00022152,23.90562501,0.08948661,9,12,27.4664,28.2923309781,5.8222588761,-12.4483363371,-0.1003643875,1.4672759965,0.2887319594,5.819079705621196e-08,1.1811433619642259e-08,-2.655987304320802e-08,-1.7305889128028856e-09,2.366687302787815e-09,1.2601766095118138e-09,2.4798834330573436e-09,-5.383497359727907e-09,3.5766566901978525e-10,6.384991792171922e-10,-6.329263563783284e-11,1.2156282717184597e-08,9.132800996693208e-10,-1.0505599493592369e-09,-6.426881358229831e-10,9.139546111295153e-09,2.0807660040927805e-09,-4.133687649181497e-09,6.181222023454526e-10,-9.19397242971186e-10,1.888309300024252e-09,b'Scattering',b'',9.546479488422912,0.10256805963789872,8.918648754067673,0.10243753757865162,8.641255130711327,0.09597146856720233,8.414464739373928,0.13088323667972912,0.6278307343552393,0.2773936233563459,0.5041840146937482
b'2015 VR207',79.34394335,0.01767225,0.53808554,0.00012276,26.63031286,0.00020572,156.68833165,0.01752128,196.61620225,0.00014033,50050.14299343,2.53496756,36.65011510505211,0.017640298979091692,39.27076496,0.00083023,39.64265241,0.00065019,23.91321238,0.09902362,9,13,39.84875,34.0565541912,19.9629147472,3.6294684678,-0.3498592349,1.16853976,-0.0906388546,5.140225097368616e-07,2.963251011748823e-07,5.19088522069076e-08,-5.444562671769928e-08,-1.4480626761224133e-08,-6.044019322375646e-09,1.7091537242830352e-07,2.9926891289379736e-08,-3.0874885422163415e-08,-8.02776373980535e-09,-3.434877168347562e-09,5.2955123014695335e-09,-5.518320759268981e-09,-1.4767531350731388e-09,-6.299456795840943e-10,1.9371096905115286e-08,1.0632002441022596e-08,1.9784328651980986e-09,6.5191922850013655e-09,1.0664654282511014e-09,2.2186704714737387e-10,b'Detached',b'',8.460667726877466,0.17027853922692518,7.964652512537294,0.14258976285843591,7.496107523036331,0.14699806347815791,7.267093214035315,0.17536066984559234,0.49601521434017587,0.46854498950096335,0.6975592985019796
b'2015 VS207',88.22695866,0.01343176,0.60277851,5.572e-05,1.20226894,7.471e-05,104.87239631,0.02158774,249.38397502,0.00971928,57015.60265555,3.18509257,35.04564383869817,0.01024664015974467,35.23758236,0.00041392,35.05575229,0.00041214,23.80907095,0.08324873,8,11,17.45846,34.9834696895,-2.2406447518,-0.2052507604,0.1018945788,1.2329690662,0.5259427646,1.7056008622962685e-07,-1.4626290497220388e-08,-2.503824534458836e-09,-3.0553679193450914e-08,7.760499447795242e-09,2.636191284014713e-09,1.3714934580677246e-09,2.365486926056685e-10,3.6957323224321707e-09,-7.425321473733295e-10,-2.2074702338006075e-10,1.1186335157790519e-10,9.079076123712242e-10,-1.3205108710420443e-10,-7.082144883082763e-11,2.826280447071089e-08,-2.2843529928238835e-09,-3.5737920537492616e-10,4.142521109842649e-10,1.155106835325646e-10,6.717420590985309e-11,b'Detached',b'',9.250989488444445,0.2049906921973042,8.254593242929156,0.09997015316151664,7.804339955226821,0.1061894510879893,7.370417970534939,0.10886357632011065,0.9963962455152837,0.4502532877023403,0.8841752723942209
b'2015 VT207',53.04688253,0.00701196,0.31439892,8.109e-05,37.36658634,2.953e-05,245.90079458,0.02819138,106.04165023,0.00032365,54744.61410584,5.35642342,36.36899981454793,0.009001144150858467,36.69777421,0.00076635,36.61346052,0.00054053,23.83542988,0.0787029,8,10,18.82739,29.3441542659,10.043766933,-19.4573597321,-0.1030739175,1.143758713,0.3087286636,3.727941547621783e-07,1.2029139643687663e-07,-2.563008745272841e-07,-2.401760065685617e-08,4.79943499641024e-09,1.944910964740679e-08,3.887891342214745e-08,-8.271154194395229e-08,-7.452366917675959e-09,1.6550470802525577e-09,6.08210512281995e-09,1.7628546367162161e-07,1.6564487058129656e-08,-3.274105001888194e-09,-1.343165974678612e-08,1.2696182052216572e-08,4.386578316901302e-09,-8.645618037008973e-09,2.054816329864281e-09,-2.8666075026666007e-09,5.93601320360488e-09,b'Detached',b'',8.843382046213131,0.1252866322190741,8.040843987855814,0.11193733020660714,7.812609089919745,0.13776232483891235,7.77074691651408,0.196640472984971,0.8025380583573171,0.22823489793606597,0.2700970713417306
b'2015 VU207',30.04438542,0.0002441,0.03626906,1.76e-05,38.92274761,2.68e-06,40.62363173,0.02385877,114.14600863,9.501e-05,79182.75710548,4.32576519,28.95470374850362,0.0005360883719441536,30.59490554,6.619e-05,30.77447494,4.148e-05,22.23468577,0.01564545,26,33,73.66306,22.4700899812,15.3201735916,-14.4033206369,-0.4380436322,0.9520530224,0.3937025354,2.316333993853685e-09,1.5575265979586908e-09,-1.5383146906557158e-09,-2.592974761850196e-10,-7.469157347579531e-11,1.778686514463787e-10,1.051963917653001e-09,-1.035734712980186e-09,-1.7861764142772313e-10,-5.593490032728928e-11,1.2308399451574039e-10,1.026092094977154e-09,1.7137357390037386e-10,4.9630982513863214e-11,-1.1982991612044594e-10,3.2798264950643333e-10,2.4588908481055736e-10,-2.159850744231603e-10,1.929952797603205e-10,-1.620810895610612e-10,1.4399173998930604e-10,b'Resonant 1:1',b'',7.7904056015089385,0.030634273419431094,7.329108517375053,0.024217888262142075,7.098736769995218,0.03296525765727176,6.934062285068956,0.045772576537251315,0.46129708413388754,0.23037174737983548,0.39504623230609587
b'2015 VV207',55.61789377,0.00485196,0.4072785,4.885e-05,29.35003261,2.78e-05,296.33437923,0.00870841,91.26939852,0.00035947,60525.96162051,1.36511758,32.96592142304148,0.005569147993655735,33.49137308,0.00032267,33.50441559,0.00024689,23.67878342,0.06899289,12,18,38.28348,28.8772633058,10.8955043865,-13.0360082792,-0.2732061574,1.0892697152,0.6227295622,7.714299458930673e-08,2.789285655963127e-08,-3.622250858181906e-08,-4.723023845601202e-09,1.7709982239617114e-09,3.40223924787105e-09,1.0110388340972392e-08,-1.3100025234896589e-08,-1.756405460775482e-09,6.029250475295871e-10,1.252908870154617e-09,1.703415932154499e-08,2.1867376689804436e-09,-8.440965858922377e-10,-1.5993493303388773e-09,2.6135922937471223e-09,9.92154100075104e-10,-1.1923662107060642e-09,5.798603238006811e-10,-3.9064177684108934e-10,5.847248035232652e-10,b'Detached',b'',8.673335214943984,0.08134711183627095,8.3511330705264,0.07991201083787428,8.055006227057133,0.07700194721670575,8.040493465172704,0.16013752742468854,0.3222021444175858,0.2961268434692651,0.3106396053536955
b'2015 XO480',42.21047638,0.00530694,0.19622656,0.00018422,52.29923272,0.00019761,264.44929037,0.06027038,70.03522769,0.00035907,50182.65175791,9.94577968,33.92765986491723,0.01152827454445713,34.94147,0.00069676,35.17458134,0.00041678,24.03917882,0.09162199,8,8,16.69442,23.4999537145,20.0850296464,-16.7807905579,0.0521838749,0.8177540464,0.7998126062,2.20863687172392e-07,1.812108200827388e-07,-1.6052536421377601e-07,-2.381704649986467e-08,-1.4213343531438481e-08,2.3143085384820023e-08,1.4885298513598583e-07,-1.3176330239705897e-07,-1.9815120009563833e-08,-1.1987627000640506e-08,1.9190970907249902e-08,1.1683186226466966e-07,1.695630761025211e-08,1.0039797066557408e-08,-1.666569144450961e-08,3.1656241235757343e-08,2.7694748222117115e-08,-2.1065532521938348e-08,2.4520241439616884e-08,-1.8216356565709953e-08,1.4342737544275046e-08,b'Resonant 5:3',b'',9.071725057892605,0.1579998493540491,8.624303535247952,0.11802606097113977,8.500915653084695,0.13319174533476735,8.125480598583502,0.2440462900263882,0.44742152264464813,0.1233878821632622,0.4988229366644497
b'2016 PK220',49.94561688,0.00755713,0.2438581,0.00020031,42.40879553,0.00019326,258.57208264,0.01513038,51.7989804,0.00017579,41440.2837508,1.88107088,37.76597365633944,0.015466436769886798,42.87641529,0.00065865,43.164454,0.00049441,23.75770072,0.07705214,8,10,21.63766,35.9884132195,22.6932693382,-7.2814648151,0.0192826564,0.624651127,0.8059623402,3.0489420105547575e-07,1.8814362677884837e-07,-6.359980498487966e-08,2.6344122291723507e-08,2.2807563708567864e-08,2.2616292167706836e-09,1.1620556938177065e-07,-3.921133381541824e-08,1.7147302939005537e-08,1.4632226155647553e-08,1.2431278076442889e-09,1.336245079656113e-08,-4.542447846410269e-09,-4.143321138608622e-09,-6.484269853594952e-10,2.2857647612082854e-08,1.5201971450587683e-08,-3.3661865397546394e-09,1.0232300892025102e-08,-2.1221454119148708e-09,6.479587983272443e-10,b'Detached',b'',8.070434305720747,0.1376726124734996,7.440204620839035,0.10289668171889313,7.138842545919166,0.1090743207350899,7.401715470936244,0.2804317234841792,0.6302296848817107,0.3013620749198675,0.03848914990278603
b'2016 PL220',76.71708504,0.00628695,0.59189945,3.452e-05,28.98696157,2.92e-05,296.75550408,0.01279864,74.63046547,0.00031645,60203.39397207,1.74224117,31.308284872357962,0.005129561187305308,32.19010729,0.00022118,32.00495932,0.00017458,23.88652105,0.06719272,9,14,33.64521,27.8317826233,2.8431602449,-15.5443152602,0.0666219673,1.2052386901,0.7056404786,3.6498573990692085e-08,3.797600728302796e-09,-2.1036625492529444e-08,-9.365483878990134e-12,1.2915467421907052e-09,9.476880678438743e-10,4.508117179545318e-10,-2.1744487678975527e-09,-4.5041399637187177e-10,2.2352566245523207e-11,3.221087500497385e-10,1.2187885597790215e-08,-4.017044213251925e-10,-8.280380310120269e-10,-3.6819680430815003e-10,1.0832612790883891e-08,2.2598743369743473e-09,-5.355627021995702e-09,5.317237927318704e-10,-1.0850352941811156e-09,2.6901039383668392e-09,b'Scattering',b'',9.317723111798719,0.16262070800735262,8.752425586489233,0.13209910853411688,8.55022902515728,0.15941572154678113,8.401212625121174,0.21029587585311146,0.5652975253094844,0.20219656133195327,0.3512129613680598
b'2016 PM220',40.14474888,0.00851213,0.16577713,0.00069163,23.14605584,0.00049436,329.72408565,0.34517306,351.76478239,0.00013176,51143.19480884,58.58378649,33.489667471540294,0.03469871070664094,34.51670586,0.00178174,34.31233565,0.00176953,23.23594768,0.09536038,7,11,9.87497,34.1702846637,-3.0869762791,-0.4456471168,0.174014664,0.7762783363,0.8285821315,3.157173281197285e-06,-2.3558846788250513e-07,2.3151464448949044e-08,-2.0841396177081015e-06,1.5200887390094526e-07,-2.1439243614047564e-08,1.7756557963703172e-08,-1.688207522524716e-09,1.539428065581428e-07,-1.1350006563286657e-08,1.538102195972864e-09,3.965541697915999e-10,-1.8164420475586336e-08,1.2766337520692146e-09,-3.6536084065991863e-10,1.4924229357155181e-06,-1.0690943895552439e-07,1.8701909470958112e-08,7.754847956066342e-09,-1.2881740495938516e-09,3.895988692866408e-10,b'Classical',b'',8.501239055697871,0.15772705366020817,7.769787881888464,0.14140726752284807,7.682901923090325,0.14895716228479833,7.349008850595629,0.13278525087035561,0.7314511738094047,0.08688595879813821,0.420779031292833
b'2016 PN219',42.22774839,0.0024546,0.14318227,6.968e-05,12.28293761,0.00012227,176.38763356,0.02687976,284.46721069,0.00075338,88443.67919772,8.13172997,36.18148353929237,0.004218633309467083,45.68403762,0.00063533,45.14112307,0.00051831,23.08107602,0.0529224,10,17,30.96848,40.1630265055,-20.5900510889,-0.8379081776,0.2638857001,0.7459953192,0.4348968643,3.163742865674646e-07,-1.6630217985881096e-07,-6.798304790779802e-09,-1.4296754061319668e-08,1.3553105936139286e-08,3.2979598103502004e-09,8.74728867168143e-08,3.57469612759178e-09,7.589807531056933e-09,-7.1827489728643854e-09,-1.7338281721548153e-09,1.8956605761988048e-10,3.506430073287753e-10,-3.1237762787506524e-10,-8.851613083255018e-11,5.829207360065899e-09,-3.1085016524104005e-09,-1.5076495042810976e-10,1.7951045504074232e-09,1.422006208742262e-10,4.423460351210572e-11,b'Resonant 5:3',b'',7.46838322949562,0.10047837227434368,6.523077536687554,0.08203644367305181,6.060168435778488,0.07906054066086715,5.862439721865369,0.07985924520440142,0.9453056928080652,0.46290910090907,0.6606378148221862
b'2016 PN220',45.4811497,0.0211901,0.18490871,0.00104578,7.05936855,0.000444,128.03649214,0.01829445,305.99676193,0.0032938,78311.26279144,19.52466004,37.0712891475184,0.06470692309603235,44.03658552,0.00256316,43.67890191,0.00240621,23.76813076,0.09584895,8,9,7.46258,42.1704539048,-11.3201435456,-1.1634601632,0.0604628632,0.8551009894,0.4538942649,6.183647904779619e-06,-1.5434805088174968e-06,-9.681780883711453e-08,-2.2702263956805054e-06,5.66775663938971e-07,3.5944889463979664e-08,3.859904581432865e-07,2.4297464388663898e-08,5.62008650224837e-07,-1.4071165294140216e-07,-9.004247066860834e-09,2.0384530958941425e-09,3.3096242092906615e-08,-8.364291141543483e-09,-7.788648902401916e-10,9.215701077660941e-07,-2.2644471392767216e-07,-1.2600999232856479e-08,5.588045483433143e-08,3.1707657065758303e-09,3.115034074846936e-10,b'Classical',b'',7.770402389805158,0.20271173868525705,7.18962607673482,0.14112547641968537,6.693646574794213,0.12991632046578835,6.605987602812474,0.12860436830067273,0.5807763130703337,0.49597950194061063,0.5836384739223524
b'2016 PO220',42.01619123,0.00325771,0.03003569,0.00040576,28.56388007,0.00031925,70.14000976,0.30404298,351.98996768,5.08e-05,75262.98188669,71.89822668,40.7542060460805,0.019578521879624524,41.74527996,0.00113624,41.50905134,0.00112425,23.14902007,0.05846336,8,16,27.55794,41.2717565,-4.3128773906,-1.0210518734,0.0550324677,0.603702718,0.7722234204,1.2783774657520829e-06,-1.276202942962157e-07,-1.769120240615207e-08,-4.2285023340816543e-07,4.3917332098471235e-08,8.740958778776301e-09,1.2858145566248042e-08,1.8173857950377017e-09,4.0951973236191686e-08,-4.350595553840365e-09,-9.191281132009145e-10,3.779574722518712e-10,4.393007241146344e-09,-5.220660751601666e-10,-2.1536138369630694e-10,1.7582535961560299e-07,-1.663960959694399e-08,-1.5654731865649856e-09,1.6623266876739116e-09,2.2236238264175232e-10,1.3815247861290884e-10,b'Classical',b'',7.604167296509887,0.0991582289080115,6.858910290619809,0.08369927767785612,6.77954599297219,0.09532615293303881,6.53505285940903,0.10421642782612747,0.745257005890077,0.07936429764761704,0.3238574312107822
b'2016 PP220',44.59580842,0.00440928,0.12018056,0.00023808,6.39181373,0.00027392,38.3769426,0.16030926,351.04300694,0.00032822,65486.31754722,36.32062732,39.23625918920132,0.014387124127318194,40.14687035,0.00107863,39.96796776,0.00107344,23.02571232,0.05810929,11,15,34.73182,39.8392018733,-3.0604578698,-0.9539594044,0.0181957853,0.9067940131,0.5187182223,1.15971655746119e-06,-6.760542323348315e-08,-1.4249256174014839e-08,-4.054355437358975e-07,2.458808879141254e-08,5.645079447132879e-09,4.16058438984597e-09,8.833762680691036e-10,2.266457919813818e-08,-1.500961533476215e-09,-3.563661139683293e-10,3.2258554830495503e-10,4.470053472688952e-09,-3.0999977928309664e-10,-1.3658466323298368e-10,1.5115423219292838e-07,-8.45101441799676e-09,-1.7088669904063322e-09,5.487723817363709e-10,1.2377759595573355e-10,6.02983660566854e-11,b'Classical',b'',7.8291885028885115,0.1641446214194909,6.94546133653172,0.11588172045190948,6.443479780133947,0.10747622634026553,6.25064022298128,0.09269944821524807,0.8837271663567889,0.5019815563977775,0.6948211135504408
b'2016 PT220',42.37337941,0.00269172,0.0814703,0.00012368,6.24212895,0.00010702,83.97777376,0.19078433,283.78090447,0.00192554,63086.32787371,44.57448025,38.92120744212553,0.007266465769262445,39.5644623,0.00072691,39.17557068,0.00066751,23.31632534,0.05464787,9,15,23.35909,37.4239149287,-11.5416788099,-0.9826391182,0.2569356793,0.9036285209,0.4501489943,4.839997052701653e-07,-1.4673680008566853e-07,-1.0055510346763055e-08,-1.5053590792077278e-07,4.736741402086825e-08,3.929717574317831e-09,4.47150337659739e-08,3.1143696709048995e-09,4.360143524807213e-08,-1.3944296122809883e-08,-1.2248853965233569e-09,3.171077179298695e-10,2.194632913193518e-09,-7.767105929264489e-10,-1.309217802411483e-10,7.588078252059571e-08,-2.1196966705740275e-08,-7.464073089651929e-10,6.092798973272604e-09,2.787750846429317e-10,5.741932979800793e-11,b'Classical',b'',8.484080536348516,0.14117263532544566,7.329961228586049,0.07434018580775863,6.938944838916344,0.08847914418023979,6.7249003014538555,0.08763512283859556,1.1541193077624672,0.39101638966970614,0.605060927132193
b'2016 PU219',38.30276833,0.0026246,0.04897595,8.118e-05,35.08074886,0.0002211,61.57013545,0.05360021,39.36034527,0.00011833,75165.00044536,11.44257201,36.42685385593365,0.004975234646185124,37.60217959,0.00055781,37.87091657,0.00046128,24.01742218,0.09518325,8,8,13.81613,33.8989313076,16.8839294862,0.0412705335,-0.3073013189,0.5050937113,0.8402505808,2.504231008770704e-07,1.2355261260220616e-07,-2.062742930045671e-09,-1.6596084712221902e-08,-1.959280401936186e-09,6.8110798914180685e-09,6.10403828385504e-08,-9.931019134197723e-10,-7.877874280994641e-09,-8.224385764365034e-10,3.363180824753529e-09,9.284586458440801e-11,4.732078891939492e-10,1.8804717704735578e-10,-6.582237236694109e-11,5.278280211091137e-09,2.2576061584623257e-09,-4.216613919763462e-10,1.1175433506930457e-09,-3.817376010431869e-11,2.0068394229507253e-10,b'Classical',b'',8.888528961378706,0.19327396337975727,8.153455819379102,0.10974908022929894,7.935519635997883,0.18464590515575777,7.800216011308896,0.38668499871063144,0.7350731419996025,0.21793618338121798,0.35323980807020605
b'2016 QA135',46.51340387,0.0053053,0.20703722,0.0002412,27.89822124,0.000223,127.5799157,0.03506196,173.20360925,7.465e-05,44400.47867287,4.36266336,36.88339804191965,0.015354300459704012,40.37674493,0.00043694,40.24455499,0.00043522,22.98825859,0.03965546,10,16,32.88979,40.1798313846,0.3219466992,-2.2586958233,0.154509492,1.0407846141,-0.0867071511,1.9002797085351819e-07,6.6531309471110085e-09,-1.1258183735243355e-08,-8.769082491841719e-08,-3.327563401380597e-09,5.261730993134803e-09,3.203413898873159e-10,-4.045237763697411e-10,-4.123404886141454e-09,-2.244480538364067e-10,2.577360444183078e-10,7.11727401789985e-10,5.443633709247413e-09,2.1717001132197367e-10,-3.51595790697574e-10,6.489863062204772e-08,3.5204809129757913e-09,-4.137006066264575e-09,2.343840123165589e-10,-2.3091630638870757e-10,2.801572812620444e-10,b'Classical',b'',7.860198072713027,0.19974009327901604,6.978132927287598,0.14361864995783236,6.625762096730304,0.19312729704705217,6.5905783591357245,0.20785761893477328,0.8820651454254252,0.3523708305573003,0.3875545681518802
b'2016 QB135',33.16778,0.00351716,0.10834255,0.00023138,14.99015002,0.00041169,324.98812438,0.20893887,192.14007546,0.00025415,86648.72594276,50.74107045,29.57429815222464,0.007613854603167322,36.46811666,0.00132406,36.39250754,0.00132021,23.726934,0.08063037,8,10,15.78272,36.338156981,-0.1187627149,1.9846530095,-0.0525214101,0.9777317643,0.1479373529,1.7481533509656021e-06,1.818705752975051e-08,1.058005032538709e-07,-1.802723769442106e-07,2.175608982267046e-08,-1.0026644677998877e-08,6.925618827495735e-10,1.1091200023708014e-09,-1.1176632007537017e-08,-4.944478610842646e-10,-6.837788359494126e-10,6.524414000748502e-09,-1.1089296814651534e-08,1.3035543737878186e-09,-6.820878866285528e-10,2.4386432545574876e-07,1.3679930122505167e-08,1.5056518715602318e-08,1.438278406170033e-09,8.666770366240239e-10,9.727334912228906e-10,b'Scattering',b'',10.109597281254507,0.5683909322878166,8.038777002423112,0.09704602449911005,7.580368224022186,0.12970636553144518,7.369500667529378,0.15344451097636994,2.0708202788313907,0.4584087784009299,0.6692763348937324
b'2016 QC135',44.26294128,0.00496665,0.12302879,0.00038969,8.72017879,0.00036386,70.73317824,0.31859459,149.53580154,0.00207532,15440.52463036,117.81705359,38.81732517168877,0.021233762919977278,48.6866069,0.00131479,48.70048849,0.00127146,24.15468546,0.10365154,8,10,25.3488,47.9534723982,8.3711083071,-1.4582899474,-0.0732034705,0.8172727318,0.2387987417,1.665469597993082e-06,3.215498687785106e-07,-4.512427887210376e-08,-8.199476600138929e-07,-1.6279427370842207e-07,2.1076878954369113e-08,6.238201048907756e-08,-8.682570259089355e-09,-1.623172229424208e-07,-3.241575764484488e-08,4.146179349096957e-09,1.4059740278707937e-09,2.118912227518161e-08,4.180196146903599e-09,-6.312609081857611e-10,5.396217837153653e-07,1.1072807076046157e-07,-1.2970171617671129e-08,2.2841986829426053e-08,-2.643873412921015e-09,3.6433878426991097e-10,b'Classical',b'',8.523881991286041,0.2325032797454547,7.406298035456816,0.1745402332420328,6.808250714391919,0.14305814219418084,7.050786469338968,0.245051990913129,1.1175839558292282,0.5980473210648976,0.3555115661178449
b'2016 QD135',47.32373479,0.00304157,0.13891574,0.00018646,27.44485589,0.0002145,201.60696715,0.13678064,139.03927409,0.00058924,50408.34720492,32.43824085,40.74972336289749,0.010980968262440032,41.36265852,0.00080064,41.33877261,0.00069612,23.20072083,0.05234005,12,18,36.50866,38.5500944173,8.9992924832,-11.907857746,-0.1487556442,1.0237666806,0.0833713555,5.499721638418526e-07,1.399612145136967e-07,-1.7480169542894417e-07,-1.9867172780550378e-07,-5.0262301268042653e-08,6.302997501443128e-08,3.579202776559175e-08,-4.4491539562300156e-08,-5.229072195442725e-08,-1.3375271376147356e-08,1.6596460913389988e-08,5.5642468127465885e-08,6.314985670233443e-08,1.5980201308344182e-08,-2.007969172454833e-08,1.0433016761787339e-07,2.8317661268659068e-08,-3.316205482599205e-08,7.79488099514906e-09,-9.006049882483029e-09,1.0572091599384458e-08,b'Classical',b'',7.679233621268823,0.10678800788309556,7.058474333333118,0.09930555262759898,6.942514284662293,0.10767377370274388,6.828182509209546,0.12832333305238233,0.6207592879357074,0.11596004867082503,0.2302918241235747
b'2016 QE135',42.46168661,0.00301271,0.11208701,4.224e-05,27.12610635,0.0002285,335.74684109,0.23209871,38.79235648,0.00023461,58288.63894766,51.66395558,37.70228314972471,0.004456001335173394,37.57459774,0.0005389,37.71174418,0.00048616,23.33752301,0.05809758,12,17,32.72072,35.8488495343,10.9511913923,-4.1360661717,-0.1384438954,0.724495391,0.7882949708,2.5876718511277734e-07,8.706808291221121e-08,-2.484251424248239e-08,-1.0395379680054142e-07,-3.4966741100698564e-08,9.848256706180512e-09,2.9434071974398023e-08,-8.238878948104114e-09,-3.7832786198897765e-08,-1.2843972077564003e-08,3.4544940029150798e-09,2.6887505620402652e-09,4.460991000490446e-09,1.3407627322697956e-09,-7.067722745121406e-10,1.7101022688744501e-07,6.128491148368166e-08,-1.0291057598835061e-08,2.2009943103779487e-08,-3.646482085409e-09,7.037532226322111e-10,b'Classical',b'',8.014063981502227,0.11366420810258121,7.635259270121859,0.09994182915941863,7.339970887355674,0.08851080323949335,7.342604884047697,0.11409411782980348,0.3788047113803677,0.2952883827661828,0.2926543860741599
b'2016 QF135',48.62571779,0.0024894,0.24740388,4.889e-05,27.65592717,0.00027549,333.51909378,0.07309958,48.73783581,0.00036769,59137.0712896,14.62565891,36.59552643151816,0.004215151106060146,36.46472112,0.00073951,36.67898477,0.00063051,22.69188861,0.04411066,9,12,24.9008,33.8407503058,13.2568519367,-4.9403865147,-0.2225089262,0.7800995224,0.8273115737,4.5362563437199544e-07,1.9776656725118158e-07,-5.685416911130644e-08,-1.727529137785297e-07,-7.529106972613609e-08,2.2421447017700867e-08,8.631957282649125e-08,-2.4780043845009192e-08,-7.557556288834597e-08,-3.299379457063753e-08,9.798854518217634e-09,7.214855085930072e-09,2.1358402176794607e-08,9.302550166227355e-09,-2.8269857717649316e-09,7.28187348485954e-08,3.193561391301188e-08,-9.121400324586347e-09,1.40398146844533e-08,-3.9931546854965e-09,1.1811383525244194e-09,b'Detached',b'',7.720204144021762,0.07726718033560469,6.874181484310549,0.08272416700522464,6.646699083356777,0.0865077431602742,6.803799795979915,0.12142613783833345,0.8460226597112143,0.22748240095377245,0.07038168833063206
b'2016 QG135',47.33346338,0.00197209,0.16485829,0.00011126,23.56767019,0.00017684,88.16022387,0.01675889,37.20956316,0.00020965,88985.08735677,8.3333474,39.53014931407993,0.006521508440469888,49.27165988,0.00039331,49.33006373,0.00036203,23.29580766,0.05757048,13,21,43.02749,47.2522769694,13.7675390867,-3.3365215442,-0.2678552273,0.5668880324,0.6119025959,1.418077404754003e-07,4.1485673954089306e-08,-1.0269748212477766e-08,8.208451366550255e-09,4.055779922986433e-09,1.1203974041821912e-09,1.2163826434505005e-08,-2.9981142398876693e-09,2.67189357858808e-09,1.2630634633371196e-09,3.0906005192402384e-10,7.695018535769279e-10,-3.274376394957532e-10,-2.1550027440739069e-10,-1.0235669808984779e-10,1.124157878202404e-08,3.38468602385771e-09,-6.837564629649937e-10,1.0468899624806341e-09,-1.8714564062310671e-10,6.962747297500128e-11,b'Classical',b'',6.652959796301348,0.05691388725405332,6.345042712262556,0.07442342653713853,6.113228175652152,0.07651210249789665,5.994195060877475,0.08881252465739724,0.3079170840387931,0.2318145366104054,0.3508476513850826
b'2016 QL134',43.71864087,0.00306045,0.0439949,0.00010812,8.89916273,7.987e-05,301.11407357,0.1697051,125.56707273,0.00165189,70693.76668686,43.7709703,41.79524359867327,0.00537316276476788,42.26777989,0.00076829,42.41296517,0.0006881,23.98836565,0.09449677,9,9,14.45378,40.0428991394,13.9594227138,-0.7485725288,-0.3281997991,0.8628378792,0.3281080431,5.23029113333198e-07,1.8730276986093048e-07,-9.949924677468307e-09,4.379000181782345e-08,2.7480535023184328e-08,3.0821757275567645e-09,6.718705127799901e-08,-3.5468313198485647e-09,1.6590935431602573e-08,1.0154659738538505e-08,1.0871026186832935e-09,2.4966190176300864e-10,-5.319997615827434e-10,-4.1436549058921384e-10,-7.679849600256997e-11,2.0014856678453636e-08,8.178381431336501e-09,-4.48125166433272e-11,3.580197722094415e-09,5.293016019547419e-11,4.4514310776886917e-11,b'Classical',b'',8.896336574522065,0.23527156678724656,7.683155994974699,0.12823971216657729,7.0725960832275465,0.10644773393563699,6.924972321149069,0.16938982109168121,1.2131805795473691,0.610559911747149,0.7581836738256289
b'2016 QM134',44.07363883,0.00331234,0.03026468,8.098e-05,4.54517691,8.43e-06,96.08945422,0.3925429,108.63713496,0.00331827,6271.41243511,127.73341865,42.739764040385914,0.0009998388402553931,45.25847927,0.00079315,45.39618869,0.00072222,23.94546563,0.09579713,8,11,28.19317,43.1652633022,13.8975651169,2.105154603,-0.2726283083,0.8059531178,0.3475040585,5.709773731437369e-07,1.805857768643179e-07,2.550492393555191e-08,-9.787612130049068e-08,-1.662940071208165e-08,1.473803926294509e-09,5.7223752361508835e-08,8.094978680505632e-09,-2.9728067060603197e-08,-4.882626474049907e-09,5.186837905360619e-10,1.1878320651540781e-09,-3.869933763682108e-09,-5.864145720340702e-10,8.178745160417465e-11,3.8926753104370724e-08,9.748190469709867e-09,6.947616891140897e-10,2.651718408925803e-09,2.523511202627171e-10,6.200754719750567e-11,b'Classical',b'',8.371033004506911,0.31416306502221003,7.3609346147324946,0.14605320320371978,6.7569547996112735,0.12805795257410857,6.625883336447698,0.1525522411696797,1.0100983897744176,0.6039798151212221,0.7350512782848013
b'2016 QN134',43.69934761,0.00309194,0.15469632,7.005e-05,5.74104554,7.448e-05,281.62766783,0.01887392,130.49639393,0.00156133,65713.30693423,3.67733514,36.939219356268275,0.005548403213313056,37.95606479,0.0004614,38.04831915,0.0004349,23.89561338,0.06786282,11,17,32.04719,36.8510217528,9.4612423163,0.4020941497,-0.3455737662,0.9572656652,0.3708263602,2.0081215001859113e-07,4.971168657293465e-08,1.0046834590207565e-09,-1.686260122597692e-08,1.9110458285687217e-09,2.1191719721898524e-09,1.2352788790213671e-08,2.5484777703313226e-10,-3.932368342928013e-09,5.283651732414995e-10,5.278066361314676e-10,3.5056737476266185e-11,2.4922211424346186e-12,3.294284424397268e-11,2.2640837402909465e-12,4.8507947716223364e-09,7.626114053666256e-10,-1.3310694995074936e-10,2.775545415667359e-10,3.2233322899322084e-11,3.355273845565063e-11,b'Resonant 7:4',"b'7,4,-3,0,1,0'",9.209524678612597,0.1773214859257276,8.009298715996577,0.07977155799432722,7.66905011118431,0.0993135749001849,7.453369508736033,0.13195048693340738,1.2002259626160157,0.3402486048122672,0.5559292072605431
b'2016 QO134',43.6455107,0.00529789,0.29318251,8.096e-05,16.94072912,0.00014651,173.0569206,0.0141336,174.52948127,0.00020449,53024.91170547,2.04133809,30.849410473789064,0.007208783874044521,31.5989516,0.00051752,31.69331837,0.00047918,23.96434306,0.09243319,8,11,28.9338,30.4734314205,8.7071078712,0.1505963349,-0.2105754136,1.2339229562,0.1480342697,2.466289231355263e-07,7.22974531146787e-08,9.394902576307206e-10,4.455956659054948e-09,1.4049902058093853e-08,2.066970126624676e-09,2.132375756297729e-08,2.9210049435758867e-10,2.0709695092138372e-09,4.322773176430413e-09,6.057433283110408e-10,3.217411793603923e-11,1.4167158340841733e-10,8.722428283859812e-11,4.854995292487877e-12,5.80327202012296e-09,1.79906112230062e-09,3.5797174359263984e-11,1.2289352878955028e-09,1.1733321179208856e-10,2.7826886819390644e-11,b'Resonant 7:4',b'',9.357379204167033,0.14186140672779227,8.966145316325795,0.11147466119901911,8.655091495967964,0.15156829032528976,8.717971368284806,0.18831788947612166,0.39123388784124324,0.3110538203578274,0.2481739480409871
b'2016 QP134',93.15116839,0.0642067,0.63085312,0.00032798,24.4199542,0.00032387,270.04647041,0.00575063,171.53588916,0.00013816,74953.91722194,3.15149525,34.38646306511338,0.05423558139853166,51.52411688,0.00060849,51.37326134,0.00060613,23.35500446,0.05360228,12,18,45.94588,51.2744545444,0.5683213203,-3.1335765996,-0.5338745723,0.9105576662,0.0207046316,3.6880211636574053e-07,7.067431986255952e-09,-2.2780619013842416e-08,-1.0166317349863521e-07,-3.2307362441877257e-10,6.056659954752458e-09,2.374698835108074e-10,-4.3964050565003913e-10,-2.8238534920814072e-09,-9.599437180712449e-11,1.7520957383337212e-10,1.494553250780003e-09,6.461649998640762e-09,2.977481075358551e-11,-4.288903895327525e-10,7.765944783970511e-08,2.777127804635558e-09,-5.024189803420005e-09,1.7263194536411799e-10,-1.8699492260460045e-10,3.5302318249753903e-10,b'Detached',b'',6.810743880677121,0.09434745767906676,6.166973046444804,0.06579914098802639,5.984084534393476,0.08163255428705751,5.950415086463016,0.12889585337714077,0.6437708342323154,0.18288851205133158,0.21655795998178978
b'2016 QP85',59.80674324,0.00552678,0.33432574,5.288e-05,15.61471593,2.173e-05,278.59057581,0.03491364,121.30894164,0.00076937,58280.21323225,7.64893534,39.81180978849948,0.0068250981558509415,39.41540087,0.00050089,39.83664352,0.00036213,23.69259393,0.07117761,9,10,22.85703,31.0346885943,24.9623921711,-0.8277967844,-0.6867764632,0.8344762483,0.394495568,1.524177516397355e-07,1.2237341760258695e-07,-5.302486181717436e-09,2.607208234487652e-09,9.592296225471425e-09,1.7939542613477718e-09,9.839631855387661e-08,-4.234860168969886e-09,3.3809589702844464e-09,8.75698255611771e-09,1.4060882114798684e-09,2.222689230306326e-10,2.305144626313861e-10,-6.556825069918625e-11,-8.28524223409329e-11,1.771797465156399e-08,1.4890051244309658e-08,-4.46084436148093e-10,1.2900386683166139e-08,-2.8480161081890263e-10,5.0204113833437285e-11,b'Detached',b'',8.590741334223344,0.15432840880298085,7.552967143369026,0.09199825398245964,7.270055227515586,0.10102048161752998,7.005604062391653,0.16279575708761673,1.0377741908543234,0.2829119158534362,0.5473630809773722
b'2016 QU89',171.52597389,0.02690367,0.79449225,3.177e-05,16.97565509,4.006e-05,303.34140306,0.00550111,102.89849485,0.00032797,59260.78729567,0.8510536,35.24991665871155,0.010972754967505794,35.15881134,0.000198,35.57979445,0.00014371,23.53105707,0.05440443,15,21,45.07188,27.9194108651,22.0335613268,-0.9749077094,-0.8742780634,0.928118946,0.604826343,2.420843440531931e-08,1.9022511869827743e-08,-1.0372126578588143e-09,-1.3486325768029683e-09,2.501219817184227e-10,4.894167679747057e-10,1.4984884709314427e-08,-8.099496180358384e-10,-8.706459620816402e-10,3.528133992357117e-10,3.8068673036290085e-10,5.901206632560258e-11,1.191569769796931e-10,4.1437780944072154e-11,-2.5197829934138612e-11,2.1835804507849644e-09,1.7709100813854539e-09,-7.284814966551732e-11,1.5242131501198033e-09,-3.366505812100925e-11,1.724443661401975e-11,b'Scattering',b'',8.698977280142463,0.08456462568391727,8.022935703941242,0.08406884624613649,7.690830157096412,0.10839353766845936,7.406402759126044,0.17972038329123233,0.6760415762012233,0.3321055468448311,0.6165329448151984
b'2016 QV134',42.28659601,0.00578764,0.18314818,0.00011791,7.95273888,5.239e-05,294.70242688,0.09249043,120.5348025,0.00305899,63680.20253169,16.70541073,34.54188308996105,0.008041651578982938,35.12847841,0.00074285,35.41037985,0.0006353,24.3195858,0.10549016,7,7,17.45288,32.4144815692,14.2274859256,0.880357781,-0.5255181129,0.9307313958,0.3942505718,4.646690267010649e-07,2.0236564004479078e-07,1.0153349014560533e-08,5.989628807056166e-08,5.752512527288021e-08,1.2811483773171902e-08,8.821503751106232e-08,4.4228861066011075e-09,2.6051760163480403e-08,2.49841651772306e-08,5.576921112340343e-09,2.923156068638581e-10,1.2965298072050788e-09,1.2498098415639419e-09,2.366867861304253e-10,6.40552767400392e-08,3.71947264614067e-08,4.799271624802876e-09,2.295246076739486e-08,3.251887334208231e-09,6.004301951451453e-10,b'Resonant 5:3',b'',9.326954106775213,0.16620575271355498,8.79442888941252,0.1228875338806656,8.624571508410598,0.2228574350704396,8.707996408793553,0.623276851798824,0.5325252173626912,0.1698573810019183,0.08643248061896742
b'2016 QV89',171.62588413,0.04335335,0.76719501,6.716e-05,21.38753829,6.429e-05,281.08636652,0.00423653,173.21507944,0.00018282,69914.62109715,0.29942819,39.95536270126049,0.02159201882953308,48.99690083,0.00032279,49.42764142,0.00023318,22.99026539,0.03039638,21,27,45.30226,38.5273589892,30.9597191148,-0.4797268167,-1.0391295559,0.5339779553,0.0652462254,6.269903819928315e-08,5.099131094125167e-08,-1.0338899538891599e-09,4.91046735746751e-10,2.3912313487078767e-09,-4.052556767566268e-11,4.1494553711676316e-08,-8.409752697192889e-10,5.422332584107632e-10,2.0625872549758445e-09,-3.548785530073436e-11,2.682286026656113e-11,-9.176859717265347e-12,-4.034447957638624e-11,-2.361376784308129e-12,2.302214476671214e-09,1.9917505460583504e-09,-4.1226740351861496e-11,1.7894569529240301e-09,-3.668364989628289e-11,3.460973878098999e-12,b'Detached',b'',6.498753426774753,0.04498935165458063,5.949102651972529,0.03410213886395759,5.666165414633825,0.04401074239390681,5.546993949841783,0.09320717509183626,0.5496507748022251,0.2829372373387017,0.40210870213074723
b'2016 QW134',41.90742644,0.00320905,0.06322131,0.00032382,22.86087195,0.00063056,346.58934235,0.74827831,52.85630711,0.00114152,63168.02974948,179.29489596,39.257984159267224,0.015444601350418303,39.27031638,0.00146428,39.45773753,0.00125825,23.96895962,0.11313568,7,7,15.75241,36.5037650139,14.4820938998,-3.8284653301,-0.249047213,0.7381066648,0.6734719789,1.797276116682901e-06,7.726257056501842e-07,-1.6241814054831203e-07,-8.676676241875018e-07,-3.7558471011201663e-07,7.670714938745091e-08,3.325954502804683e-07,-6.975798811949242e-08,-3.763782921000919e-07,-1.6319575843319927e-07,3.320229839935567e-08,1.5117717525923894e-08,7.384630532189053e-08,3.192831691859731e-08,-6.839417170239315e-09,6.217974096176519e-07,2.71138576395977e-07,-5.0218468063389025e-08,1.1843295687645056e-07,-2.187220031125505e-08,4.289862699506954e-09,b'Classical',b'',8.498487525949068,0.185666347250569,8.023335360611737,0.15875566366228913,7.778923469515272,0.17765451068700078,7.167687551279046,0.21926832260248263,0.47515216533733484,0.24441189109646758,0.8556478093326897
b'2016 QX134',43.80156757,0.00626785,0.09724936,0.00044247,10.88653825,0.00010127,154.68901597,0.03672618,261.20240135,0.00168792,79037.81417531,8.85637614,39.541893302142405,0.02443940168650272,43.56895923,0.00132809,42.99808395,0.001043,23.11136244,0.06045243,10,14,22.82856,36.9724901428,-21.9195721089,-1.184294949,0.3782029864,0.7978454485,0.3957400485,1.3126434603734954e-06,-7.695494864306249e-07,-3.121912565316143e-08,-3.2765988076146594e-07,2.008135624919772e-07,1.1211488594411747e-08,4.514862329413225e-07,1.8377545768387385e-08,1.889573218961189e-07,-1.1617797029061861e-07,-6.585137467988325e-09,8.778132362743528e-10,6.578347959252069e-09,-4.150513453705639e-09,-3.2150534987251226e-10,1.33642813200399e-07,-7.686024571336141e-08,-2.6059703566526807e-09,4.454131214984935e-08,1.6161433492447394e-09,1.249643073282237e-10,b'Classical',b'',7.661852169825581,0.18804867268119732,6.746572284116587,0.08873264157139767,6.589406591832519,0.10453213562674411,6.331512441250537,0.09954164328718562,0.9152798857089969,0.15716569228406813,0.4150598428660466
b'2016 QY134',44.26719788,0.04196603,0.15741635,0.00204752,10.42290477,0.00029619,125.36360681,0.20535133,280.09808186,0.00260538,73740.79504194,15.51774848,37.298817315240846,0.1259432535440497,41.59776293,0.00644263,41.07967306,0.00528235,23.57958027,0.07021102,7,11,17.17501,36.481870255,-18.8174364774,-1.5864316754,0.2995761346,0.8529525247,0.4629146745,3.316374779894791e-05,-1.661942733044148e-05,-1.0574155046979852e-06,-1.0233030777440274e-05,5.22660891337745e-06,3.75923753544168e-07,8.328898138270506e-06,5.299773603991301e-07,5.125652641537486e-06,-2.6182511247292464e-06,-1.8838454810117565e-07,3.392676061021489e-08,3.25100526894087e-07,-1.6613323476326078e-07,-1.2068848827892132e-08,3.198132531938449e-06,-1.6305455398464216e-06,-1.1605395467663381e-07,8.31589052825108e-07,5.927159768943009e-08,4.309271778852867e-09,b'Classical',b'',8.053213911218362,0.12170537501691259,7.3284794003800275,0.10212395933923617,7.114267765573784,0.10582057577658976,6.711777142382028,0.11726671672393746,0.7247345108383366,0.2142116348062417,0.6167022579979942
b'2016 QZ133',47.78899083,0.00434343,0.10444322,0.00019038,12.0401239,0.00017002,133.75500475,0.03447365,136.37041095,0.00103015,28962.79870203,13.78561625,42.79775481040476,0.01223730468205746,47.91320231,0.00080548,47.86266649,0.00077451,23.55141837,0.08110344,10,13,14.29331,46.9485566295,7.8501886472,-5.0042394334,-0.0251334521,0.8772461487,0.2333168666,6.228452765812415e-07,1.0779086347141058e-07,-6.748773215252792e-08,5.096310432540233e-08,2.004879870392204e-08,-2.687070098482496e-09,1.874893362363671e-08,-1.166768411444132e-08,9.912605727048286e-09,3.6387558401403027e-09,-5.839808110059018e-10,7.362814405718211e-09,-5.229007666366548e-09,-2.1215641101924173e-09,2.398367329603343e-10,2.9528798716757646e-08,6.0141025315436556e-09,-2.9861430295514736e-09,1.4182097822956209e-09,-5.638886324441377e-10,3.31685951536868e-10,b'Resonant 2:1',"b'2,1,-6,0,1,0'",7.890709395482881,0.19393129343125035,6.756269079703602,0.11221793967334377,6.27487749110111,0.11076294624789815,6.266108871739627,0.14958866789061723,1.1344403157792804,0.48139158860249553,0.4901602079639711
b'2016 QZ134',42.80971104,0.01099962,0.12452843,0.00080587,20.77678208,0.00076576,77.07988284,0.0407799,6.99342024,0.00026144,77874.63907391,12.38023132,37.47868487607867,0.04369011206865527,41.93052007,0.0020132,41.80543258,0.00200687,23.92160156,0.11161858,8,9,28.51313,41.722489635,-0.1225941233,-2.629262676,-0.0753763334,0.7024076193,0.6846112753,4.043512446368557e-06,6.858286206418871e-08,-1.9549337878292008e-07,-1.3990229812096433e-06,-1.863570029629352e-08,7.48783483241638e-08,1.9089159665410265e-09,-3.1175698040444293e-09,-2.8815471245542812e-08,-8.695785420941383e-10,1.316940140833096e-09,1.0187345587184626e-08,6.269344757974102e-08,6.34961120641092e-10,-3.85489256711448e-09,6.09757232956443e-07,1.3244065387660358e-08,-2.7033140222388768e-08,6.169000546031439e-10,-4.06979552385752e-10,1.5604353534178538e-09,b'Classical',b'',8.568147054209968,0.23026832991542467,7.659183766312077,0.1311887523539476,7.105790520668554,0.14488374048608793,7.379908704766807,0.2820083269464758,0.9089632878978935,0.5533932456435235,0.2792750615452732
b'2016 RA82',43.15587029,0.00252636,0.08479676,0.00038274,12.36715728,2.199e-05,160.2606215,0.05472817,124.93140518,0.00165462,29516.08801212,26.32566634,39.49639229086336,0.017282567044213357,43.55320793,0.00056238,43.89928349,0.00042808,23.82678139,0.07857998,7,12,23.79639,36.5422091607,24.3251833402,0.3154303494,-0.4277145129,0.7795246295,0.3071773487,2.2309876627336477e-07,1.4412514744344658e-07,-2.8373066649763033e-10,-5.8419835482503835e-08,-2.7757065187356663e-08,2.819414993806035e-09,9.33661168105768e-08,-1.2764758451222288e-10,-3.355496829115481e-08,-1.5325602251529722e-08,1.7898534267635359e-09,5.5852813052609626e-11,1.2273236996983822e-09,7.532066735909668e-10,-1.299997085504238e-11,1.02251937843563e-07,6.138908649486334e-08,-1.398769017172875e-09,3.71838037427358e-08,-7.619237507914541e-10,7.336705917335823e-11,b'Classical',b'',8.478519919774618,0.23366133221701474,7.5147054601720935,0.11611565988482718,7.25370660063693,0.13778420329979074,7.827413671288136,0.7196952804673693,0.963814459602523,0.2609988595351621,-0.31270821111604247
b'2016 RD82',45.54663146,0.00334949,0.14499018,5.756e-05,25.07857274,3.705e-05,289.63473409,0.05938678,78.54874554,0.00050804,60278.91570241,13.58116915,38.94281714101246,0.00535460720299483,39.23186778,0.00066953,39.06056394,0.00055849,24.02666675,0.07557022,8,10,23.91265,35.3670838244,4.4866138906,-15.9614326742,0.0668777547,0.9551946289,0.4891443448,3.645118070151371e-07,4.810129282073043e-08,-1.6828720975347077e-07,-1.4607848582364387e-08,4.444349050289038e-09,1.09549844993146e-08,6.418218666616206e-09,-2.219827848810839e-08,-1.3507600375060467e-09,6.623320966094859e-10,1.1919534328625216e-09,7.776212647660081e-08,7.0811612557203725e-09,-1.9974890428986453e-09,-5.225778309402071e-09,1.6996799654772405e-08,2.432814552852824e-09,-7.676827962461112e-09,4.845288811740886e-10,-1.0188091744223054e-09,3.538994801475195e-09,b'Classical',b'',8.8998084264762,0.16980451647208716,8.113751550609868,0.11895817948009031,7.828024662529836,0.1724877019449418,7.516487798284826,0.1840344547258992,0.7860568758663306,0.2857268880800338,0.59726375232504
b'2016 RF82',64.8834534,0.00566127,0.44386982,5.38e-05,39.43600926,7.423e-05,273.88615606,0.01358303,109.80759478,0.00023188,63507.84435165,2.22715097,36.083646658681346,0.006406492840486806,38.20809917,0.00044011,37.89370693,0.00032199,23.66205483,0.07648387,12,18,33.71088,30.3259416768,0.8143909393,-22.7069824847,-0.1073496128,1.1856504107,0.2445840641,1.212032923499679e-07,3.3524802290507957e-09,-9.374015522968714e-08,8.851852499164296e-09,5.0076579607856694e-09,-6.07179683453055e-09,1.3663055125406748e-10,-2.592511059754521e-09,4.515233836219663e-10,1.4051986934518174e-10,-3.255305035307832e-10,7.255669207481606e-08,-6.8331055609069194e-09,-3.871994559674461e-09,4.662345376637869e-09,5.766107270257736e-09,7.826424994377219e-10,-4.34523238672367e-09,2.5115378681170014e-10,-5.688278250575735e-10,3.2941764202704124e-09,b'Detached',b'',8.288682881076786,0.10002792053868126,7.7967967929794515,0.0985094027800099,7.530301692016691,0.10587324183251878,7.3562365581549525,0.1922144100655582,0.49188608809733153,0.26649510096276074,0.4405602348244993
b'2016 RG82',42.69332442,0.0043142,0.02424849,0.00015292,3.55802183,4.43e-05,323.67146195,0.30136963,84.00059737,0.00538889,70248.61240535,79.46606152,41.65807597094724,0.009533758488353732,42.12193402,0.00103913,41.98037572,0.00103537,23.72578056,0.08735948,8,9,10.90998,41.9001578141,1.1598991144,-2.3202057951,-0.0200664634,0.8944666056,0.3960800069,1.07609522704976e-06,2.5835775932038866e-08,-6.302001744591013e-08,-4.917242998375229e-08,2.023499474232597e-08,1.2377677757567026e-08,7.138060961066876e-10,-1.5036801809023607e-09,-4.0403073630826117e-10,4.930268270069023e-10,2.597384692023114e-10,3.768049433360338e-09,3.224138306834845e-09,-1.1688319941267114e-09,-7.711423560816426e-10,3.1422414080119425e-08,4.532846310202321e-10,-1.969638087742884e-09,4.786597019942604e-10,1.6638527673040177e-10,2.4315273572089185e-10,b'Classical',b'',8.737055166594287,0.23928732499870944,7.4457391959378025,0.09714240457554296,7.073534194319665,0.09190989379732406,6.9629475393155875,0.15554367581184023,1.291315970656478,0.3722050016181432,0.4827916566222158
b'2016 RH82',44.06753357,0.00344356,0.0521164,0.00015447,2.42245964,1.284e-05,203.96408281,0.12442129,91.60091238,0.00880861,39546.97829262,29.9505965,41.770892289089204,0.007100674765933353,43.13961622,0.00086416,43.01802467,0.000863,23.52729741,0.06539044,9,11,26.10529,42.9722045689,1.4539493134,-1.3513373648,0.0269574509,0.8904732267,0.3835756624,7.463523060023315e-07,1.576793849929912e-08,-2.813826083926763e-08,-9.223539414573967e-08,1.2198190844580122e-08,9.531623190460217e-09,4.738209253597046e-10,-5.946945749854301e-10,-1.906897984842513e-09,1.9566337533584116e-10,2.0105392295239714e-10,1.200780305714273e-09,3.4954274484769576e-09,-4.582458042075524e-10,-4.2436248080111197e-10,2.9457046740586054e-08,-1.4554331752104848e-10,-1.435461420229172e-09,3.416813763810634e-10,1.3605994393928671e-10,1.6467112721575507e-10,b'Classical',b'',8.62333626189823,0.3655715479752605,7.565442895354051,0.15660135775127632,6.842843301171625,0.13236211006299337,6.910977601838395,0.14745871035965974,1.0578933665441754,0.7225995941824261,0.6544652935156567
b'2016 RJ82',38.50564408,0.00178949,0.09721897,0.00010689,55.8755939,4.383e-05,351.91139793,0.02042489,79.69751579,0.00027515,77636.91595857,4.14630885,34.762164996904254,0.004590805797460544,38.8247617,0.00046218,38.45005275,0.00036823,23.72010421,0.07137605,7,13,33.57297,19.1674802697,1.1928428181,-33.310529604,0.2506195726,0.9389759906,0.2916891179,4.927093785473773e-08,2.560669450084435e-09,-8.993323186441097e-08,3.2489274329322546e-09,2.5304247807560694e-09,-3.312148101972076e-09,1.8142917545263513e-10,-4.676568904635614e-09,2.768225607300585e-10,1.273243581998994e-10,-3.564239334092658e-10,1.643451310519973e-07,-5.927892889416589e-09,-4.617910121319331e-09,5.96470749990815e-09,3.098506501371037e-09,5.271067064048374e-10,-5.1567513596941254e-09,1.9001497531796338e-10,-7.887792973705453e-10,8.739661570625622e-09,b'Classical',b'',8.396588345072916,0.11462441025509908,7.780916296972601,0.14794825788969343,7.708231086732981,0.1591778410533269,8.031737419642875,0.2634390989852928,0.6156720481003164,0.07268521023961957,-0.2508211226702747
b'2016 RK82',42.72565526,0.00317762,0.14034816,9.806e-05,20.83945745,3.059e-05,326.67637996,0.0494776,107.82173066,0.00062023,68479.16945536,9.26776277,36.72918836958543,0.005551148417692939,38.2044828,0.00064712,38.47345636,0.00049719,23.80309271,0.06500093,11,14,15.94235,32.8534953159,18.8835326753,-6.653336242,-0.5081297943,0.8235670119,0.4396095787,3.0541888307543095e-07,1.7462212973317653e-07,-6.5431942141594e-08,1.9956153966338017e-08,2.3248764010129197e-08,-6.92403276113772e-10,9.990721337396321e-08,-3.741281960733436e-08,1.17869617130655e-08,1.3504415431471552e-08,-4.678059507447639e-10,1.4063314527396893e-08,-4.184702165704385e-09,-4.921903715070466e-09,1.1137492625536778e-10,1.3333360994392344e-08,9.034785653291198e-09,-2.410073829169962e-09,6.486768622365123e-09,-1.5321361456578147e-09,4.830784235765099e-10,b'Classical',b'',8.638138555409542,0.13046260164850967,7.915157503427293,0.07984310740698772,7.4884464512284925,0.09098025802909289,7.2705848752596385,0.14571220718343436,0.722981051982248,0.42671105219880096,0.6445726281676561
b'2016 RL82',52.98783922,0.0046884,0.30777124,7.23e-05,23.00849752,0.00021703,354.49409431,0.01762782,62.60382418,0.00034851,63306.32105823,3.26060815,36.679706106893974,0.006961086476558434,37.4165203,0.00041091,37.82835517,0.00031842,23.81568787,0.07752312,9,12,20.39251,31.9721874191,20.2125543638,-0.4651154059,-0.5839268646,0.6835876655,0.7319018009,1.235156829935738e-07,7.533241377452057e-08,-2.979230300728547e-09,-1.5453329821059498e-08,-5.32226552881369e-09,2.6528721049262005e-09,4.6087852051963726e-08,-1.8180939654989837e-09,-9.336920873638484e-09,-3.239908701568385e-09,1.6219767780162496e-09,1.748953330526169e-10,4.0442466565571526e-10,1.5176227939395206e-10,-1.0445606745660215e-10,7.081815382596932e-09,4.356048638036201e-09,-1.3855378121040823e-10,2.909324606508694e-09,2.4256754203894663e-11,8.90193541226991e-11,b'Resonant 7:3',b'',8.422082467092237,0.08597602572770748,7.979178687149128,0.09300268207747171,7.698149019367603,0.12264808236059556,7.51599995110851,0.19610132799841826,0.44290377994311136,0.28102966778152466,0.4631787360406166
b'2016 RM82',45.25214649,0.00480655,0.11174024,0.000252,29.93771463,0.00015083,189.23347789,0.10242108,130.49739572,0.00041524,46461.51016378,22.69587093,40.1956607038773,0.015569572782755557,41.47499836,0.00036313,41.34890712,0.00030897,23.17459452,0.04642083,10,16,19.51122,37.9237087719,6.2241391383,-15.2572777826,-0.0569743676,1.0146616525,0.0753973405,1.1035060471215857e-07,1.7652762693707016e-08,-4.556356284428172e-08,2.659993447974707e-08,8.476110091776273e-09,-1.09328609706468e-08,2.900849943598468e-09,-7.292105557683906e-09,2.8362620506453408e-09,1.0105230883055903e-09,-1.1627580121710166e-09,1.886565107133521e-08,-1.0981540144549904e-08,-3.498128034682273e-09,4.4930185281573705e-09,7.219858696962244e-08,1.7216694287663244e-08,-2.9752536004879157e-08,4.160251560396825e-09,-7.094979090920779e-09,1.2271448519329678e-08,b'Classical',b'',8.012491890860252,0.10210292473657645,6.941133232638938,0.05633251061854017,6.545055298987739,0.06506014524229824,6.3771066547763855,0.12304950454939227,1.0713586582213157,0.3960779336511952,0.5640265778625497
b'2016 RN82',107.0536769,0.07476892,0.69394787,0.00025085,24.45469183,0.00010924,265.10553241,0.0670301,114.95392209,0.00074203,60296.43424431,9.4113453,32.764005734344785,0.049719974353329484,33.612171,0.00143209,33.55949554,0.00123329,23.38034231,0.06205654,7,9,16.9589,31.0741337233,4.2231356922,-11.9500242354,-0.2403561776,1.3309468805,0.396694165,1.7346970801345693e-06,3.188726709495147e-07,-6.696556196158597e-07,-8.248896261266118e-07,-1.6526242760418307e-07,3.1528546048509207e-07,5.884799696414231e-08,-1.2307048977310754e-07,-1.5376370642868953e-07,-3.0982664710835296e-08,5.8740296178056315e-08,2.586241991504272e-07,3.1793280552398644e-07,6.366505510452349e-08,-1.2156500778367395e-07,4.2520576894206907e-07,8.73859883506271e-08,-1.62009655427955e-07,1.8108982334335244e-08,-3.3264987367648595e-08,6.175141741528612e-08,b'Detached',b'',8.923000780726126,0.13101314936836966,8.051576288059922,0.12377699926567169,7.611053913220479,0.14315203256383077,7.404974985379221,0.1584275005470561,0.8714244926662,0.44052237483944773,0.6466013026807069
b'2016 RO82',45.89171821,0.00229063,0.13948709,3.616e-05,34.70484225,8.902e-05,292.95688236,0.07959313,47.83544464,0.00029393,57030.192867,18.75471997,39.49041586294103,0.0035892027964633923,39.79335424,0.00051645,39.49211702,0.00039081,22.65235939,0.03405078,10,14,17.46262,32.8855617007,1.0695702189,-21.8408598163,0.3857103068,0.784912528,0.6129273853,1.8372603506821755e-07,8.2101533927135e-09,-1.2324633200809735e-07,-3.345778030072364e-08,-5.64889389030294e-10,2.4340265208141297e-08,4.2486788952608353e-10,-5.4543284447965526e-09,-2.1763251444383674e-09,-9.727483932015352e-11,1.4844644478953004e-09,8.283466856352326e-08,2.102107352827406e-08,2.5437210539528706e-10,-1.551726846794993e-08,2.393643126987885e-08,1.6703973072853216e-09,-1.4814219467180645e-08,1.44629098754159e-10,-9.870460198466867e-10,9.272202162946584e-09,b'Classical',b'',7.060528272958871,0.05720418755047522,6.50855654116946,0.05180311737649931,6.433117420133238,0.06506106343660824,6.159525429000409,0.0734440377395519,0.5519717317894086,0.07543912103622061,0.3490311121690504
b'2016 RP82',44.45235292,0.00265615,0.19402095,4.356e-05,19.76268686,0.00016358,350.07580625,0.05524153,15.7704533,0.00013648,59255.28641335,10.9732753,35.82766523144969,0.004014099061963063,36.04407881,0.00053028,35.90547488,0.0005234,23.01459905,0.04582047,10,18,30.17295,35.6477826316,0.1889180541,-4.289875255,0.0575129509,0.8470373793,0.7693129382,2.77871826237523e-07,5.257303787402456e-09,-3.09127886848633e-08,-5.722204629422972e-08,7.222876200013557e-10,8.334817759961654e-09,2.0002819734312428e-10,-5.28504935136391e-10,-2.122315361334868e-09,-8.613569137019651e-11,2.0900242038349895e-10,3.5500198375991155e-09,5.229156737788043e-09,-1.6631997124862324e-10,-8.924842168274958e-10,3.259544334570869e-08,1.4282550408577044e-09,-2.740121749285715e-09,1.3190495635180991e-10,-5.597454183022489e-11,3.1096625317488474e-10,b'Classical',b'',8.186988418701807,0.09331258779315472,7.413846411448821,0.062128501074860204,7.099498064723063,0.058653378570901984,6.819016296118955,0.08350149595564078,0.7731420072529844,0.31434834672576323,0.5948301153298639
b'2016 RQ82',44.9875441,0.00395123,0.06371377,0.00108643,4.33467945,0.00027524,150.73806845,0.191848,127.34274338,0.00491758,35040.82952094,23.20578647,42.121218276704255,0.0513992907640922,44.45675493,0.0029073,44.32307704,0.00289574,23.68779078,0.08574993,9,13,22.13226,44.224324264,-0.257567394,-2.9458378194,0.0863613606,0.8874503658,0.3316692415,8.422653785294769e-06,1.0872684442167375e-07,-5.12548524948598e-07,-2.918394162262531e-06,-3.0781029026667657e-08,1.8013476849709084e-07,1.8360726398034392e-09,-6.559245486950138e-09,-4.094320870284133e-08,-7.151092752930278e-10,2.4646679481223303e-09,3.1496227564668336e-08,1.7634353826883928e-07,1.7968094420790729e-09,-1.1026720425150313e-08,1.0825482393195582e-06,1.503203263508885e-08,-6.544990589710909e-08,4.3619340091321977e-10,-8.443134056014969e-10,4.0382291125707785e-09,b'Classical',b'',7.978869715007027,0.17444920088301197,7.285257289876808,0.10905087766114746,6.772255123896857,0.10637186295488334,6.468021782644621,0.1493316635738673,0.6936124251302197,0.5130021659799506,0.8172355072321864
b'2016 RR82',43.86949896,0.00884431,0.04338599,0.00032601,2.30998003,0.00044789,124.9393727,2.05736252,39.19156648,0.00902085,105920.64502773,647.83242296,41.96617729179111,0.02219709542008282,45.87208289,0.00444543,45.71103613,0.00443965,23.55904415,0.07998839,7,9,14.51464,45.6719037963,-0.852428237,-1.6880146772,0.0196899611,0.8233979375,0.3874336158,1.9744229006506964e-05,-1.5132382380148905e-07,-6.37690564610273e-07,-6.623562005809297e-06,8.017886422680892e-08,2.2884963515702706e-07,1.6199287990262745e-09,4.966496002689992e-09,4.760470105821867e-08,-8.935392784889058e-10,-1.7277852343166324e-09,2.0923941844513666e-08,2.124408051884707e-07,-2.652827626632723e-09,-7.521817249267472e-09,2.281104138741441e-06,-2.4347451514351477e-08,-7.724661144933417e-08,5.181437383105463e-10,9.079265303439544e-10,2.7387414699052532e-09,b'Classical',b'',8.177353656308698,0.2074794869639999,6.882320331962871,0.09976626093150459,6.652898287438289,0.10908029117356867,6.374132853207259,0.1500967934606472,1.2950333243458254,0.22942204452458792,0.5081874787556174
b'2016 RS82',43.05573147,0.00587403,0.04384585,0.00081286,2.87112174,0.00028566,179.75653036,0.63378147,59.76459954,0.00980329,24814.47841464,208.17765627,41.1679163227234,0.0384819792098993,44.04105281,0.00196255,43.88252704,0.0019569,23.38657524,0.07804067,7,8,15.91258,43.8061473582,-0.7979449423,-2.4618929448,0.0746236075,0.8513404833,0.3913620795,3.842778718165667e-06,-6.116225153558313e-09,-1.9074277851881728e-07,-1.152957425758239e-06,9.352984390651287e-09,6.094050355311945e-08,7.801194735040046e-10,5.256122212539486e-10,-1.263479974886365e-08,-6.229828840464433e-10,3.8365694097627626e-10,9.907781061035753e-09,4.998514569090684e-08,-6.916322257536581e-10,-2.9391722420846634e-09,8.182696881234123e-07,1.2010727023297242e-08,-3.397909425831968e-08,5.732509087509771e-10,-3.438851316138257e-10,1.5740558160663015e-09,b'Classical',b'',7.752009951689368,0.23449052647280624,6.835848003363951,0.1766829375670832,6.578735091250065,0.1574703288703922,6.409888276116677,0.2099901712830161,0.9161619483254113,0.25711291211389314,0.425959727247279
b'2016 RT82',46.67138736,0.00582881,0.23482701,0.00020349,20.52296615,0.00027737,38.02213167,0.05468796,4.11206767,2.505e-05,66092.42736327,9.3814255,35.71168490361334,0.013830083421852829,37.72956734,0.00075066,37.64518499,0.00075013,23.10057794,0.05396583,13,17,24.29971,37.6243845345,0.06637903,-1.2494940218,-0.1277721956,0.7989248997,0.7736537096,5.633201146484938e-07,1.3887511533987913e-08,-6.54339604065664e-09,-1.9272669531760123e-07,-4.051045155939205e-09,2.9983639701308257e-09,6.070977823320162e-10,-5.933566294545743e-11,-6.093911816220209e-09,-2.876455368498427e-10,6.596525935908045e-12,3.067515611709046e-10,1.1019327043996496e-09,-5.936306136847477e-11,-1.5394595230150512e-10,8.090057525795859e-08,2.7871508246804528e-09,-2.752479634732235e-10,1.89330950277861e-10,4.86986062589407e-11,8.261716625949879e-11,b'Classical',b'',7.813824605724998,0.0914885589939635,7.266787773443054,0.08929205504037371,7.001830946916096,0.07820693953133966,7.020291393538082,0.13150029965201168,0.5470368322819449,0.2649568265269588,0.24649637990497267
b'2016 RU81',43.25989456,0.00445267,0.05887794,0.00016448,3.55280376,3.727e-05,336.3503037,0.06279749,86.27938609,0.00572016,73672.9766264,14.4097167,40.712841210834874,0.010770185323747704,42.10932433,0.00095808,41.96139392,0.00095458,23.74264248,0.1023735,7,8,9.68744,41.880414671,1.2597603457,-2.2808880222,-0.0553921037,0.8993724257,0.3979847632,9.147312038458856e-07,2.0405578484115883e-08,-5.420729416979327e-08,-9.582175577528185e-08,1.4900624288087375e-08,1.3144411819263014e-08,5.83242631890533e-10,-1.203370594691298e-09,-1.7050103051291979e-09,3.0730422032902447e-10,2.735854461896543e-10,3.329910268407316e-09,5.8679590212283895e-09,-8.728704765097138e-10,-8.359306794783368e-10,2.386121822359821e-08,-8.236281066145199e-10,-2.005659132350014e-09,3.1947701382467314e-10,1.8037434374500384e-10,2.549445525394622e-10,b'Classical',b'',8.448236950893508,0.21935998158371253,7.45010427253481,0.17431908429970788,7.234021968380768,0.1619530522489254,6.949105835176157,0.17195273840196595,0.9981326783587023,0.21608230415404323,0.5009984373586523
b'2016 RV81',45.32846742,0.0036933,0.15531972,0.00013184,21.44912477,0.00024188,266.45783234,0.01450172,188.40158866,6.274e-05,77761.14140879,3.52766562,38.28806262302551,0.008650027848850408,43.36660305,0.0006391,43.43649342,0.00061428,23.61769243,0.07401513,11,16,40.33598,42.5656565326,8.2554950842,2.596275233,-0.3276515793,0.9167221079,0.0176685377,3.9237120484784164e-07,7.646100983661949e-08,2.4366317265497084e-08,-4.0073648702988767e-08,-4.366882256670461e-10,-2.3107526113859245e-09,1.4973074939771565e-08,4.748587931561611e-09,-7.5498370102889e-09,-4.8457654624771116e-11,-4.3374014986037175e-10,1.5780220199202325e-09,-2.505847486157407e-09,-3.158067415938076e-11,-1.6982993725050977e-10,1.4503138296564474e-08,2.5563499712757005e-09,9.125669451051689e-10,6.239049497866039e-10,1.6598732363783473e-10,7.433712956091525e-11,b'Classical',b'',7.7643571210382145,0.12408419178453708,7.197211227680961,0.09145060938336849,6.822852132199964,0.09866040342731983,6.656293344339575,0.12496578304295576,0.5671458933572482,0.3743590954810013,0.5409178833413929
b'2016 RW82',52.58230788,0.01109013,0.2735801,0.00019296,28.19156883,2.892e-05,321.0799401,0.02231515,38.244791,0.00050745,71054.84931693,3.41766565,38.196834685247396,0.01768348561727321,43.55057912,0.00134228,42.72947895,0.0008587,23.04450722,0.04138797,12,20,49.26624,18.0899439081,-22.4881873658,-31.509422873,0.7899477748,0.6204684973,0.2991147463,2.954507037866501e-07,-3.8662908636337913e-07,-5.43763448086627e-07,5.67722055271163e-10,2.4636725706533163e-08,2.6880561233466328e-08,5.060113924107334e-07,7.116314409705565e-07,-6.944054589417566e-10,-3.2333883326225187e-08,-3.529119409192432e-08,1.0008773843729394e-06,-1.0005678870275092e-09,-4.542787519696434e-08,-4.960751370935697e-08,4.905425155226838e-09,-5.688896574283686e-09,-8.21474236285713e-09,8.802340721054582e-09,1.194360765515353e-08,1.6441513298117715e-08,b'Detached',b'',7.213905081902942,0.0684063758844482,6.644046905035276,0.05591858861571334,6.425955776395893,0.0597248915588684,6.162710430433952,0.10626229302962728,0.5698581768676648,0.21809112863938152,0.4813364746013239
b'2016 RX81',44.01277406,0.00324929,0.02409533,5.563e-05,4.79411399,2.193e-05,268.38985961,0.30871416,88.40078006,0.00232215,55474.43044007,86.99796561,42.95227153094897,0.005570321666592256,43.05804167,0.00075281,42.95935196,0.00074488,23.99097565,0.088687,9,11,20.68832,42.7260663678,3.8847913748,-2.2130452611,-0.0575582525,0.8861567328,0.3919270981,5.60875982820161e-07,4.8786410918412793e-08,-3.111304373841285e-08,-6.964732378969454e-09,1.1330114803238991e-08,5.600432103087263e-09,4.3741170049946e-09,-2.667012653082518e-09,5.538672789932081e-10,1.0817045633378776e-09,4.2368602704601707e-10,1.7832949598946008e-09,8.935763173321743e-10,-5.834361934730889e-10,-3.4530554378082255e-10,1.4982647462005706e-08,1.1814223396615296e-09,-8.852734979571933e-10,3.5717090316728356e-10,4.0676343199803394e-11,1.1149376946285095e-10,b'Classical',b'',8.727085539970213,0.22262876410907947,7.5736218508171955,0.1035686932243466,7.077266986252289,0.10864833558952655,7.098681382580137,0.15101447289651093,1.1534636891530157,0.49635486456490935,0.4749404682370601
b'2016 RX82',46.98595177,0.00664189,0.19793371,0.00034615,13.35579606,0.00027265,356.85315524,0.16803119,43.33934679,0.00091209,65401.03584423,33.54274439,37.685848129495355,0.02059750270937639,38.98725259,0.0010026,38.95216425,0.00097383,23.46849616,0.07072221,10,13,25.45908,38.4119551717,5.0005820587,-4.0971915561,-0.1620398737,0.887139281,0.6124357911,9.747252468203055e-07,1.426169398056239e-07,-9.881009475236671e-08,-2.463303295127902e-07,-3.0785616811834915e-08,2.8891033829350143e-08,2.1295476785778462e-08,-1.4175474790355056e-08,-4.6670729378493686e-08,-6.618512502807669e-09,4.904207709136553e-09,1.0317471240368717e-08,1.6458898833882247e-08,1.466596252786969e-09,-2.4340658863423584e-09,3.820863910314146e-07,6.995882159153755e-08,-2.765434742927426e-08,1.3101901569710455e-08,-4.869882246193385e-09,2.1921784990475897e-09,b'Classical',b'',8.403828596151227,0.15391502611955013,7.527707046638719,0.08376253583783787,7.115680762140384,0.08474917979895313,7.137930286652699,0.1682051218741203,0.876121549512504,0.4120262844983337,0.3897767599860212
b'2016 SA56',49.61090059,0.00148905,0.27073642,3.691e-05,16.63392245,3.04e-05,282.54986991,0.01039188,144.99115461,0.0002522,64635.99996395,1.8280543,36.17942320863007,0.0028412452128584206,37.36296966,0.00013446,37.71396081,0.00010181,22.95978236,0.03160247,23,29,54.04941,31.3115219935,20.9524196626,-1.7110057692,-0.7246202305,0.8389689557,0.2656284948,1.259300284838509e-08,8.277942383067045e-09,-7.926948323550997e-10,-1.2303669163974416e-09,-2.947951053339093e-10,1.4930083819038518e-10,5.4613085435764065e-09,-5.195242136189239e-10,-6.507244149647095e-10,-8.424463688754144e-11,8.934653009809515e-11,5.515241822049385e-11,9.902823789396795e-11,3.37442702490778e-11,-1.1721192329294284e-11,2.0849881728462898e-09,1.4077668140575284e-09,-1.2445073409530454e-10,9.780887412193908e-10,-8.068547573893347e-11,1.0218050567890707e-11,b'Detached',b'',7.747425226205587,0.05800360537478095,7.178777999100165,0.03889073951872974,6.878532722156658,0.040789084126519166,6.748196343091811,0.08228373526030588,0.5686472271054263,0.3002452769435086,0.4305816560083546
b'2016 SA59',244.99312657,0.10829882,0.84043148,7.354e-05,21.52668557,0.00010757,200.29367005,0.01011101,174.71798451,0.00028249,53124.17212037,1.68079952,39.093191313494515,0.03527143866589535,40.10899686,0.00044507,40.5372132,0.00032377,23.87891645,0.0789759,11,14,27.99228,31.8561404181,25.0681156555,-0.2038356038,-0.6228113138,1.1820243308,0.0622510607,1.234461883496609e-07,9.601122932588205e-08,-1.5109400283710465e-09,-1.5159514399962766e-08,-7.125960962613298e-09,9.730265539039595e-11,7.477308064357128e-08,-1.1768692085199968e-09,-1.1206634028371744e-08,-5.046279432207396e-09,6.918900685576065e-11,4.874193819702874e-11,1.6873524628458276e-10,7.269127100421271e-11,-7.388883151683505e-12,8.492735598867861e-09,6.60852785391904e-09,-8.577662240133561e-11,5.387591168342263e-09,-6.954647673257769e-11,1.196982496617505e-11,b'Detached',b'',8.684417265607317,0.1613739558777138,7.7548273699120305,0.09982660658632346,7.504924590500986,0.12404599572467097,7.218560547269282,0.18422317823221934,0.9295898956952919,0.24990277941103808,0.5362668226427427
b'2016 SB106',44.00562464,0.00205079,0.03263252,0.00011687,4.55071289,5.75e-06,359.18855498,0.06220118,91.17272762,0.00206642,83049.54686487,16.18028709,42.56961022329294,0.005435232136663043,44.13476599,0.00053361,43.96970723,0.00053021,23.34205509,0.06726687,9,14,16.28009,43.8311162122,1.3314548454,-3.2242260641,-0.0296589515,0.869533368,0.3778777255,2.8289201710408153e-07,8.062673000512916e-09,-2.1552227898226245e-08,6.706798522449461e-09,5.467397690648282e-09,1.7594911930558207e-09,2.6349964934981036e-10,-6.076887957515842e-10,6.183882458906797e-10,1.729377343136768e-10,2.1323034403172487e-11,1.6634958330218915e-09,-3.2678294306290143e-10,-4.0759501126595564e-10,-1.5018348846484618e-10,1.220386820789016e-08,7.154044754206704e-10,-7.704361021033084e-10,1.414991461166411e-10,-5.496806510375306e-12,7.308664553335855e-11,b'Classical',b'',7.865610336136731,0.22786526180172922,6.900205166887249,0.09443876853313317,6.406025449683684,0.08832185190636736,6.166978479626094,0.13991748471999277,0.9654051692494826,0.49417971720356624,0.7332266872611556
b'2016 SB56',40.15506274,0.00164891,0.06554369,0.00042531,17.35654747,0.00018553,29.78864844,0.48251747,149.04053979,0.00130739,93490.10986153,144.98563989,37.5231519303308,0.01779036110939472,41.86517879,0.00059929,42.23553302,0.00043892,23.75916315,0.06782962,9,11,22.92784,33.9690304271,25.046450547,-1.6188070152,-0.5708460346,0.7230700448,0.1968552957,2.249717276889181e-07,1.7345863481175362e-07,-1.127314394413006e-08,1.8758171075395048e-07,1.449969146580296e-07,-9.30372602727503e-09,1.3400686701417834e-07,-8.672339524339874e-09,1.4997745550445042e-07,1.1576127646768025e-07,-7.460129090532643e-09,6.145196477358297e-10,-8.805038712692012e-09,-6.828854714259979e-09,4.5255075143406223e-10,3.051341399832287e-07,2.3035213498715338e-07,-1.5712661678725427e-08,1.7406145783406556e-07,-1.1852291926824034e-08,8.482576658853934e-10,b'Classical',b'',8.300738222591354,0.14689288935502648,7.46147745345179,0.08058169532255291,7.236432394201161,0.10616786464827803,7.000276781617666,0.17427183883882058,0.8392607691395637,0.2250450592506292,0.4612006718341252
b'2016 SC59',44.33848175,0.00263307,0.13752942,4.2e-05,13.84926537,6.254e-05,236.30000774,0.04240409,137.73945592,0.00080651,53965.72702941,9.42399603,38.240636061420545,0.003981758077361132,38.08176504,0.00048433,38.40268842,0.00037795,23.59556941,0.06957695,12,16,31.68339,32.803496686,19.9492420422,-0.8513664806,-0.504527816,0.9083406157,0.295846963,1.730327282929549e-07,1.0310890929770012e-07,-6.145735461950643e-09,-1.4323969701488124e-08,-2.672300966564204e-09,1.8141846279816338e-09,6.149703509688174e-08,-3.6584235787270763e-09,-8.194010289127447e-09,-1.3867796667274787e-09,1.0713084033150475e-09,2.4582671965483117e-10,5.84360449401381e-10,1.4227432648071942e-10,-7.276148334621802e-11,7.149025449931045e-09,3.9397161673202246e-09,-3.2419693668374064e-10,2.3795768190675107e-09,-1.3678016604714795e-10,3.842431614300626e-11,b'Resonant candidate 5:3',b'',8.238434359220632,0.11267705094676086,7.713829208494845,0.09566202672816092,7.585133479768006,0.09189305670627398,7.636487905709371,0.17632825433773244,0.5246051507257831,0.12869572872684454,0.07734130278547667
b'2016 SD106',350.03689352,0.37809028,0.87799978,0.00013165,4.81186392,0.00010353,162.9149663,0.00504498,219.42425373,0.00138835,64639.56780616,0.81494211,42.70457650071649,0.09220396363177599,46.57950395,0.00087732,46.24869465,0.00084225,23.41435765,0.06241785,10,17,39.00947,45.3297924776,-9.1459619673,-0.7092605281,-0.0988351184,1.1875648591,0.4200474927,7.370938636157741e-07,-1.555139026510768e-07,-1.3231049781879446e-08,-3.124043892303488e-08,2.5148215331779153e-08,7.216573247146134e-09,3.285632088986596e-08,2.794053506266663e-09,6.7374574899950284e-09,-5.346623269597887e-09,-1.5233314847737407e-09,2.759481820297458e-10,6.137465078867477e-10,-4.6071160500888616e-10,-1.444240292961346e-10,4.755558005060776e-09,-1.6597881463436761e-09,-3.207813050151768e-10,9.724467671770147e-10,2.488529672546009e-10,8.187536667664743e-11,b'Scattering',b'',7.135931387967071,0.1005502956749363,6.707631628262801,0.09947557422730086,6.330522244205008,0.0999126872979957,6.41275402904027,0.12262704178794252,0.4282997597042675,0.37710938405779487,0.2948775992225338
b'2016 SE56',69.49397983,0.00405339,0.55320799,2.41e-05,26.77968126,2.291e-05,218.80558622,0.00159592,175.11445138,3.158e-05,58580.4571788,0.222869,31.049354648717465,0.0034856991054170124,30.94968713,0.00016003,31.16976706,0.00013334,22.04606207,0.01787901,20,24,38.88867,27.9956372142,13.5785996211,-1.8494074511,-0.67958694,1.2263189231,-0.0436385642,2.0972884068629906e-08,9.748130986072486e-09,-1.6293329216176383e-09,-1.4633196548419982e-09,3.770088895432159e-10,2.7757267225605233e-11,4.534377669626665e-09,-7.575090260212885e-10,-6.640084967224517e-10,1.8345713117084452e-10,1.1589977458492585e-11,1.2777407493821627e-10,1.1234082184354294e-10,-2.999181924083067e-11,-2.2927031957391583e-12,2.2777713611003603e-10,3.9722759920551354e-11,-1.2162095564606397e-11,4.196130096139519e-11,-4.885481936459723e-12,1.2729766457598126e-12,b'Resonant 7:2',b'',7.7228122427466115,0.03320858681646415,7.051186377672122,0.030588717277572956,6.789992315938262,0.02816749735603453,6.58283678064698,0.03565042544428327,0.671625865074488,0.2611940617338556,0.46834959702514056
b'2016 SE58',43.44413726,0.00344076,0.14092422,0.00025199,16.04258343,0.00012687,150.15266447,0.01126874,150.83453265,0.0008658,35588.21294409,6.95761706,37.32180604958625,0.013634681945138494,42.35839571,0.00042847,42.70885511,0.00032421,23.83076478,0.06956699,9,12,26.22941,35.4280992513,23.8322802017,-0.9583886532,-0.4080382047,0.8577820223,0.1973489797,1.2728431322431956e-07,8.454813721569238e-08,-4.165982506376917e-09,-2.0349509648580555e-08,-1.0640994881599763e-08,9.316580248101867e-10,5.627528774293529e-08,-2.7636201843262162e-09,-1.2045506342948603e-08,-6.065319012538586e-09,5.772626170177359e-10,1.7579539783433392e-10,7.76797386182625e-10,4.2530545578755424e-10,-4.6316435099941285e-11,4.029952456042339e-08,2.738567021787906e-08,-1.2018628130482585e-09,1.8725370777903316e-08,-8.082349521115176e-10,5.6370075683288796e-11,b'Classical',b'',8.113279191129438,0.11573981287255747,7.435947361479334,0.08790399792700418,7.4207308206536435,0.13335327887618587,7.226353992047917,0.19629971949495673,0.6773318296501057,0.015216540825688844,0.20959336943141602
b'2016 SF57',39.2668521,0.00274733,0.21116997,9.381e-05,16.90665473,6.939e-05,203.90338019,0.008622,93.49220309,0.00047174,40616.28713335,2.3866633,30.974872311565832,0.005661549585796859,37.37251911,0.00034919,37.7001034,0.00026624,23.93547144,0.07591601,12,19,50.56843,31.5903542545,20.484821161,-1.9285789274,-0.2905085587,0.8903111596,0.4618689701,8.598413394148231e-08,5.528594625852527e-08,-5.936679995208648e-09,6.424496738169317e-09,7.514551232184644e-09,8.932484623294477e-10,3.5595498466336704e-08,-3.811484695903917e-09,4.444559869875206e-09,5.035891814103129e-09,5.586868714859437e-10,4.3375155996157684e-10,-3.289283121968139e-10,-4.400047602215901e-10,-7.531638564297712e-11,5.866013435128111e-09,4.245702921624492e-09,-2.089450074562006e-10,3.1871930807114056e-09,-1.1083772633527435e-10,3.062008287330083e-11,b'Resonant 3:2',b'',8.885632819135447,0.16852405597153086,8.019600383191216,0.1097190505335253,7.658166961262159,0.0858009292416879,7.275458771939734,0.11900139020907806,0.8660324359442272,0.36143342192905614,0.7441416112514814
b'2016 SG58',233.00442741,0.0293449,0.84932945,1.859e-05,13.22083283,5.85e-06,296.29433374,0.0015222,118.97938134,0.00019792,60727.13381269,0.21840092,35.106906279869364,0.008749631539630124,35.8238676,0.00012081,36.22017507,8.904e-05,22.91676454,0.02612953,26,41,58.34085,29.1231476886,21.5319560439,0.3438311131,-0.9747477448,0.9096727221,0.4852475011,9.445218633715379e-09,6.973081269138411e-09,4.683188338605015e-11,-1.255891870770009e-10,4.6121894738036016e-10,1.610322779619484e-10,5.1561301183190836e-09,3.546386293317846e-11,-6.861560918080057e-11,3.5837461141734734e-10,1.193761391881593e-10,3.772419201004108e-12,6.1238556814550405e-12,7.574878776319443e-12,1.7606753153080054e-13,1.861432278037469e-10,1.3785062401609569e-10,1.4408172624577796e-12,1.3686884785766698e-10,1.0683034050415315e-11,4.055792801194846e-12,b'Scattering',b'',8.16453895043112,0.0649171444251962,7.399653615390813,0.04291172658947238,7.100569960160799,0.06367850837512538,7.0224932654834,0.08888822264042677,0.7648853350403062,0.29908365523001357,0.37716034990741226
b'2016 SJ105',37.80180253,0.00260804,0.06107625,7.998e-05,21.3811442,0.00015619,13.1135088,0.08495725,171.07901564,0.00050072,90344.54456898,22.07872388,35.493010306671515,0.0028259967906243155,39.14636004,0.00081817,39.62125425,0.00058384,23.92197654,0.0893314,10,10,24.1876,29.9954516291,25.878112603,-0.6632930651,-0.6616325749,0.7124296278,0.0660321738,3.775445367052604e-07,3.318558991726873e-07,-1.0059172574136828e-08,-5.589795416713632e-09,8.00305248255168e-09,-2.9909643571798116e-10,2.9182084659006044e-07,-8.844456931665106e-09,-4.315663661399147e-09,7.557580089262679e-09,-2.7916052530179055e-10,3.10174895096007e-10,1.2848457571002065e-10,-2.315413009892732e-10,-2.103149554192773e-12,7.003470344032796e-09,6.130602242629568e-09,-1.8559991045192894e-10,5.837117365758388e-09,-1.7823717999216885e-10,1.946500107936095e-11,b'Classical',b'',8.42477247374495,0.11961854338439672,7.979510716793024,0.10215126628941756,7.684505726488032,0.10873975333171254,7.532598951016515,0.1582796537275053,0.4452617569519284,0.29500499030499305,0.44691176577650976
b'2016 SJ57',36.34931412,0.00046471,0.06753486,9.67e-06,15.31215887,1.448e-05,270.95906988,0.02498769,145.04144072,0.00016352,61389.18421948,4.79556732,33.8944683528516,0.0006877859633526913,33.62404924,9.995e-05,34.03218022,7.302e-05,22.77582467,0.02410749,19,30,43.12517,27.089791243,20.5972155789,-0.2953159547,-0.6710707558,0.8453696144,0.2657124306,6.2485822829126425e-09,4.831487241326193e-09,-9.86007468413898e-11,4.22526857217021e-10,6.435833767266894e-10,4.4458186248412226e-11,3.747143318773864e-09,-7.515036944684438e-11,3.869631986208595e-10,5.466361951104104e-10,3.4006011378909336e-11,4.47107994255318e-12,2.649664414169635e-12,-2.42210453268691e-12,-1.439321189106939e-12,5.364910130050496e-10,4.6457498379945964e-10,-1.945757338838587e-13,4.164969447380853e-10,1.9268286280016234e-12,1.0587248032055514e-12,b'Resonant 4:3',b'',8.035392457494856,0.048387553022831445,7.506167653432319,0.04883832813908323,7.252892183204525,0.05313126612410848,7.17893103523142,0.11249441950483324,0.5292248040625397,0.2532754702277932,0.3272366182009001
b'2016 SJ58',43.6327886,0.00233199,0.27451683,4.993e-05,20.64751585,8.548e-05,345.2611021,0.0174289,81.2554295,0.00025729,62837.48053609,2.57426888,31.654853959723162,0.0036494070923289387,32.39592228,0.00029644,32.81183989,0.00021558,23.98513412,0.07494274,11,14,26.68734,25.8869989045,20.151408582,-0.6331325223,-0.7334565748,0.7206160817,0.6680389681,5.432150738697691e-08,4.2645050884112236e-08,-1.6595852323959654e-09,-1.0571741584004738e-10,2.4243871709440887e-09,1.3052862791937747e-09,3.3569970821744685e-08,-1.2734359789612816e-09,4.452277196165657e-10,2.343299470415798e-09,1.0251718164128956e-09,8.72705967865875e-11,2.7614740170535233e-10,1.5634114274135605e-10,-4.378165763970211e-11,4.801582610401817e-09,4.04209876990882e-09,-1.848185564173386e-12,3.530376422491023e-09,5.879414883862794e-11,3.813252533155282e-11,b'Resonant 7:4',b'',9.184002776306729,0.10302896839948855,8.789088132694017,0.09417155948408105,8.721548282822416,0.23003282178992515,8.254016048228733,0.19546383232172507,0.39491464361271306,0.06753984987159581,0.5350720844652832
b'2016 SK56',42.83502661,0.0019079,0.09409696,3.464e-05,15.57337011,6.846e-05,252.61597667,0.03528783,155.59343863,0.00038551,61512.91399064,8.1891664,38.804380888422074,0.0031267547856584847,38.62701435,0.00036712,38.96043131,0.00028384,23.16769915,0.04773429,17,23,31.02716,33.031493371,20.6563174015,-0.3901343617,-0.5684693339,0.861233214,0.2037462304,9.748455479599798e-08,6.02838693689926e-08,-1.9796601654858023e-09,-1.112893879403406e-09,3.0467829385839284e-09,6.141619062791773e-10,3.732327744736772e-08,-1.2206077604550502e-09,-4.5268903735292906e-10,2.026967177145528e-09,3.756388168178354e-10,5.5964522306788144e-11,6.049474893363425e-11,-3.7736207471953015e-11,-1.8240284089777533e-11,2.339228604067944e-09,1.4396303043426939e-09,-4.9251798547052947e-11,1.0364199459248066e-09,-7.643974273629173e-12,9.677641516736676e-12,b'Classical',b'',8.177815447892327,0.09226697200546906,7.256959171646804,0.07783181617901234,6.8980451727023695,0.0711223353194629,6.636837357391181,0.08002308672481057,0.9208562762455212,0.35891399894443243,0.6201218142556193
b'2016 SN56',45.69646076,0.00477893,0.1985712,0.00017318,26.68160544,0.0002481,67.01807053,0.01273959,61.41031381,0.00029037,80392.57897074,6.10895431,36.622459576507985,0.011583040746248966,44.43304836,0.00061169,44.87050162,0.00044935,23.79583698,0.06188644,12,21,40.04992,35.9427232444,26.8452829851,0.9018550421,-0.56819358,0.4266377657,0.6261287831,2.3936243083549034e-07,1.7971828771113178e-07,4.4809651554142406e-09,-4.955758997041935e-08,-3.4252480056914885e-08,1.6804565607582198e-09,1.350185370098961e-07,3.365807591331013e-09,-3.714544637477209e-08,-2.570292411962113e-08,1.264832390551027e-09,1.3724175705196515e-10,-8.459472857199322e-10,-5.765229528470591e-10,1.2778845989583206e-11,1.7574275212031783e-08,1.2897965338031762e-08,3.808888480055338e-11,9.541084986785766e-09,6.647538714643742e-11,5.109851769904614e-11,b'Classical',b'',7.669000250577449,0.08910150202586896,7.2332509997398144,0.07879064819666715,7.056871791404854,0.09464808757721208,7.207326127297941,0.1939346301092602,0.435749250837634,0.1763792083349597,0.025924872441875104
b'2016 SO56',62.59879375,0.01210286,0.39566596,0.00016868,16.30618831,0.00016688,174.00540691,0.01291969,164.31084685,0.00077933,44727.30923879,1.23971934,37.83058192528157,0.017737811880486908,43.10172748,0.00058679,43.53962027,0.00043158,24.04127205,0.0849861,10,13,32.76087,34.9410013774,25.964122351,0.8302446964,-0.389263081,1.0026787134,0.1656567862,2.2100943602319926e-07,1.651479763851621e-07,4.178697628948177e-09,3.738018602391372e-09,1.1013746481127814e-08,1.0945462539178435e-09,1.2351259580056823e-07,3.125715914937393e-09,3.2659352837526158e-09,8.578752035976024e-09,8.295972745262872e-10,1.3859814545463553e-10,1.447876702057208e-10,2.678558907513892e-10,6.358134268064011e-13,1.4429134432533035e-08,1.1789241798814786e-08,3.81530950066566e-10,9.95932268031656e-09,3.482007046853411e-10,3.88753605541842e-11,b'Resonant 3:1',b'',8.419133412331808,0.1756712777552637,7.570793393425193,0.12876851339393963,6.988406398838956,0.15010165786937563,6.838452627598526,0.16437283440730477,0.8483400189066198,0.5823869945862384,0.7323407658266657
b'2016 SP56',49.63878046,0.00220706,0.25690792,7.635e-05,20.04200723,7.406e-05,30.72490088,0.00699725,75.27131537,0.00018037,73438.2889447,0.50437474,36.886184570873525,0.005337814022959163,42.3849102,0.00019616,42.82526257,0.00014195,22.6527738,0.02613317,21,28,48.40408,33.5574500814,26.5823348985,1.1314279886,-0.7013102975,0.4998212663,0.5550615196,2.329971683044531e-08,1.878668739750789e-08,7.554993308062925e-10,-2.0886268156236314e-10,4.490162264445832e-10,3.5610367946352017e-10,1.5164842340556922e-08,6.140217337399751e-10,-2.066192325978686e-12,4.959392639425707e-10,2.9374612022378015e-10,3.2685409961905275e-11,8.951882023527552e-11,9.32149652413015e-11,1.4086760139268809e-11,3.395520403892488e-09,2.7673324417791587e-09,1.3139697500246916e-10,2.2762575817002045e-09,1.168517596330889e-10,1.3472508788769684e-11,b'Detached',b'',6.85251857715661,0.04955074807056589,6.42262919388863,0.05929244513916305,6.212835919407388,0.06597443820302208,6.098614385880305,0.07073285386953446,0.4298893832679789,0.2097932744812434,0.3240148080083292
b'2016 SQ55',43.14650983,0.00203706,0.1045511,0.00010266,17.53936708,6.726e-05,126.56662289,0.0336088,147.39072187,0.00040192,27962.61000784,11.58975483,38.635494907790765,0.005857219739627834,44.27262862,0.0003824,44.5476436,0.00030079,23.29136221,0.04135877,15,23,42.30404,38.4850174026,22.2252893302,-3.0712375661,-0.3599621366,0.8335283974,0.1849428392,1.0909184471895517e-07,6.294105598445219e-08,-9.47557075133436e-09,6.299669175760245e-09,6.671174608889715e-09,-1.3349202163499292e-10,3.635454343232522e-08,-5.464592740475583e-09,4.0671342594850285e-09,4.109257225471351e-09,-1.1240010486452913e-10,8.376737502272824e-10,-4.878968926896408e-10,-5.430010966864081e-10,3.048170769731859e-12,8.888326843612373e-09,5.6043902818274115e-09,-7.080524814220913e-10,3.609365726173306e-09,-4.3714204549766366e-10,6.215104447337293e-11,b'Classical',b'',7.766089909458584,0.09915383301622425,6.805688847805838,0.06905921502622772,6.357456901969099,0.0849064056689078,6.3461713794660515,0.11398294818744613,0.9604010616527429,0.44823194583674086,0.4595174683397898
b'2016 SQ58',36.35780564,0.00083168,0.11202084,1.64e-05,22.70173238,4.634e-05,199.63888878,0.01086175,170.07975386,0.00011234,53533.83503265,1.88547765,32.284973793725165,0.0013050960526436103,32.19024821,0.00014959,32.51815909,0.00011524,23.08383732,0.03492223,21,31,67.35408,27.4488732364,17.3695325058,-1.5130662469,-0.5795911463,1.002418454,0.0568812524,1.616937638007438e-08,9.972102166376143e-09,-1.0742412493952187e-09,-8.440762980831758e-10,3.5356376731974344e-10,7.786449155044487e-11,6.162863556100705e-09,-6.62550712683994e-10,-4.746929802214844e-10,2.469018704162883e-10,4.50775173258698e-11,7.608222314427202e-11,5.7070652863233484e-11,-2.2804259092734144e-11,-6.414917943794733e-12,3.7165664797625947e-10,1.9738107952175625e-10,-2.53119873697007e-11,1.5215443956447652e-10,-1.2356242490337182e-11,3.3438905840747502e-12,b'Resonant 4:3',b'',8.563800969318335,0.06395953401650745,7.91577981440444,0.03669896754027491,7.723703174225266,0.05214995153393337,7.485734357960707,0.08292844485446535,0.6480211549138954,0.19207664017917542,0.4300454564437328
b'2016 SR105',46.58630026,0.01080478,0.58118898,0.00013572,18.73831544,1.783e-05,7.25012508,0.00305325,122.33248896,0.00083653,67493.74262047,1.25475906,19.51085578702524,0.010798378536343934,32.76953793,0.00045041,33.15376188,0.00032732,23.81870921,0.08034135,8,10,23.80869,26.4091478296,19.8147409463,-3.0174291827,-1.089281883,0.4219904453,0.414124119,1.271430693387715e-07,9.686652849649572e-08,-1.5484789375150202e-08,1.0833031352724345e-08,1.1956674847231387e-08,-1.1610509811697429e-10,7.404431518913544e-08,-1.1773244944426758e-08,9.610417060376777e-09,1.0076366531109543e-08,-2.4768970197439493e-10,1.972412131983325e-09,-9.860127763830756e-10,-1.2017320170653878e-09,-6.355321371839455e-11,1.5322525994320755e-08,1.1860494241232664e-08,-1.7365270791709167e-09,9.324984495323335e-09,-1.3132934166267952e-09,2.3255725253110482e-10,b'Scattering',b'',9.843795759840846,0.4366249471472068,8.709142534189331,0.11378177914407742,8.300784926325596,0.1368398021296062,8.038847514166084,0.1624297512082954,1.1346532256515147,0.40835760786373754,0.670295020023248
b'2016 SR58',79.75923646,0.01169783,0.55544193,7.524e-05,28.91842715,0.00013585,313.09783611,0.01478638,60.0970645,0.00014388,53754.31725507,2.40458866,35.45761188261667,0.011164554350526797,35.87489739,0.00032802,36.30571983,0.00023657,23.29382727,0.05254728,10,15,24.93838,28.3625523415,22.6210155886,1.4002037727,-0.4642383833,0.7939555665,0.9143930531,6.408697299375337e-08,5.2714821654013744e-08,3.493517094957393e-09,6.125437153271728e-09,7.00466034363155e-09,2.20665529987889e-09,4.341217696899395e-08,2.896465307397546e-09,5.503455321710943e-09,6.1528649517801776e-09,1.837376321504821e-09,2.2901157333876785e-10,7.880707093363002e-10,7.513811653011919e-10,1.4909937930981938e-10,1.0267621985395579e-08,8.531875594875768e-09,6.595704567023879e-10,7.167803796375077e-09,6.061438877764116e-10,1.0719308554815421e-10,b'Resonant 13:3',"b'13,3,-1,0,0,0'",8.474683212671108,0.19962331964082486,7.816287353188622,0.17125362208162404,7.63506431485335,0.19133490319811133,7.491956106735794,0.17017061382042897,0.6583958594824839,0.18122303833527426,0.3243312464528286
b'2016 SS46',40.62259595,0.00278162,0.24807655,7.771e-05,15.0396889,3.885e-05,282.53942589,0.02724827,142.21627339,0.00059232,61562.24582969,3.96362652,30.545082375339934,0.005188550113070454,30.76517407,0.00028114,31.21383187,0.00020266,23.78454972,0.08005424,12,15,26.94703,23.9928437976,19.9658794076,0.1020106178,-0.8582545365,0.8514007166,0.3134639854,4.782662553173592e-08,3.864816761463148e-08,-4.1686704323859364e-10,-1.6912135264917614e-08,-1.1893678121864358e-08,4.933412141576194e-10,3.131616327439598e-08,-3.2586279902317354e-10,-1.3098164161014141e-08,-9.108500105617093e-09,4.03058872948919e-10,2.355256508972372e-11,2.6128867411453973e-10,2.0462152115902881e-10,-4.756962404330558e-12,1.186703059620376e-08,9.415489933036134e-09,-1.3070083104456388e-10,7.588290447887704e-09,-8.387421962921468e-11,1.661048293269516e-11,b'Scattering',b'',9.163627030806198,0.12716967948191096,8.77321874283489,0.10593301680655302,8.619468832953197,0.13924899917588912,8.287610560810743,0.1893501229302542,0.39040828797130345,0.1537499098816969,0.4856081820241502
b'2016 SS55',73.14828973,0.00677219,0.47605191,5.666e-05,28.49655707,6.051e-05,158.0095022,0.00382228,182.79574289,7.795e-05,45980.79480382,0.46754764,38.32590704944975,0.007642095617551286,43.52967759,0.00030986,43.8555687,0.00023682,22.96142921,0.03009856,21,30,33.64548,36.7928517405,23.8341267838,-1.2374843628,-0.3214772252,1.0717318096,-0.1018169541,6.79451793346367e-08,4.356770014409682e-08,-2.9216919355709706e-09,2.5605913632730958e-09,4.174879979710802e-09,-3.483058613824262e-10,2.7968532183383106e-08,-1.8755876832158877e-09,1.8135499996478212e-09,2.7888653726458964e-09,-2.3114262347008487e-10,1.3273171502123407e-10,-1.250769692634218e-10,-1.8943538513280694e-10,1.4144816474975403e-11,1.3984809963693831e-09,1.01954650142255e-09,-7.230879201511243e-11,8.297746096903883e-10,-6.065028384203431e-11,6.0748802911699595e-12,b'Detached',b'',7.300675645092015,0.055054782058097766,6.512554648750305,0.04246104425832188,6.2596665794944375,0.04542303343659324,6.135340271267298,0.07737138033082584,0.7881209963417121,0.25288806925586105,0.3772143774830051
b'2016 SU55',37.99405537,0.0011638,0.03295425,5.387e-05,27.79343386,0.00014572,181.57554107,0.12998866,61.41266759,0.00020471,23676.47170299,32.8383933,36.74198967628396,0.0021461392160008388,38.65136323,0.00031925,38.99540219,0.00024172,23.81943968,0.06246037,13,17,28.3971,32.4584759252,21.5370014016,-1.8017499636,-0.3546543287,0.6273114077,0.6838791838,7.065790972329868e-08,4.67996692139891e-08,-4.364623233289613e-09,-1.7152840704079545e-09,4.502520963271545e-10,1.41827754670438e-09,3.105749613068138e-08,-2.8754567232496665e-09,-8.026351190864694e-10,5.184465302702368e-10,9.247731539592149e-10,3.1207808898929385e-10,3.8665164703651194e-10,1.6468600176773413e-10,-1.0631502948137709e-10,5.6524888057710185e-09,3.826842591383675e-09,-2.887689613689801e-10,2.6407693041492173e-09,-1.6524333515897321e-10,4.895427315867947e-11,b'Classical',b'',8.487528544281103,0.10949644492023881,7.814747495906561,0.07432929319190988,7.666504570673803,0.08851205699765458,7.480873819164481,0.16009755880133242,0.6727810483745406,0.14824292523275304,0.33387367674207846
b'2016 SU56',59.46739772,0.0131855,0.35790241,0.00027363,19.16399056,0.00031722,346.81678027,0.06898742,77.32815022,0.00102179,64901.45306789,12.59962161,38.18387293701866,0.02460132983301141,39.76659928,0.00052603,40.13733426,0.00039983,23.8742255,0.07588032,9,12,31.43915,33.5570596915,21.9865255888,-1.23370935,-0.6537214224,0.7022429975,0.6200829859,1.925536934901556e-07,1.271439360792422e-07,-7.302612935572809e-09,-7.711775131901816e-08,-4.9255274301762966e-08,3.730234400902563e-09,8.422325685400845e-08,-4.79738201147516e-09,-5.300706948103037e-08,-3.416816598986778e-08,2.478157543086535e-09,4.516341828996349e-10,1.5708591490133615e-09,8.977737594874732e-10,-2.3411011456154674e-10,1.3255802016358653e-07,9.273212567018506e-08,-2.136686399699194e-09,6.514182426420068e-08,-1.4169461984785996e-09,1.590987616905713e-10,b'Detached',b'',8.39641657609542,0.17566680934870144,7.874707650381067,0.147510671033127,7.674194909723402,0.16291959760205899,7.823713716481363,0.2727889630983438,0.5217089257143525,0.2005127406576624,0.050993933899703414
b'2016 SU57',45.59092472,0.00198557,0.18737647,5.782e-05,23.3754108,0.00011816,141.08547565,0.00917594,186.84086609,0.00017669,41766.92362052,1.39109263,37.0482583036126,0.003959611977697215,40.81498303,0.0003133,41.22684612,0.0002308,23.33383728,0.0445936,21,34,65.78458,33.1422396939,24.4641216071,1.658777671,-0.4663535072,0.9125715145,-0.018677847,6.370215394146989e-08,4.67687218528416e-08,2.7494884035714583e-09,-4.577327011570129e-10,2.1914340367905073e-09,-5.354145091246587e-12,3.436595544744004e-08,2.0191103502729404e-09,-1.8018055672985788e-10,1.7222624044052096e-09,2.579428996457331e-12,1.3017741028181136e-10,-1.8087619057396164e-11,9.577489466346414e-11,-2.176597815976998e-12,2.040241723794553e-09,1.4974643486509142e-09,8.577744677935661e-11,1.208328595627714e-09,6.369455020878904e-11,9.35005752344978e-12,b'Classical',b'',7.9356966303956415,0.08524872174452335,7.173691814802696,0.0638935040025089,6.907835551158508,0.06786549592283095,6.612322556365731,0.07844811355569486,0.7620048155929421,0.26585626364418735,0.5613692584369648
b'2016 SV58',44.91233507,0.00183418,0.26706724,4.891e-05,13.59561137,1.529e-05,305.66067468,0.01177577,132.57609513,0.00050358,65138.9328127,1.68602045,32.91772184467571,0.003386273266564786,34.55634739,0.00020804,34.96130468,0.00015316,23.47332109,0.05414018,20,30,59.86156,28.0938289937,20.8088018454,0.1528505218,-0.8058185297,0.7834791223,0.3435280998,2.7848856532436126e-08,2.0725801109836025e-08,-2.2458705329231017e-11,-2.031909238867729e-10,1.2114855894772172e-09,3.0823539820251383e-10,1.5451977960777896e-08,-1.385014205544507e-11,4.430055339222884e-11,1.0462741639371655e-09,2.3035515894463207e-10,9.993323460090784e-12,4.314338567363628e-11,3.198719781552158e-11,-3.6673421546645636e-12,2.9243442689154625e-09,2.230048752251085e-09,1.1444492690862097e-11,1.776501309189212e-09,2.3913701586837785e-11,9.175201485211859e-12,b'Scattering',b'',8.75732195589971,0.0968410001507352,7.925980086483152,0.06256999122757394,7.669990245550403,0.06635726869821058,7.467541805140945,0.09539260448541531,0.8313418694165583,0.25598984093274835,0.4584382813422066
b'2016 SW105',36.38981909,0.00369824,0.19196014,0.00017491,30.38952537,0.00013247,71.57904789,0.05480611,18.1412839,0.00061159,84806.90010177,16.7009789,29.404424330303947,0.007597614161921789,41.73746069,0.00115875,41.01241442,0.00071713,23.78555988,0.06070877,8,19,42.95367,25.0001193222,-16.4445831676,-28.0461736251,0.6239905419,0.4831773394,0.4675354905,4.749641591122702e-07,-3.246596659840162e-07,-5.538904754844708e-07,3.132169886231202e-08,-5.108439861727302e-09,-1.2807911949001615e-08,2.2196490255874796e-07,3.786414474966565e-07,-2.0945003700838754e-08,3.172203081181954e-09,8.225597598742491e-09,6.460072849650307e-07,-3.5895076082987295e-08,5.535249794286199e-09,1.4204076558637737e-08,2.6592836876421003e-08,-1.6374216683726673e-08,-2.8284490044975793e-08,1.0577433278231204e-08,1.809863025325295e-08,3.1101490437606336e-08,b'Resonant 4:3',b'',8.305656443137382,0.0943513045471607,7.584270724707034,0.0672539747000383,7.3304216776694044,0.08196052527214878,6.822268359375732,0.1568315219947741,0.7213857184303454,0.2538490470376309,0.762002365331303
b'2016 SW57',46.29172801,0.00283342,0.17647512,0.00012083,13.53808738,6.991e-05,29.84875938,0.01232407,100.69078794,0.00059868,80850.25649309,3.87918574,38.122389638771956,0.007171073040094862,44.92276884,0.00057582,45.36905804,0.00041527,23.52061196,0.04980426,15,17,23.98547,35.2055137597,28.5479373271,1.9845662187,-0.673368247,0.5414547644,0.3769147456,2.0040006195728922e-07,1.6178388997512395e-07,1.0125343635753315e-08,4.75760149441581e-09,1.0164342276389153e-08,2.637967095295678e-09,1.307743771699819e-07,8.221735906048127e-09,4.800960807623881e-09,8.982677046723111e-09,2.1799802032888827e-09,5.553705786252545e-10,6.035252839088049e-10,8.08321265174015e-10,1.50400956453612e-10,7.606319266547353e-09,6.318999498218624e-09,4.537392218584428e-10,5.455344062195584e-09,4.512731416726746e-10,6.146959333471521e-11,b'Classical',b'',8.023456138668267,0.13272779455641365,6.955060760747864,0.07229419563861232,6.576337856033804,0.09133134171667566,6.49500042581454,0.13448850848890612,1.068395377920402,0.378722904714059,0.4600603349333267
b'2016 SX105',50.63243736,0.00218997,0.30580336,2.823e-05,36.06898955,0.00013135,313.03568283,0.0188801,73.91316123,0.00033038,59512.62346271,3.46548256,35.14886806488291,0.002895368222913619,35.11607671,0.00024365,35.31352015,0.00017027,23.27801247,0.06488235,10,11,17.66341,28.4889340911,17.1678095139,-11.8613513776,-0.2513747516,0.8603000955,0.8091776564,3.8115295898605626e-08,2.3319264468595458e-08,-1.632857940576141e-08,-2.1481391835018423e-09,-4.0935667602815634e-10,1.7224744357083577e-09,1.4335497871434569e-08,-1.0002651798771382e-08,-1.3071979111582536e-09,-2.846926437635213e-10,1.0582810835957492e-09,7.054822760965526e-09,8.469422929282966e-10,1.3429011093529501e-10,-7.435559152636974e-10,5.641032361927096e-09,3.650483175732695e-09,-2.1703539750385876e-09,2.4213893821174866e-09,-1.3869136912685137e-09,8.842712843255819e-10,b'Detached',b'',8.463697373396451,0.12253455353991201,7.792499740019268,0.2195432822484493,7.6249170050099,0.18716932459598143,7.32171406325198,0.2694922494042141,0.671197633377183,0.1675827350093679,0.47078567676728955
b'2016 SY105',45.58503169,0.01637547,0.25697325,0.00025673,26.39086496,0.00018598,262.07415188,0.04783042,65.19566805,0.00084407,61641.5471628,8.21559134,33.87089814087882,0.02375852988247281,35.27922867,0.0020936,34.45926601,0.00125788,23.97355027,0.09309712,9,9,25.30068,16.33366206,-19.9340090624,-22.8754842632,0.8847834901,0.798107742,0.0855042566,9.033549508188604e-07,-1.1635921044076104e-06,-1.3409038856471545e-06,-2.6336670648519173e-08,1.2001103682764926e-07,1.0446678687051949e-07,1.49956991433167e-06,1.727754721799862e-06,3.216835024899415e-08,-1.5310066731590988e-07,-1.3253692115692656e-07,1.991155251623631e-06,3.7719831481184944e-08,-1.7696056120686883e-07,-1.5363449611905541e-07,1.15416579148528e-08,-1.3959351090969068e-08,-1.6418565764262264e-08,2.6225372564972744e-08,2.6948274632647967e-08,2.8836390168805288e-08,b'Detached',b'',8.746584465590304,0.1046130695739889,8.468480865983752,0.10315208688194769,8.626335985538892,0.20482386960742702,8.0641082725579,0.22426183138835465,0.2781035996065489,-0.1578551195551415,0.40437259342584986
b'2016 SY55',39.35152438,0.00116015,0.18201143,5.943e-05,17.27339108,5.69e-06,334.92021341,0.0111413,116.864634,0.00038379,69811.81027501,1.22413865,32.18909711034407,0.00302295784658332,35.35403185,0.00018609,35.61234748,0.00014837,23.31732424,0.03878841,16,25,50.68775,31.1391347401,16.7496358642,-4.2477380901,-0.5930542468,0.8386010205,0.4006406814,2.660514332677283e-08,1.4123277769138705e-08,-3.86203357203797e-09,1.289006785390294e-09,1.882430044766356e-09,1.037057218880211e-10,7.524527576953328e-09,-2.0479238891702194e-09,8.952718071949873e-10,1.1145750508331367e-09,2.701228686641759e-11,5.725508407379951e-10,-1.3885875533841643e-10,-2.4536171137358395e-10,-2.595932352230082e-11,3.3892641998705008e-09,1.9918103069267518e-09,-4.4220120864454767e-10,1.2247962460956087e-09,-2.485032071583186e-10,6.510561945122795e-11,b'Resonant 3:2',b'',8.483458213361052,0.07723502933992665,7.841928780714111,0.065941394681114,7.613714641768601,0.0894808207886965,7.721901902211917,0.14983748149525927,0.6415294326469385,0.22821413894550727,0.12002687850219103
b'2016 SY56',42.80094914,0.00112243,0.11417935,3.844e-05,14.01497873,3.604e-05,336.40064335,0.02080298,104.34755879,0.00043129,68367.28429763,4.24735938,37.91396457177136,0.0022652393145134496,38.85172038,0.00023286,39.235173,0.00017272,23.45456574,0.04587187,17,36,79.18852,31.8612694068,22.8964236758,0.1099764347,-0.6229866207,0.7246159222,0.4222175662,3.563080165332346e-08,2.5733505679428435e-08,-6.374396672568936e-11,8.948854015140015e-10,1.9187214671146566e-09,4.575292300377887e-10,1.860586684190847e-08,-4.320997855135492e-11,7.612818542361683e-10,1.469350510565497e-09,3.309991060078207e-10,9.407166183556097e-12,3.9489755415444217e-11,2.68911102754718e-11,-1.6021267065564382e-12,1.6795598629087843e-09,1.2681515608749692e-09,1.8509083834437423e-11,1.0075886639113143e-09,2.981670661335689e-11,9.883558986435957e-12,b'Classical',b'',7.809885423523346,0.0709654851760981,7.360067936960968,0.07600421796407628,7.136098169654202,0.07003941479433418,6.934650662809679,0.13765183949779344,0.44981748656237486,0.22396976730676424,0.42541727415129177
b'2016 SZ105',42.88883871,0.02075206,0.03432261,0.00446719,2.93151182,0.00045822,295.71064401,2.40431128,135.63366533,0.00910845,76874.12086548,545.70778711,41.416781673847055,0.21138993939556813,42.5349712,0.00715225,42.39195504,0.00714271,23.50006851,0.07465077,10,10,14.398,42.3611797209,0.0326483616,-1.6146946977,-0.0186058444,0.9042154269,0.3540301265,5.109238048165793e-05,8.021031847100674e-07,-1.70426945634167e-06,-3.191944538653514e-05,-5.498158333935973e-07,1.0461818066510491e-06,1.2964019866181512e-08,-2.6701341075652306e-08,-5.081216947938419e-07,-9.070984835818839e-09,1.658720516891525e-08,5.710166966249768e-08,1.0620530303129317e-06,1.8227409686197957e-08,-3.498015376049261e-08,2.0297004382881162e-05,3.583815572579999e-07,-6.618972046801539e-07,6.642169973737598e-09,-1.1605583159109332e-08,2.171792696741211e-08,b'Classical',b'',8.207882228546163,0.3473420360659878,7.087324964785877,0.3145141837352265,6.784736629913608,0.4520112071848319,6.79498280551738,0.15520662108584882,1.120557263760291,0.3025883348722722,0.29234215926849577
b'2016 TA95',69.41193174,0.0032396,0.48306714,2.171e-05,25.45612882,2.145e-05,250.18525008,0.00566864,133.11835272,0.00019498,56631.46391356,1.00513287,35.88130834191195,0.0031782772453114194,35.63346179,0.00017677,35.91314247,0.00012897,23.09358453,0.04250744,14,22,32.56892,29.3947473809,19.0388368861,-7.9514349744,-0.5895163603,1.0930748312,0.299295053,2.1159130318922456e-08,1.3349991836666554e-08,-6.00748523131589e-09,-1.8710617546943733e-09,-2.148805433687173e-10,6.135084853402051e-10,8.443881175867602e-09,-3.7913864955505986e-09,-1.0955691553117652e-09,-7.871417513519955e-11,3.639069502509707e-10,1.7161806238011125e-09,5.385359522335655e-10,6.659872476299383e-11,-1.7918840562182897e-10,1.123330472566687e-09,6.996391709877664e-10,-3.201071155178305e-10,4.909452494798701e-10,-1.958175484300889e-10,9.537000569650911e-11,b'Resonant 7:2',b'',8.057688556489774,0.05490357243800569,7.515882827328221,0.044700069282414025,7.312024226608974,0.060371899942707995,7.083778354548842,0.11376597872601814,0.5418057291615532,0.2038586007192491,0.4321044727793793
b'2016 TL176',46.96563577,0.00800881,0.22423194,0.00018644,21.23827443,1.648e-05,233.65229478,0.0524335,102.16978784,0.00093418,50352.78892025,9.59586587,36.43444001528104,0.014531241302300251,37.58143539,0.00098461,37.6234558,0.0008363,24.40300517,0.1148185,7,9,20.84444,34.557673035,10.9078893771,-10.1148213104,-0.0874405416,1.0484113252,0.3909655517,8.144831836576937e-07,2.557114101789114e-07,-2.4852747579261046e-07,-3.983946732379417e-09,2.0627359459167338e-08,9.500663282711813e-09,8.03886055417881e-08,-7.803315452258075e-08,-1.7335952977632056e-09,6.2438964987869285e-09,3.1221727693141013e-09,7.593644565468353e-08,9.989653005149157e-10,-6.3720032923352106e-09,-2.886964397463582e-09,4.900078704266929e-08,1.84592277670342e-08,-1.3757741987243529e-08,7.59912685548391e-09,-4.9588263916064015e-09,3.9914553813389174e-09,b'Classical',b'',9.40474952372457,0.19687899150993726,8.807633035066013,0.17808082338069292,8.208809628900562,0.15829869141497285,8.36682466443793,0.2730485257184454,0.5971164886585576,0.5988234061654493,0.4408083706280831
b'2016 TM176',53.23880473,0.01498169,0.38966382,0.00026357,16.55703128,0.00017469,283.53545833,0.02998265,33.43059045,0.00033794,49806.54939685,3.35658323,32.49356868431338,0.02309449096269571,35.42767518,0.00054895,35.38667975,0.00053522,22.99807397,0.04809177,11,18,33.84188,34.9448345479,3.741479377,-4.1324295744,0.2386138116,0.9744349351,0.6965677512,2.93648919221276e-07,3.523213290327536e-08,-3.3323709962744104e-08,-5.852122351456047e-08,-4.502890010128151e-09,8.855960824682915e-09,4.404522739367391e-09,-3.8669419574951246e-09,-1.0311099111648332e-08,-1.1547284729012564e-09,1.2533671110759311e-09,3.943934438146091e-09,3.533659372739387e-09,-4.9406454621360165e-11,-8.45789779310371e-10,8.93176945122386e-08,1.4907612653322387e-08,-6.2640555051172e-09,2.6122998096306944e-09,-9.47701124546857e-10,5.431706582982219e-10,b'Detached',b'',7.996642209060566,0.09515453441590693,7.460691968075837,0.06669073195975886,7.1768624268431065,0.07258351631015006,6.9845758329941265,0.0939601469494682,0.535950240984729,0.28382954123273024,0.47611613508170597
b'2016 TS94',39.3299028,0.00115028,0.18168904,3.314e-05,36.67803247,4.811e-05,184.87854417,0.01198003,157.10203622,0.00014261,47829.15225515,1.69927472,32.18409063839323,0.0018664870584379626,34.03650101,0.00023119,34.33656627,0.00015427,22.98541299,0.03271637,15,28,58.85454,25.6408690209,20.4242685366,-10.2173809752,-0.5922508977,0.9719180082,-0.0449986602,3.060868681498678e-08,2.3278206255462676e-08,-1.2622175951817469e-08,-4.246069418575923e-09,-1.688541489771226e-09,1.477532896752614e-09,1.7716875401434827e-08,-9.601877533317777e-09,-3.175724989395181e-09,-1.2400802314914922e-09,1.101066019891713e-09,5.212361493485093e-09,1.7413505503085296e-09,6.883789302087062e-10,-6.072755386736515e-10,1.3395868170636447e-09,8.904220919071223e-10,-5.291319272861412e-10,6.720079236138025e-10,-3.659938205720597e-10,2.148863676544869e-10,b'Resonant 3:2',b'',8.2327920009779,0.07922810499391922,7.582103755045138,0.06661272118507838,7.425410227897109,0.06601360367402177,7.3399745086311174,0.10330180230044941,0.6506882459327584,0.15669352714803508,0.24212924641402156
b'2016 TT94',41.93663238,0.00123106,0.1670314,4.505e-05,31.69478728,9.68e-06,208.23627033,0.00503943,105.87113999,0.00014027,43467.41000251,0.66301993,34.93189781892256,0.002837558929828956,38.12187075,0.00014842,38.30142535,0.00010137,22.50235995,0.02116617,16,22,32.73939,30.1816992918,19.3868575137,-13.4243795792,-0.2489562231,0.9544126104,0.385557738,1.3740731134098368e-08,8.631971962368846e-09,-6.27415019645915e-09,1.1274414000407933e-09,1.3293590507419874e-09,-3.986887185522214e-10,5.431535449624591e-09,-3.942966477139544e-09,7.407912309973846e-10,8.551624534253267e-10,-2.6414453374664e-10,2.8715370151225115e-09,-5.12837558720979e-10,-6.050290012800899e-10,1.7872628400342162e-10,1.1037017811993104e-09,8.217925651913847e-10,-4.763700784850061e-10,6.333893480774403e-10,-3.517796775154111e-10,2.0818414955055434e-10,b'Classical',b'',7.217975294990259,0.05047160065378591,6.637780506799084,0.034658622205636896,6.483476256308348,0.039506834118883234,6.373569621089198,0.06823302304130903,0.5801947881911763,0.1543042504907326,0.26421088570988155
b'2016 TW94',42.71655432,0.002853,0.06735657,0.00050437,28.88793466,6.381e-05,188.36767028,0.14880139,134.12291457,0.00095523,38715.79447043,26.41620684,39.83931361616135,0.023552003049023808,41.35404052,0.0004831,41.71273138,0.00032473,23.87650326,0.07837317,8,10,21.20866,30.1735649522,27.0011231817,-10.0223392635,-0.5418592204,0.7884204585,0.2339262658,1.239700093768125e-07,1.082226590691637e-07,-4.292073194242117e-08,-3.323075159642118e-08,-2.4633076764243167e-08,1.1965623074420323e-08,9.479650015057096e-08,-3.745944985060546e-08,-2.345388576011043e-08,-1.664061524259931e-08,8.537701601681489e-09,1.4916871634775036e-08,1.2071387769677353e-08,9.031775831004456e-09,-4.357031416770882e-09,1.402963654097552e-07,1.222748443758878e-07,-4.8443504532864034e-08,1.0680802497384911e-07,-4.221581851275093e-08,1.6779119989494743e-08,b'Classical insecure',b'ins',8.55499820321644,0.1605371985399441,7.588572234304033,0.0946101903346256,7.617336085371482,0.15275201420208373,7.121995838987123,0.17365280822194026,0.9664259689124081,-0.028763851067450084,0.4665763953169112
b'2016 TY94',48.85347316,0.00117068,0.24571734,1.567e-05,25.66866736,6.42e-06,279.10693239,0.01409634,108.72477221,0.00017566,58381.88774163,2.85284024,36.84932782149655,0.0016406326633254303,36.67320358,0.00014932,36.87576183,0.00010948,22.897193,0.03347212,21,28,45.00305,30.5208491582,18.4575775751,-9.3604170496,-0.4584785503,0.9540902848,0.462933104,1.5397704031995818e-08,9.041830912603412e-09,-4.944318340332923e-09,-9.53474200972658e-10,1.3656404718406694e-12,4.466501451711392e-10,5.330172007605079e-09,-2.900554846223818e-09,-3.8585751880810503e-10,1.119006065262268e-10,2.0827638459953858e-10,1.593328664695385e-09,3.491604566361121e-10,2.675191387573104e-11,-1.5644053412628e-10,2.1138407029759064e-09,1.3040555932693362e-09,-6.641351816696813e-10,8.30768057404837e-10,-4.043329830916352e-10,2.1247350809043697e-10,b'Detached',b'',8.047000235249124,0.060185039492156284,7.1251048006205355,0.039288304827828816,6.799283364735901,0.06499069774546813,6.525836549349529,0.05018993473010508,0.92189543462859,0.325821435884633,0.599268251271004
b'2016 TZ94',44.23893288,0.00745605,0.16201642,0.00031195,24.16081099,3.083e-05,179.26606266,0.01670493,121.50257682,0.00081231,37186.18844026,8.26479729,37.07149912886284,0.019843856445005588,42.3484606,0.00067222,42.59633595,0.00048811,23.54181297,0.07130874,8,11,24.65087,34.8606102411,22.7307349043,-9.0829169693,-0.31559059,0.8858419756,0.2795629658,2.977737360438903e-07,1.988141567280438e-07,-7.982832626845203e-08,8.40834670425914e-08,6.834247005444352e-08,-2.0535171060316875e-08,1.328824297476887e-07,-5.3290305785346334e-08,5.775751817329244e-08,4.671179289930242e-08,-1.4144152284395029e-08,2.144243111311542e-08,-2.2267432464769452e-08,-1.8137408624026262e-08,5.42781935775785e-09,5.320443515792552e-08,3.9055792568305806e-08,-1.369979555971339e-08,2.8972095579000654e-08,-1.0016367780858298e-08,3.5623955833186604e-09,b'Classical',b'',8.199375974299338,0.16616661657857942,7.226858687550118,0.08356037854664171,6.952672407007098,0.09568955823051757,6.853247077940489,0.17270012772274582,0.9725172867492198,0.27418628054302296,0.3736116096096287
b'2016 UL273',41.57894273,0.00295268,0.11758504,7.334e-05,24.83340812,0.00025301,354.10586601,0.05795182,53.11574322,0.00026358,61375.01645513,12.19590164,36.689881112784064,0.005519396745182178,36.54717912,0.00047259,36.89335916,0.0003656,23.62190727,0.07889521,7,9,13.929,31.2627526147,19.5354109813,1.4587551658,-0.4800056892,0.6432104958,0.7403263976,1.623734420916089e-07,9.936935314730563e-08,5.7889659574551775e-09,-1.5950777991471457e-08,-4.313707667288534e-09,3.6076610296746456e-09,6.088838143557065e-08,3.5647471564770356e-09,-9.20920200733132e-09,-2.3268328899411107e-09,2.2235864450052463e-09,2.5861904941375796e-10,-1.43332313810948e-10,1.0278906895146732e-10,1.250716933480605e-10,1.2515950675969381e-08,7.0204918834086915e-09,-4.801233647924841e-11,4.126063444846318e-09,8.901376934329731e-11,1.1625512130902053e-10,b'Classical',b'',8.911003658536758,0.20639729469979082,7.906835622659235,0.09034917412917472,7.720156207471087,0.10600599109978887,7.78860541116225,0.1415566903909267,1.0041680358775245,0.186679415188147,0.1182302114969841
b'2016 UO273',47.90305269,0.00436384,0.20272307,0.00018596,16.07170187,0.00022478,258.73152496,0.03934125,68.93791382,0.0006565,43160.3907745,5.93016944,38.19199880381304,0.011363496694861256,41.4752413,0.00083343,41.84491309,0.00064691,23.82197621,0.08336342,9,12,27.78147,35.669272243,21.8383267984,1.3368813101,-0.3224676616,0.8085165945,0.5535900049,5.047314642170681e-07,3.095926542011197e-07,1.5907642614241997e-08,-7.944784911116286e-08,-3.643962175425486e-08,4.385988607959913e-09,1.899995393036038e-07,9.776280507294914e-09,-4.792934013620122e-08,-2.1855305893630897e-08,2.730870108474478e-09,5.630186679692554e-10,-2.04354595943539e-09,-8.495774806211202e-10,1.426201068974944e-10,3.3085083474409586e-08,1.9099580547257678e-08,3.5281030681574965e-10,1.134356033168449e-08,3.614098661465184e-10,1.1595967886472354e-10,b'Resonant 2:1',b'',8.523123413066974,0.15141941813738133,7.729004977668561,0.11869038705925168,7.107240147683738,0.1135730551687972,6.916452625028976,0.13584404767252403,0.794118435398414,0.6217648299848214,0.8125523526395829
b'2016 UP273',83.05236845,0.01656713,0.61925479,7.055e-05,14.03301685,0.00011423,325.77605399,0.00872655,78.33241344,0.00052418,59812.82223957,1.1963105,31.621791187403158,0.012150965687772007,31.75338431,0.00046922,32.15411799,0.00037138,23.96974696,0.09608782,7,9,19.9262,27.8696304755,16.0330828342,0.3335502429,-0.750909132,0.9734060033,0.6866071577,1.6513534598469873e-07,9.586378632456914e-08,1.1229198881196266e-09,-1.876350444194445e-09,7.562754456269053e-09,4.293517206143768e-09,5.57569789206011e-08,6.676294555008223e-10,-6.973110600621523e-10,4.6186713159927564e-09,2.5098368625641294e-09,7.117011816651013e-11,1.707204051595311e-10,1.7105980935330948e-10,1.584246159124547e-11,4.6297853591116535e-09,2.9162763349080453e-09,1.5426231940349541e-10,2.325672123220391e-09,3.2918668049868623e-10,1.380368212564542e-10,b'Scattering',b'',9.749992912881693,0.1428296161040793,8.928910632602493,0.1215710626134885,8.554655248975566,0.12307265754018257,8.442815782944335,0.182066606888209,0.8210822802792018,0.3742553836269256,0.4860948496581578
b'2016 UQ273',43.52778376,0.00262528,0.15085524,0.00023769,28.70624419,0.0001931,265.50296853,0.06122163,52.06540549,0.00027207,44441.56786931,9.71415628,36.96138969930083,0.01219906171226238,39.22303962,0.00077097,39.41330437,0.00064222,22.96130378,0.03831287,10,15,17.15388,35.6544287254,15.9501997675,-5.2689089265,-0.0912274677,0.7496053577,0.7263143726,4.835801511505943e-07,2.2079041750821557e-07,-7.022598556860137e-08,-1.5611333031476355e-07,-7.042911427718279e-08,2.3955389311676113e-08,1.0088049400617061e-07,-3.204751800070051e-08,-7.181627023083337e-08,-3.2460058008195e-08,1.0988692805175811e-08,1.0252879146367992e-08,2.226503449349761e-08,1.0019202862881293e-08,-3.4621762980443566e-09,6.216636302825516e-08,2.882253242316578e-08,-8.824238771424192e-09,1.3423655517015755e-08,-4.053877239827753e-09,1.3034040544294683e-09,b'Classical',b'',7.458756964553208,0.06399393234672529,6.959558935090305,0.04784672095196621,6.820214808170677,0.0681303618382483,7.085960919129759,0.20483643393865758,0.4991980294628986,0.1393441269196308,-0.12640198403945388
b'2016 WB75',45.60047958,0.00508053,0.18604016,0.00021167,20.60209062,0.00013583,215.87673933,0.10706409,129.38619865,0.00113232,50434.94822814,20.96416786,37.116959254727746,0.012665689686819285,37.90673269,0.00120624,38.05054199,0.00100402,23.78035208,0.09070717,7,9,24.50306,34.4925048873,14.2722228018,-7.3766190686,-0.2682635418,1.035063393,0.2599254662,1.1881059516048463e-06,4.992329995310712e-07,-2.622197050554442e-07,-2.8109338626947934e-07,-1.0684985353631824e-07,6.356088487101912e-08,2.1025713469986593e-07,-1.1015783196725813e-07,-1.2160305947362703e-07,-4.6774254590498624e-08,2.7440235717969907e-08,5.8095666395901974e-08,6.139177858534773e-08,2.3266070599031455e-08,-1.3998531024345755e-08,1.1751857586617468e-07,5.096602868551379e-08,-2.560635149920255e-08,2.261237598424688e-08,-1.1043110576936301e-08,5.650092026955403e-09,b'Classical',b'',8.507507615870447,0.16018238520501965,7.958913719161396,0.1386366242302875,8.075424647639514,0.2315610109367722,7.625749986521052,0.18621094584497977,0.548593896709053,-0.11651092847811952,0.3331637326403416
b'2016 XO34',46.44516578,0.00280491,0.11670732,4.991e-05,34.3415632,0.0002446,209.2216571,0.07710025,173.02570132,0.00036249,55311.71792064,19.36075496,41.02467517829996,0.004677313397590134,40.78343293,0.00050037,41.06889337,0.00038427,23.97594346,0.08770808,8,10,24.56218,34.8652687664,20.7516525992,-6.358926896,-0.5298128006,0.8811696607,-0.1295469909,1.829737924726978e-07,1.0567463318336861e-07,-3.519709698682622e-08,-1.4785857157547185e-08,-2.8194680950998447e-09,1.7784350562465789e-09,6.12151057332101e-08,-2.0341879437505112e-08,-8.015891158867993e-09,-1.3561025253234285e-09,9.232491379659532e-10,6.900075495728698e-09,2.8231364802097886e-09,5.341594886188253e-10,-3.911357132185836e-10,1.5298314188933822e-08,9.382054035901668e-09,-3.089701833978268e-09,6.024520896536667e-09,-1.9429396720021554e-09,6.629723908953936e-10,b'Classical',b'',8.409089945152788,0.18860182098279205,7.778947506220833,0.10918794851412127,7.505826038399116,0.12006097566735334,7.097088912974803,0.1628378568144491,0.6301424389319575,0.2731214678217168,0.6818585932460277
b'2017 QQ131',43.36145218,0.00650928,0.0764848,0.00022874,3.3883751,0.00025579,17.33816909,0.05168907,60.1794858,0.0045527,74161.18833364,11.29612955,40.044960351436465,0.015427614846937108,41.70891182,0.00123469,41.79409637,0.00118501,24.30518784,0.1161067,7,9,19.25231,40.865998731,8.5900562976,1.7110148083,-0.2659895864,0.857438076,0.4172079458,1.466115555447335e-06,2.9459154292724906e-07,5.344818933850537e-08,-1.833993927297849e-07,-4.8645887781971805e-09,8.272469898660873e-09,5.940703196385167e-08,1.0776217082641145e-08,-3.5626070238476257e-08,-7.681484471342585e-10,1.7174531307322713e-09,2.0986614112894953e-09,-6.1078629075787174e-09,-5.0260205878079225e-11,2.689728275190567e-10,4.264187635206588e-08,4.946196771938472e-09,-1.4321632090852793e-10,1.0136979128938166e-09,1.6910602807116424e-10,1.28101554771367e-10,b'Classical',b'',8.914903625843158,0.22335571935945098,7.959273743609051,0.13115161674541564,7.689619661529067,0.15557536914793307,7.265110363784659,0.15800679550760477,0.9556298822341037,0.2696540820799871,0.6941633798243937
b'2017 QU131',50.19667058,0.00543264,0.26586315,0.00011198,23.09296476,0.00024594,161.27787683,0.02260792,172.75193352,0.00029491,48588.15790339,3.88051888,36.85122548738731,0.009335537066245281,38.82063645,0.00055602,38.95574313,0.00051115,24.13922464,0.10732801,7,9,21.87219,37.2793190803,11.1691108564,-1.7473563582,-0.1584005791,1.102983625,0.0176993263,2.829553932829232e-07,8.553467406818819e-08,-1.416107292258404e-08,3.2968490946409764e-09,1.0222855921917729e-08,-3.2523645116163983e-11,2.611494723620453e-08,-4.275759002310611e-09,2.528969156889454e-09,3.5497781819609068e-09,-8.934540277487819e-11,8.076669788643183e-10,-1.0221019672344072e-10,-4.912624746596718e-10,-3.083831739278912e-11,1.539113490479659e-08,5.024787349541487e-09,-8.0000434326883e-10,1.9656222679317156e-09,-2.570619922671838e-10,6.826849865323544e-11,b'Detached',b'',8.768096344223823,0.17365068328513086,8.261489470161974,0.14143113304525046,7.9419905956621495,0.18099495037221822,7.9745892447605,0.21784178297887016,0.5066068740618497,0.3194988744998308,0.28690022540147486
b'2017 RY137',45.87278343,0.01246513,0.16453676,0.00025261,33.27860319,7.686e-05,323.92338918,0.06986992,21.27247787,0.00097196,68626.16971783,13.8884118,38.3250242538341,0.020873228198834137,41.03983677,0.0021828,40.26179851,0.00151176,24.11014208,0.10702865,7,9,41.30169,15.5540337717,-18.6963985325,-32.0862764215,0.8946080935,0.4467237772,0.3194187903,6.397671434319339e-07,-8.127182338424848e-07,-1.4075514227319318e-06,1.856261142182712e-08,3.5278773920696536e-08,5.4420709477142485e-08,1.032730346456899e-06,1.7883879035642082e-06,-2.3705631740048724e-08,-4.481303323572449e-08,-6.903821491403273e-08,3.0974430645006356e-06,-4.120392447573132e-08,-7.736723397317984e-08,-1.1934442391378059e-07,1.1398297093106787e-08,-1.048859578826835e-08,-1.8492498800202254e-08,1.4240546465182195e-08,2.436993215033426e-08,4.1923634815586804e-08,b'Classical',b'',8.812766575401737,0.19570801186247871,7.919945325378732,0.1880304348528676,7.720756510988503,0.17328172384448606,8.139190599346636,0.34486150667125043,0.892821250023004,0.19918881439022945,-0.21924527396790292
b'2017 RZ137',45.95899324,0.01297437,0.21047242,0.00068587,16.89507099,4.518e-05,228.86976775,0.26359474,114.63215086,0.00204949,50697.89505935,48.34584198,36.285892798876134,0.04170759138728574,37.07016768,0.00275585,37.30775557,0.00232701,23.53883393,0.08594732,7,8,28.04768,34.3970506066,13.1482300837,-5.9862827201,-0.2170478551,1.0388689248,0.364217217,6.182555236235632e-06,2.77939203017166e-06,-1.0037754489615091e-06,-2.506217585279651e-06,-1.1316670629543506e-06,4.0513582645805296e-07,1.2502470516575695e-06,-4.5124185022398653e-07,-1.128193248860207e-06,-5.097354734741794e-07,1.823659252186191e-07,1.6352497190277084e-07,4.0635195565776844e-07,1.834762040968643e-07,-6.590177927167937e-08,1.0336238388159905e-06,4.6749387616916205e-07,-1.6681465832085095e-07,2.1156971512941375e-07,-7.54419677292479e-08,2.700765263073246e-08,b'Classical',b'',8.407788570648725,0.46630503005944013,7.661738457939846,0.42719481274812254,7.305396084124483,0.20707919626860272,8.160527603980183,0.7758513231742965,0.7460501127088787,0.35634237381536193,-0.4987891460403367
b'2017 SE277',88.29897818,0.05604089,0.54760598,0.00027389,30.62659294,0.00013725,326.03865293,0.01826975,0.44964727,0.0004381,62846.62330053,3.46287529,39.94592929856475,0.04946784410427408,42.21976463,0.00220818,41.41653331,0.00134746,23.95917646,0.08325379,7,8,8.93335,21.0438337668,-20.8664490791,-28.932293288,0.9308824658,0.4555686821,0.6221954588,1.1622394166223144e-06,-1.2174293465488627e-06,-1.6844673066546429e-06,2.783078664687335e-08,5.0036749885883506e-08,7.268001850108594e-08,1.2756970296245526e-06,1.7649765886010118e-06,-2.792318864915926e-08,-5.3738110129753433e-08,-7.792753939516299e-08,2.4421813145011833e-06,-3.856299375734735e-08,-7.43876336620817e-08,-1.0795385000884284e-07,6.703456362493934e-09,-4.956333858060876e-09,-6.78490689268635e-09,8.48527272626701e-09,1.1863560177039451e-08,1.666988063115388e-08,b'Detached',b'',8.508964759847702,0.14219001591037325,7.782557402043382,0.1239334552839063,7.631595464008965,0.16947647827073378,7.00492600484556,0.17260745110469916,0.7264073578043224,0.15096193803441754,0.777631397197821
b'2017 SE279',143.91656623,0.21729705,0.74182584,0.00040302,11.93682828,0.0001027,137.08138073,0.03100243,220.76693931,0.00143749,63170.3338789,4.66349273,37.15553787855687,0.11402464635837625,40.29596897,0.00244497,39.68961468,0.00181855,23.69794023,0.09227626,8,11,37.15145,32.3904212614,-22.9006605946,-1.2984100367,0.4669206188,1.1689102007,0.3645729792,3.946081640495896e-06,-2.8362852883648563e-06,-1.5095055468185484e-07,-3.300228372847937e-07,3.544124372953272e-07,3.832153005983107e-08,2.039531708750392e-06,1.0865428854658679e-07,2.3029861696747672e-07,-2.508291039170733e-07,-2.749052576473603e-08,5.96495974655884e-09,1.1096592747338082e-08,-1.2671142876158321e-08,-1.5270095826268879e-09,9.62856200851722e-08,-6.95486336507837e-08,-3.750722163644323e-09,5.5078885804860116e-08,3.7596109728076445e-09,4.1869364834712507e-10,b'Detached',b'',8.872796728749003,0.2515988719479244,7.6871451995701126,0.1380135898207784,7.434109898280797,0.13537992527239945,7.247933727840136,0.18525684324801972,1.1856515291788925,0.25303530128931584,0.43921147172997865
b'C/2014 UN271',18865.84168691,352.2404783,0.99941967,1.084e-05,95.46698564,2.61e-05,326.28351946,0.00040046,190.00338314,2.775e-05,62887.5418855,0.03427171,10.948350531363463,0.408846876819752,27.52931072,6.294e-05,27.47633073,4.067e-05,22.4132074,0.01500103,21,32,70.26552,19.6031489827,9.0936497401,-16.9697034445,-1.6651296438,-0.3184464168,0.0349005922,1.9674919170697963e-09,8.92174638406562e-10,-1.7689538702650304e-09,-2.433841630626541e-10,-7.301877195105418e-11,7.636491172006037e-11,4.069927192371703e-10,-8.031915876753278e-10,-1.0798267901018986e-10,-3.270370737103664e-11,3.220215878871054e-11,1.5947199587897257e-09,2.1145009923840205e-10,6.21706906501698e-11,-6.150723052722429e-11,9.167536309585914e-11,4.0118327618426104e-11,-7.845412370499583e-11,1.8966535227326377e-11,-3.789099588331673e-11,8.120670516430733e-11,b'Oort cloud',b'nc',8.716517243325162,0.058050855399546554,8.159482844562879,0.05961548013889755,8.079060009516427,0.07150521810464174,7.841852207136482,0.08113753843017672,0.5570343987622799,0.08042283504645377,0.3176306374264016
